date,0,1,2,3,4,5,6,7,8,9,10,11,12,13,14,15,16,17,18,19,20,21,22,23,24,25,26,27,28,29,30,31,32,33,34,35,36,37,38,39,40,41,42,43,44,45,46,47,48,49
2015-12-30,-0.37354016831856746,0.285637039981429,0.27957265728487807,-0.061202476331950924,0.18299611637066954,0.024441407762460746,0.014208979177874673,-0.09125593421512701,0.0951679165352219,0.016155490943456096,-0.09431823916129158,-0.016362976311566205,-0.08152269223464696,0.08916041055471759,-0.06747680445501067,-0.008800289566374254,-0.03329227881305526,-0.021572523794752076,0.013446589144207514,0.10144233280228984,-0.17319820198918232,0.005352906405399261,-0.06786387447496435,0.0529121725339231,0.09951661026192399,-0.13207162457724453,0.0924964856247272,-0.031095675386950204,0.017023192487342603,-0.03644668970315741,-0.04767592157982959,0.0018894173753930621,0.03872208926641481,0.03699511282279482,-0.0278837325371145,0.14223471327789292,0.04844985804267069,-0.02040847662686206,0.023766681926798944,0.05069597407586258,0.05561353501595221,0.10989429714641838,-0.07793895154036183,0.005840266112005963,-0.05282436715621155,0.00630644752899607,-0.009204026975999697,0.007867781752824784,0.03185820832945638,-0.06949023202937733
2016-05-31,-0.3825296065827484,0.29413874391328587,0.23382276841917424,-0.08610112328348554,0.13677536026863146,-0.03329727468692075,-0.0182179823304958,-0.009716380478170273,0.3481481945289771,-0.0014749764629228847,-0.06384057059622134,-0.0788031224940616,-0.03873388525589945,0.052795603568836245,0.007480724142873878,0.10384050712749032,-0.003941380836264634,0.01942936399744482,-0.007996530138956348,-0.10681541912662018,-0.06340180483015549,0.0293742034665817,0.019505376869940846,-0.06811454106100848,0.09178264502141459,-0.029194703416431107,-0.049178281206843096,-0.007884758523799001,-0.026764720324268035,0.20537806900637215,-0.0784943766433532,-0.033635456502203315,0.059995295174299614,-0.0655725119221742,-0.0008821075043347965,-0.034639627687631916,-0.027889911931534436,-0.05356891107502377,0.014517268497168554,-0.002555920779809563,0.023030797922604238,0.11862711658693909,-0.05942336988005916,0.049482127479827484,0.038821302944841256,0.15244274714317754,0.0698266855646347,-0.044404062511619165,0.041930461918845335,-0.021347624430636106
2018-03-13,-0.3329751471773133,0.2150252710534826,0.27158256572322415,-0.13274302076759353,0.204099647908267,-0.016599535266261088,0.0925315581889333,-0.01760372028181329,0.16887976963830628,-0.06527692560444837,-0.1091680732329096,-0.0745393207049468,-0.07483981906085667,0.03762350602427948,-0.17482029002766378,0.09736168977795984,0.12535835323255348,-0.055968153669251855,-0.052744772970801566,0.028966330264772463,0.16121841124292008,-0.10236423402845135,-0.10795994062753592,0.03218330916999034,0.0038248087805301976,0.10177506230208104,-0.03433038203842039,-0.06681954270847093,-0.14552278189107798,-0.022734971841850377,0.013374341217140472,-0.02376566672751542,-0.027837515129507634,-0.012300687383887744,-0.08141229041304404,0.03257349351950176,0.06971192665592792,0.03858583468663571,0.03912949668811703,0.009164505751713951,-0.11176363014101633,0.15307833112449873,-0.10209346354956052,-0.1483543173871104,0.050265078303657194,0.05291631968625363,-0.11517138505975959,0.08040961449746645,-0.0827721016152639,0.10095097069607718
2018-10-18,-0.3650717561845172,0.31243811416860795,0.31943377978217896,-0.14548425024693853,0.16769451050274822,-0.06171171263304163,0.09648909964447543,-0.04243143792964701,0.2621533444470515,-0.07805617489877967,-0.18198453036797096,-0.10682320054379685,-0.08630106618184215,0.09740091917193837,-0.09926347665571562,0.10866593348055624,0.05403065872192754,-0.00020287102199068323,-0.07717287464228238,-0.030187415358127117,0.13873679697225966,-0.08869102465202895,-0.04350085278912641,0.08711511487089373,-0.00029101307020449224,0.08129594572054508,-0.018084806927747398,0.03595545325418675,-0.06928407982872123,0.06124810237415679,-0.06999697058091867,-0.09686565395234012,-0.00525928757921428,-0.034010987723139,-0.04017512787464312,0.012291016435935186,0.0020306968331011777,0.019276335386437176,-0.010632487132153331,0.019771684347457425,-0.04765465330647369,0.08472373202458776,0.002894466121885092,-0.031240229951593684,0.05578326193171524,0.058975616070382667,-0.019309683989595827,0.014825781814815182,-0.022248010681346426,0.03957534121329228
2018-12-20,-0.34195612416816684,0.2349835043197599,0.23691104713068573,-0.10162248565193838,0.10645781358211288,-0.059124287546199736,0.019678037831337387,-0.09066176641507503,0.2678429302731707,-0.0006423343895227325,-0.1438903020790788,-0.10442202517733126,-0.13015319889858173,0.08967566230726155,0.05564237548792476,0.03832166301914422,-0.05567310333417665,-0.03060822051864779,0.028723536770596185,0.053102452762672545,-0.119959362466153,-0.010490515013760872,-0.0017936734579836243,0.026123349710118506,0.06937067756605833,-0.03296319237786095,0.03249660173464434,0.04709691534956011,0.06896424095912904,0.09759207006411084,0.01986665068847583,0.047696489526215906,0.09415071550412828,-0.0026685172499446076,-0.052197454108912925,0.045332889136948155,0.08224739398764722,0.01995099757515122,-0.07840651605731071,-0.026143445582349014,0.10114514283000614,0.04088988442992178,0.04235178174818363,-0.04770031894309821,0.02480944474303759,-0.039248705680171456,-0.028697523082070745,-0.01260262388966803,0.06571609287263265,-0.021800800291686063
2019-12-01,-0.3703389244557144,0.2616045509027318,0.30433400017477974,-0.1330248677965088,0.12614387875943558,-0.1258922030381097,0.04047502613594142,-0.02963295514879839,0.1828875590261401,-0.0889373184222606,-0.18247907203192928,-0.04359759656405391,-0.20172053876605883,0.07000826465969466,-0.10654766533321848,0.018908740727378498,-0.01375680834361377,0.051038970348986364,-0.11679034081555682,0.035078841488052695,0.12553878752234207,-0.06419029647593065,-0.025273296169765775,0.053509352689093286,-0.10361989483711277,-0.07965403315384142,0.03432008440680692,0.016970215462020426,0.08473293105674036,-0.04633002531016711,0.10066731947828673,0.06049873014858727,-0.10952935571529046,-0.02959363439751853,0.020143588909671467,-0.030641871352643398,0.02449841948483644,-0.08422038138046264,-0.0029475424130135184,-0.022278165384178133,-0.05363867847236175,-0.06965802459815208,0.06900668397533849,-0.08674664133190296,-0.009202990751194828,0.09230833020688274,-0.022914840907125512,0.03414974070392066,0.014282339744990083,-0.027234379971948264
2020-08-14,-0.22091763127918987,-0.09547150360652101,0.1700911291203574,-0.15995780923654782,0.02601415048585371,0.04513448574724396,0.044523525724739554,-0.09746936283408258,-0.13418282698311101,0.05368842481721817,0.053336617252213996,-0.05641289455180868,-0.0692143237875413,-0.16788570976027178,0.01606630872444896,0.05385984948909702,0.14076064560774232,0.02993107459556082,0.12520175731972072,0.17655769391991025,-0.026459556833397315,0.19460597869033686,0.06428524733431298,-0.0281832681353565,0.21629441821221587,-0.006365204205221219,-0.20428577214655877,-0.00664227713786564,0.03973268235442112,-0.10697638078443884,0.09827571937153778,-0.11118840599788689,-0.02851177371540254,0.06737977779423593,0.05744737476423103,-0.019652010250137564,-0.13165234276181825,-0.25640354189892,-0.2753062144594899,-0.020576165280490666,-0.06418089162524543,0.29010238904645774,-0.019163041000177457,0.15822824810925282,0.03568260759436525,-0.006216102343473199,-0.11891536454835461,0.027898424682358938,-0.1281013208816626,0.09451380460498784
2021-12-13,-0.3582479871384643,0.2942425264752907,0.21607313252467417,-0.09204959982790006,0.12174055395159734,-0.11294457074658255,0.046986987248801286,-0.07266341364936288,0.2528289657332064,-0.03585344791082454,-0.16413219528265263,-0.07584456529213308,-0.1369327043096073,0.025173514843674548,-0.04174430844887657,0.05209629310815327,-0.07753972937673988,0.06006722256703737,-0.07632834322627459,-0.010485125459876149,0.023417295734275454,0.020374112649218262,0.023335576181812017,-0.026369112593060035,-0.011591268321160203,-0.006343117368462642,0.009325094463098881,0.04310537000120446,0.029431135486868428,0.010391057017434382,0.0480835979940606,0.10153954013391672,-0.001107793065455281,-0.0472410657054376,0.04749179215798641,-0.050741019159909855,0.042841428351353586,0.03511552196685849,-0.016527605018356154,-0.03416177006760256,0.015699721187754985,-0.04127003950934974,0.08872141394260769,0.004320747026652783,0.027319125447976215,0.005497437314322845,-0.003325473372674561,-0.009063744484864394,-0.023609083035469724,-0.029653471766813592
2022-09-15,-0.2687083094777042,0.09550977415648583,0.3081945116722596,-0.26727755275291326,0.051146622055273316,0.002878258928738978,-0.12771282391657876,-0.17779549971001163,-0.2023836530720289,0.003783407624974127,-0.011978484847875314,0.016248398063689353,-0.12841002352339606,-0.15711388706266488,-0.0040109114782215256,0.003659927407806142,0.07207647203284698,0.06753633687605108,-0.028593235455527208,0.013146568067805755,-0.21798949091904501,0.2605658452107741,0.10926027285717346,0.013680638212834538,0.2797580401500408,-0.12630013297779952,-0.06325605729874066,-0.1315867177096429,0.21387808579526044,-0.0807347637816523,-0.05972795652650037,-0.04449748266172765,-0.008998809963457581,0.008204645968803359,-0.024975508512455863,0.014481975167855026,-0.006745677399201354,-0.02937519975580343,0.16862124591125932,-0.03641049911669926,-0.08153023792130712,-0.10203014042053879,-0.019563075990696045,0.09967168132054757,-0.09455945141612991,0.05732856799463073,0.07515214130763315,0.008535099223868638,0.0804834813155916,0.049492071566497035
2022-11-15,-0.2860118214382488,-0.07303526339800671,0.26667906284361376,-0.1540374450476501,0.1744869544123652,-0.014492288546742066,-0.08116404742696545,-0.018637955098815558,0.08079243305768978,-0.05048558572570746,-0.11918277531589429,-0.09094572872426698,0.003039016830625134,-0.1453880072308414,-0.03184481388121974,0.1301674749145065,0.26497376387822646,0.031140670598793888,0.014126365829168095,0.01998539323186664,0.05831297277663911,0.15182568888365802,0.09209909389586786,0.18211475679877004,0.03253987247787035,0.18786300098578917,-0.1648703933375411,0.04141747573768384,0.021319707767635653,0.2462772693359714,-0.052937235906933854,0.066233211523663,0.15826432917262245,0.10763434290918172,0.024471454155282353,-0.005119058929032888,-0.20180434247960172,0.2307944755594476,-0.07098294740240928,-0.0064813580078100196,0.09113204105837498,-0.020372970904209926,-0.06020038468490856,-0.049268762461014734,0.03205295266393524,-0.1641368129662916,0.00762176287406033,0.17357240754282532,0.03043046788250298,0.16481400169051727
2023-01-01,-0.050555096131041505,0.3087862250117447,-0.02810773031729182,0.058887544225326306,0.07766328547505175,0.07170255936698669,0.1046310405794777,-0.025180775834248954,0.061257356901562345,0.05012817624576179,-0.046365122989690186,0.0886552443557933,-0.008052971803015913,0.04376861478897033,0.020255609272437757,0.008799902830468118,-0.03914778812683499,0.018601661253457368,0.050672051453821726,-0.16664584948769764,0.004814159222134449,0.07903907557818042,0.005104442961786958,-0.08932473237332397,0.055674491423839845,0.0037207935572404582,0.0881109693515287,-0.005406812904279701,0.012750430107212421,0.05836974912211379,-0.06533499306312805,0.018466813132706802,-0.017814550368667813,0.008771210471838691,0.03451027208390058,0.018945297428736487,0.011178287417453024,0.0026405391749399947,0.016538444727790112,0.004037674282416506,-0.010339251571956172,0.06295227930054689,-0.026647101463547655,0.025206921004119552,-0.09299405840224581,-0.046289087314311445,-0.030568807234109735,0.05624329459784002,0.0252644264893522,0.0069331716759813014
2023-01-05,0.1634918886690785,-0.077546656997401,0.05447279137090703,-0.26838232185969374,-0.001328451360089764,-0.06896160650539276,-0.12895691563913478,-0.12260681246757156,0.03757681202677913,0.19866511537228823,0.053519328533112434,-0.06577988046519936,-0.0008411191404485766,0.19865297607544186,0.0523153623212833,0.04328813484132896,-0.06171636295038328,0.08673266516877187,0.21059939219111593,-0.17550218373881876,0.07771829899750952,-0.130501854071442,0.000735431105432849,0.10118841453873664,0.09180699170375244,0.08977943452062148,-0.12013861762794052,-0.03210533567846532,-0.0034670911139813797,-0.07887634870254646,-0.12747832288097335,-0.06876693554259758,0.04500612447319802,0.0738824169042062,-0.06401518029103552,-0.06945284945090881,0.13794733826740324,-0.11947537626343094,-0.04666067630505676,-0.006207421913393786,0.10605010321807332,0.04828172451238034,-0.03221732859645376,0.049624247207954886,-0.03218322213481159,0.15486129936111792,-0.16496177529161665,-0.015503688077324846,-0.0634608969645275,0.008052309511609335
2023-01-08,0.16579224729364928,-0.02903977085359681,0.0288021968480132,0.16941936950350858,0.0478176191781405,-0.08696821008948238,0.015992396827914854,0.08029410398912602,-0.16830708768014094,-0.10624013129646206,-0.013193383186291154,-0.08172010277914589,0.0016854120255556946,-0.007191334954423607,-0.04006880403595277,0.043269337175356616,-0.16576389901216862,0.006441390337928847,0.05172063491255452,-0.027602952686457738,0.025842994443501074,0.04596288007953819,-0.036904006490027945,0.03906483211081296,0.07585063073321549,0.01753555768219539,-0.002727623969178184,0.035230252917171634,-0.12851229446343154,0.09209972198917729,-0.0928338880650029,0.05215254634625627,-0.13296770550701237,-0.008153937927375815,-0.11574223487057844,0.04045687222463489,-0.05501657616025229,-0.07385529196652953,-0.0654751585901687,-0.09013690382563758,0.11001191574599362,-0.038941142871790506,0.021815965007312504,0.030230887454891338,-0.07681048240007997,-0.027419563869387258,-0.051629149773161,-0.03612307275544682,0.09354423146259694,-0.06029004861607036
2023-01-12,0.11427585324574516,0.2470499035336306,-0.13379274158704874,0.11576007206332412,0.10351019798350523,0.08538459108041926,0.2587696071378136,0.051685101871372,-0.09008031371368462,0.16674499377761687,-0.15529447823356302,0.2211237900623604,-0.10105662022042815,-0.020134772292497646,-0.05673149597832039,0.03549080714327322,0.05166599048595726,-0.042371045852769594,0.023731449460818857,-0.08289329971714351,0.10223136265893329,0.053752566475404315,0.07277867156267168,-0.035201315403504865,-0.0011023766369358257,0.016681904565445934,0.03941835244414906,-0.09066946568862172,-0.022858288949163898,0.0511987347516516,-0.03738564566086462,-0.018638370277364372,-0.007433163235588832,-0.01600198869548644,0.07130232688718971,-0.03645882029114513,0.0540668682486516,-0.0387315937480922,0.0469682472621748,0.03927271968817188,0.03612972300363513,-0.025520237260552137,-0.014589152371454353,-0.051430178886746884,0.045922688889564016,0.023154020724919597,-0.008589145262235271,-0.07460051510516766,-0.013801311921774438,0.041751081927660735
2023-01-16,0.3472580151793951,-0.24790569560760026,0.32539971421805614,0.134552106677139,-0.10917578918931273,-0.10174424863634017,-0.08048037081731262,-0.02791989172800077,0.0305887687942548,0.03907338393863953,-0.0032957534300632574,0.008326285178046589,-0.018329227330545136,-0.13104811003029804,0.009911302221961443,0.09414663640388728,0.01244580658549291,0.12530672354076616,0.10064838199600361,0.039498035026312175,0.11825749969969648,-0.03485143346083763,0.002381379217022291,-0.08599755101011843,0.06080289902136404,-0.11145706739805886,-0.0029998121855482913,-0.010390696837366346,-0.09854940289038998,-0.023239783330604943,-0.01630298813350522,0.0837494365933058,0.08912831217807833,-0.12938399516079563,-0.023188856904822048,-0.07185192211388725,-0.09962275807462007,0.04638738238836047,-0.0638550238883529,0.0919939431141291,0.007136364243646471,-0.036137734807979736,-0.016357141576207334,0.00185801133939733,0.05126212371919471,0.008383533309771932,-0.02690715906010919,0.007305848996616013,0.04024183735845184,-0.03503352250261262
2023-01-17,0.15254380062738843,0.18576363521141528,-0.251718553642448,0.022262211313971436,0.20128909123940744,-0.08842984274129935,-0.0016285215563337735,-0.24365694831731113,0.11994157297883085,-0.02244552283070284,0.06084909746643302,-0.047584050267384444,0.06225732910936695,-0.0034072124971246576,-0.010706737404965624,-0.038402810206943506,0.011486186729727236,-0.027379302441687906,-0.006159588373365162,-0.04697160951078936,-0.09441241600089463,0.08602221353957411,-0.10729928499613924,-0.0008104968037367573,0.021900655452789693,-0.02582726930912646,-0.029659481101026137,-0.00232085539461114,-0.08265295213645718,0.09859383012090148,0.06900800909835074,-0.001975991205850299,-0.013881733503288387,0.04810988949540979,-0.029852665918238985,0.02463443195452878,0.1069054794790146,0.00912775801263428,-0.08295474644888698,-0.040479269884587055,-0.04233607671842485,-0.09018440941758532,-0.07646188229930448,0.024341722660370116,0.0033187570838937646,-0.03653064845503402,0.02488214655032611,0.007112360809708832,-0.026861764624971828,-0.05413498448846375
2023-01-18,0.15360753183692202,-0.192695352608052,-0.004051860921795165,-0.16392627769839208,-0.049287463102102,0.05318266904988462,-0.08049932174801877,-0.09327313319541526,0.025114383590018784,0.1948746260705501,-0.03747349132854382,-0.07807934750566588,-0.006833637352419971,0.3044420941670615,0.04049842118717021,0.05476501818701968,0.04617950836643946,0.006094345176153312,0.11344386653111883,-0.15299303910348172,0.061004313568558156,-0.1006297891792631,-0.029719779683852976,0.0812331138172886,0.07388722032257596,0.0831581719404006,-0.0667386791046316,-0.05877638551995689,-0.07633943562746894,-0.0658214409250137,-0.0611301117265703,0.09804877318825889,-0.014358963372897581,-0.00028233777981423897,-0.12643003256000104,-0.07707255817787423,0.05556249501393287,-0.15640614644323758,-0.01940925763622571,-0.06685032090394218,0.09083783539212927,-0.08794771918616541,-0.1035209239366336,0.06370459252234409,0.11160654693090784,-0.010674758771025167,-0.06363931302174802,-0.007294412600649677,0.11992376306031009,-0.05844399104890954
2023-01-19,0.18532835950327722,-0.014473908474756431,-0.008886172988115898,-0.04364496178717823,0.07502646305668138,0.2254351470788727,0.07909793309462713,-0.026928274334080415,0.023778941725994925,-0.0993725501495864,-0.13425859616596386,0.02816623245573108,0.05302987943233254,0.011707793483075275,-0.051055566245188574,-0.021579622970668486,0.06139304581556882,0.0272142291250906,-0.059238604695577714,-0.07236729381079578,-0.04472013282084248,0.04232672651721842,-0.03473666322213969,0.04935740621406507,0.031800452933731536,-0.01626357308205686,-0.04768505037940343,0.0030084748695238753,-0.0930136041962524,0.012516344796314856,-0.0020558035839048916,-0.07450841252501963,0.027211467308677097,0.06542949503289398,0.0360753403997293,0.04002541217294154,0.01207510160937421,0.03325874764948948,0.011696062829423447,0.004874385023563856,-0.0015831276488880433,-0.018903638907381858,0.03160379037916537,-0.0107899890888466,-0.01285846175436583,-0.0202972490798378,-0.04386724896585868,-0.05765363937573487,0.027097936019194517,-0.018019592505725733
2023-01-22,0.07152937493698008,0.29129336242791437,-0.2192473805652635,0.14971000785895436,0.15937494833356267,0.10150350242509998,0.23625950525709502,0.008036492524428581,-0.06042595633611908,0.13846700399684894,-0.062009451558912174,0.1970792980276792,-0.11644542945976502,-0.04341169987124744,-0.047690028090701005,0.07398386412601002,0.022860445350352063,-0.026322146106080694,0.04102104503243348,-0.013684629444089328,0.09009221471247159,0.013150572308910386,0.05253232740841863,-0.06295793610569249,-0.008481616818955585,-0.013848050538528734,0.016136837332227223,-0.08553647784121396,0.020974824119617902,0.04260588611462867,-0.03891809174307678,0.06241660982041778,-0.020435629428965523,0.004938591791857275,0.04535726751509461,-0.011488085054431985,-0.014953445719962153,-0.018813408771495628,0.0032864430511535575,-0.045122320536686474,0.02002568808339585,0.021321668147862006,0.003970786696603646,-0.00411903798627019,0.018748564834465176,-0.0025327201825836826,0.0022495894684540696,-0.05668612053640339,-0.0350583412301914,-0.0036578107583932246
2023-01-23,0.19921761870049698,-0.2948973198128153,0.06349711166499936,-0.21909935313283213,0.011126135238796209,0.5191402994818133,-0.020708854111148322,-0.08980765237363231,0.11027738638092432,-0.06858971427308837,-0.1904929726694649,-0.0934350562992342,0.2072128925105625,0.029430333775059457,0.016486842767921683,-0.0716817587080898,0.08108196674436337,-0.021769805697850073,-0.11646262469493095,-0.053561230685973196,0.06503344495728178,0.03540261246708618,0.08452554402735923,-0.006436037932459408,0.0760098857671565,-0.033282404242418934,0.11898719563366869,-0.10354925527452973,-0.032361810043422236,-0.05946588003649971,0.015396824896639915,-0.05582849138894972,-0.02549806150855668,0.03147711371056603,-0.09189558410803263,-0.038442962561299636,-0.00027304639993232135,0.09842921195681532,-0.03507621056496817,0.05477937240539605,-0.01194151758406598,0.01930067305264184,0.05484430855616617,0.05522885624641492,-0.06933544954222495,-0.0016798760260851513,-0.027208496748570014,0.014286658559138257,-0.08296698030885796,0.053538716244881865
2023-01-24,0.18936174293039287,-0.0557771841792371,-0.10795392098567134,0.00018402155220577411,0.23678088148401397,-0.059389462290547076,-0.15851108898019947,0.014367587819787246,0.01586766451334914,0.1658575380726041,-0.03091237397845832,-0.0011126971768780848,-0.05432239802413665,0.0025384179839433793,-0.01981763989580625,-0.07815929333234183,-0.031293158650260944,0.015978002436162583,-0.08513407843745315,0.0031458652111828055,0.020848521454849434,-0.02661981292602197,0.0029262286098271093,-0.016311175505693942,0.014252398315054675,-0.045433791174894884,-0.010641641716763111,0.028936277546593954,-0.025922399706188915,-0.06047300137757699,0.004150997989252052,-0.04312379511956972,-0.00626036900714613,0.029570734166722217,0.013106058939002928,-0.03580264842583995,-0.003856833239386183,0.013096107940346111,-0.004661783154251229,-0.03376974286481803,0.01285752934262469,0.022483409284937587,-0.002503403985428466,-0.017578274307986648,-0.013326327564775283,-0.04240355974039689,0.03670950113850703,0.00885406755507995,-0.013726050699572135,0.0020820388168677068
2023-01-25,0.1613416873803666,-0.052718870790676955,0.011312901651508488,0.003378231798510523,0.07116044452387965,-0.06128420231803958,-0.21862342122807094,0.10009135180200777,-0.015434997130606417,0.029486949621160156,-0.002943206399983637,-0.03837232664925069,-0.019019428287580787,-0.031118358240315957,0.012883164215690782,-0.02671492419586036,-0.03103081122585684,0.04863471236181019,-0.05175914588552572,-0.020866021225533552,-0.0029393772709549798,0.03450722280978414,-0.07386027201073102,0.009485621218449496,-0.011243260933608152,-0.006734174914329011,-0.016880042321990946,-0.015403287665859038,0.01062883756424444,0.04312914044161603,0.0034840260112846432,0.010182431449916474,-0.0414942844090674,-0.000984425150335264,0.020896704474568224,-0.007505960539500677,-0.014413615637946652,0.0010636549099252322,-0.033927454817216776,0.04254705355136647,0.011602772021700897,-0.01757904811122495,-0.020313525703594803,-0.01068345273133628,-0.01938576162943777,-0.0009628395821891364,0.005133673925524747,-0.002330895692847396,-0.004766441459167275,0.04599021815538098
2023-01-26,0.13032521583519027,0.1627255550475842,0.03261157480648546,0.08165671887249489,0.06871794176534411,0.11238572105139398,-0.03919654456825297,0.033096697837581325,0.08035728387055495,-0.011501930808064742,-0.01978249995340225,0.0022630328074455647,0.0706500656416904,-0.019935423758410346,0.012340712254182398,-0.05659642731452865,0.039806258118662154,-0.0031883603223661536,-0.005576143969307098,-0.0015245909021502433,-0.02154462846794747,0.023581746524418398,0.008238014336056363,-0.0023236669655872194,0.0009086382906754383,-0.008011466860189368,-0.008809806073398657,0.024090514532073424,-0.034019564062878614,-0.011448358908479745,0.020002567904604997,-0.011641807198784522,-0.002915893247319488,0.007658927186300162,-0.0027084603706410007,-0.000463732443820235,-0.033239311340035396,-0.017227548486294843,-0.007928169910820487,-0.02420075399914411,-0.019041585161635514,-0.008704219596531717,-0.0083879821480842,-0.03128611069124552,-0.00862533139243766,0.015884091702209027,-0.00843562202098612,-0.002443742776922587,0.01600446522003533,0.012994160616630295
2023-01-29,0.22752988243777905,-0.14635437579989782,0.03199590528882384,0.05978100895901641,0.057968407287981194,-0.05389002009129325,-0.11280519515179857,0.041800342021320165,-0.09224786031991969,0.20623256711105648,-0.08760746142403471,-0.003071307106296475,0.005858063585917642,-0.0029413487953871722,-0.07001892300700002,-0.02144548984428424,-0.11542950502310273,0.02025722216114733,-0.12008242225289105,-0.0019237593895186933,0.008174812423499536,0.011648879995612907,-0.0990589375273531,-0.02093854748544808,0.02796561997339176,0.002775035174016892,-0.05856885880428829,-0.025458730129282525,-0.03602786750701918,-0.00657180658549005,0.010088885512000689,-0.05390124759102052,-0.005172650740044751,-0.037335489310849006,0.0009137147604618486,-0.03851198854862057,0.005577960811186387,-0.003626903954561284,-0.027430341611737213,0.030663817298033046,0.020750988001589688,0.007773764590492936,-0.017769901721051817,0.005377657047933144,-0.02299205129323366,-0.007634767055997543,0.037096657383780506,-0.010214979350936319,-0.008619991739028643,0.02088012562501021
2023-01-30,0.23093525297711903,-0.10493185081049411,0.18204417967318182,0.05090607054273749,-0.051699597981047424,0.19919614606037764,0.016426738826688613,-0.06269272546188433,0.1288653619342832,0.0435756140532985,0.10163237471868891,0.14578860215143566,-0.10198754710180509,-0.07159680611103783,0.0238131775521734,0.056977244415867614,-0.1331170057817705,-0.07419949470329536,0.011691503772819354,0.01703942710733314,0.0005214310815289442,-0.01581336898193483,-0.09006389445980471,0.015214549948079857,0.04392421796526114,0.012810163056120653,0.018784734557711923,0.018002424577545997,-0.055140563137571534,0.04362484855985357,0.011237214867109468,-0.014662233698616998,-0.045618476264940915,0.02618138347706003,-0.02140923421993627,0.052502131005339174,-0.02626025638845755,-0.0032952814897303884,0.029975640535142966,0.0047707459191090465,-0.03565908458113788,-0.014064932413678717,0.0037250362906505086,-0.026621115708666623,0.00782465368669104,0.004159136834625004,-0.03441081413220007,0.0014524103328938077,-0.012434484981296573,0.015755257434143115
2023-02-01,0.17070171962862732,-0.047461915691499865,-0.04718271784295273,-0.12353812303164069,0.053092773133439936,-0.05278315959362208,-0.23444850651367968,0.07935478217587293,-0.09952465974992948,0.3515584257588882,-0.09826221363168486,-0.09658168802856684,-0.004994807941455564,0.07810653386840634,-0.12436429596068226,-0.013758365013974184,-0.06563630995882958,0.003551629273439267,0.09039293131542167,0.0026539702653045906,0.021377646193935753,-0.03902517752172469,0.11190417194563793,-0.019447282105100428,0.004189840538190605,0.03392730414137988,0.0009711074737892417,0.1505638409947068,0.004945939622989869,0.00600397474221137,-0.017873175865437033,0.07740931613092221,0.07715299195113058,0.08808556737218984,0.04281597526262534,0.1325893841819249,0.09011382990498311,0.007487172149979752,0.0641667017973105,-0.04478945282337514,0.016548068682513684,-0.044665492459283175,0.0635371976737014,0.2108723828730918,-0.01655105158418312,0.10352227582071495,-0.07588893030507148,0.12701633883226485,0.0013980025025585514,0.05204315912801552
2023-02-02,0.12599110006031253,-0.16673696358895868,-0.09365843273590566,-0.30398056993811073,-0.10906029540927019,0.15879587672249582,0.08525453202931688,0.11793668581039107,0.14013711237465562,0.042015926228778276,0.05661926420193869,0.12145207002514444,-0.12660114281618093,-0.11487831328589129,0.03196152131782342,0.016937985244571213,-0.07169703040129737,0.019759264782294297,0.03475585938722451,0.1293053951300075,-0.05064502246960582,-0.0339130301740494,-0.05220409050511933,0.04220148639039182,0.008297180680790408,0.042206775019621855,0.03042330185877269,0.026709703656516974,0.005982785467645373,-0.01189482056827003,0.0017107360952423544,0.00941324261240555,0.0027134749554949883,0.019375917912696806,-0.025738316116783278,-0.009888117072817964,-0.02530588876434593,0.021495678890159558,-0.006599865037419707,-0.04339514595800517,-0.016986478528191157,0.028621510355014684,0.011493403778393613,0.040135746646048985,0.050526298786561404,0.01515125943308944,0.03446000398762708,0.03332955000311365,-0.02258187505817452,-0.009046426836443654
2023-02-05,-0.02181826596982117,-0.17531086708075339,-0.021498440763668,-0.12469761042124762,-0.10867788720308642,0.07904774952996785,0.19589483369865265,0.06431009240221573,-0.17838269961796796,0.1840033954486877,-0.05171313239709662,-0.3449849568424918,-0.15335676876494334,-0.021325978364288723,0.3619868983826065,0.11630241174947137,0.08236681226305705,-0.1080237619244552,0.06557529348441038,0.036111157009341616,-0.03013758819481038,-0.09101192146600787,-0.035355238851430826,-0.049765682609711544,0.03612281528265082,-0.006779922585505147,0.009429553669562895,0.003607149507681421,-0.07637866921178227,-0.04734691642426319,-0.036633473061358834,-0.08748270629813443,-0.07496526047373935,-0.11369130960368555,0.14768757804882676,-0.019405733346681255,0.033025233059462526,0.08885039578231578,0.02285558546067873,0.006559530083696144,0.037390956420022596,0.0025447718624116134,-0.03620053094851635,0.00366245588933402,-0.09122577970649426,0.016240951748208523,-0.017996422090026085,0.06438050503560813,-0.022600816397712546,0.00797055730266612
2023-02-08,0.13432038693588544,0.03009792481986738,-0.15791798650282424,-0.20428129971293027,-0.0851585267154567,-0.1716693460349465,0.13393661065981816,0.049502256586531394,0.12472884207597155,-0.010133251348095345,0.0600649169282374,0.007455578579563245,-0.0009963767305241436,-0.05677632704511181,0.055569800672226874,-0.08541279927229221,0.028546253564414658,0.012445824282303859,-0.02818015863317158,-0.036707342734504454,0.025968743389893974,-0.034785989276898986,0.035342100089190844,-0.009751816214756157,-0.011665029741720285,-0.002505119378689387,-0.09410809423904447,-0.01353953488758255,0.022591969439883165,-0.03023609755907593,0.0043386467994447585,0.033284622729431855,-0.049926899235988406,0.019114356334535076,0.00022553235576006363,0.028392906053449764,-0.0034654291121539033,-0.02690981742583565,-0.003955207049930946,0.014074889004879331,0.003052365121931957,0.003224630937584419,-0.010072976678001139,0.03777792677583112,-0.05225297524649337,0.03264019372317734,0.05012912242579851,0.03691920626297676,0.011407683475918171,-0.00021724967652374523
2023-02-09,0.11887801554797114,-0.2518582653232712,-0.017408895500110384,-0.24096030918745434,0.0015574310678575216,0.5580347340764464,0.006406423956867079,0.07096457354226496,0.15649205070834427,0.05977970288587116,0.09315445697514785,0.18874858497752234,-0.21986054548278536,-0.11676029861420603,0.014595715629299708,0.06697235606043128,-0.18739589985057484,-0.015441842420235108,0.08976800369975518,0.14579621501299106,0.015418160372580812,-0.047069352798930805,-0.07974676078851287,-0.005911832843848817,-0.012179333702308903,0.049709578310996726,0.014289931692651121,0.045390503089459314,0.027941097029070935,-0.026216474775974743,0.008365351184951691,-0.059149312996625826,0.008785966942471178,0.006156279923417624,0.021372529109342935,0.018703674063182428,-0.03288282070360383,0.04047196697854511,0.021695323887009503,-0.0014708379869604,-0.018821427562384165,-0.027609836117019188,0.04141232974898731,0.0372034678827621,0.03625252836576528,-0.0022957772071318127,0.02935603072236709,0.031349396094023346,-0.02333862188369547,0.008037850310240572
2023-02-12,0.009381255278088831,0.26601332116701465,-0.06513336508856268,0.10988310794780046,0.07783187452089917,0.07000218066764698,0.2172332925489944,-0.004355523694104641,0.0005284233208893376,0.0673193050531238,0.06583435428778171,0.04706713626156829,0.010741354620360098,-0.011572965218673799,-0.0271062564124438,-0.04798590585622571,0.059122003703165726,0.12300730824913075,0.01906926744883871,-0.03918040174643674,0.10389889895975024,0.04221956378588291,-0.08309944253091492,0.02098493204581299,-0.012457022445618976,-0.07167415829726777,0.02768602357108732,-0.04532862990567702,0.01893272178451104,0.0502988250464585,0.0011602536269352804,0.02564656402697706,0.029619279376781955,-0.0602568339455505,-0.05408994021432248,0.0499730033812989,0.003555207225669354,0.04519221603338602,-0.027352977612012712,0.050415112474503566,-0.09361410435900375,0.036981167362110746,0.06449394916217796,0.007963164149248794,0.02248897457016124,0.021176671013787566,-0.0472424157338148,0.0237248873932128,0.03193176838784772,0.02881897340156687
2023-02-14,0.033524825790497044,-0.057518619627015585,-0.05001957511482437,-0.26246229630572804,-0.03453123093125431,-0.09230745159127268,-0.016432985999131348,0.08085939982738648,0.07793568581019772,0.023524079583823607,0.09625955516521031,0.030724770305930633,-0.052716641292905375,-0.003945217191075645,0.013000643809212651,0.04331796180427071,0.0012021348768941785,0.15599340664065403,0.03290270788294579,-0.043604569173585406,-0.05780266525411961,-0.024829600812013235,0.06275806690859334,-0.09487678741096665,0.04953423581332983,-0.1048462295839661,0.05080210378671119,-7.96795046247449e-05,-0.061669796337659205,-0.013525590805722305,0.04206284435839994,0.06477851863508746,-0.0658545643663123,-0.03198975193832329,0.02457095175875902,-0.07870173500078999,-0.07517595012554418,0.07062084729937647,0.0981767247666972,-0.03425593274875702,-0.04959257546913536,0.06599226530010831,-0.006652217112953585,-0.001963523539544713,-0.0473640409749212,-0.0181654814831666,0.0027845181619285202,0.026105159657514376,-0.021775308699184866,-0.009211117714752
2023-02-15,-0.001967415780573748,0.07324872438012436,-0.12784261096157948,0.0777880429103228,0.05366597959626287,0.043876397555482796,0.21940078288532142,0.003747319777210889,-0.16367854024174425,0.08477059569355402,-0.051318129066359006,-0.018419560229397756,-0.05438694546789874,-0.09346234113627482,0.11161921189316142,0.05302792930907331,0.08094624574364788,-0.1249755640628027,0.016946189751349525,-0.01652308475010983,0.010606200214439497,0.015065182092108664,-0.07366561890175337,0.0010047589481422708,-0.11269482379694054,-0.029187901795325096,-0.0056630329121318155,-0.05328091911404188,0.04802125576239574,0.024751497203392224,0.002071487373135339,0.12185351678988252,-0.010921208705837957,0.0040902551315896525,0.0007751350268779536,-0.06670536584578189,0.057867849550708665,0.05255623231253999,-0.027913126063322927,-0.015973185980051634,-0.085461124731435,0.05801301483871915,0.0076357081004758895,0.015496427382599126,-0.07895032054931489,0.028208674616054738,0.050834678733814455,-0.04724674124839706,0.05147520943081293,0.014940038988438084
2023-02-16,0.17378720708250087,-0.10672154437029996,0.11180908601362038,-0.022599372068681484,0.15136412430727492,0.11982180991100559,-0.12627676150595427,0.12398160184460266,0.17593166359183984,0.053571688493119156,0.055903235726738276,0.07690665942008727,-0.017685709286677353,-0.046321849269098186,0.09164685456858045,0.02314070155554329,-0.014224808849019078,-0.00030246438094641407,0.03134585053004762,0.08297095424867831,-0.0012664492115912547,0.016526704036804195,-0.04514597422067633,-0.029869471267926016,-0.01919156630062618,0.06850791782085847,-0.03561526825006745,0.0057836924930153326,0.008848602180910367,0.001478511098977164,-0.03208538154904053,0.017294206243654985,-0.027066117923857224,-0.028127617831924693,0.023911487075893065,0.04619717518725668,0.014114022174737366,-0.0018624172688975309,0.0065458208547766435,0.00046122775808103873,0.0036898884437793736,-0.022468026404049147,0.01621872910569971,0.037199999922464186,0.015061254149826446,0.019291530402085116,-0.026760202530263705,-0.00497762598893146,0.015982340573109065,0.018782018126975514
2023-02-19,0.17202226910473506,-0.16286079087525657,0.12234378213497199,-0.16996013416615635,-0.06184382493286857,-0.045986475522389506,-0.032427100520512286,0.21454140102263092,-0.03092269729098876,0.17058150405044242,-0.12802887340405428,-0.07716606268683142,-0.035356188160433025,0.016526333883800443,-0.12439483227355559,0.04825999850317088,-0.07778472104545574,0.07774346459961512,0.213281872652925,0.08710968533873725,0.11111641684949874,0.0009436810102965194,0.026044702369517274,0.038358766673386495,-0.06365618449986363,-0.1063589437854982,0.048803962349574244,-0.011786718063093643,0.000163833771675396,-0.03464218933913887,0.0216025050770733,-0.19825001633120698,0.37882840495433345,0.08442675533157284,0.0437366491668323,0.07747751431071441,-0.05237380847285251,0.02366132050506145,-0.09803555275154137,0.05737564610371578,-0.07616126994113567,-0.0614666733402642,0.013174703894535058,-0.040566084438518495,-0.09000480392505253,0.0844027418565049,0.07487006780974621,0.06445705419717827,0.07442424545862172,-0.15088810543759967
2023-02-23,0.08292380891928265,0.20102202501761035,-0.021298034793864426,0.19584046979498967,0.44753850594676603,0.02124997292792379,-0.13489368929551313,0.2941094491894063,0.12400439572053466,0.08170858088499279,-0.021290641172286802,0.08055583118625298,-0.04470322490417148,0.056470512791047804,0.04897133134048605,-0.044546161241193295,0.07900686168056484,0.02758555597615551,0.03832020210738058,0.021297726961517684,-0.0006629465793787083,-0.06354290022517639,0.1246472552731598,-0.02481349651025129,0.05493501521933858,-0.10972983144161232,0.0066347324975555,0.08879190835034227,-0.09856017464793476,-0.1290864689680018,0.04383842476551288,-0.07473670155297539,-0.007300241419245099,0.08541737386739824,-0.03706599921740196,-0.040716359297390044,-0.026449115751629355,0.010586384067079133,0.023119594476938603,-0.10267071858057203,-0.0026113677425924804,0.008205778970161854,-0.006676881615334198,-0.028927492509358978,-0.040617947512987196,-0.02433879361378186,0.016232382232264392,0.03336019399785739,-0.0018725642917071176,-0.025298125056606866
2023-02-26,0.24758382981173901,-0.2392753808987746,-0.017501751403558533,-0.07498366525582531,0.05317709618803396,-0.11088997703508324,-0.2206354548328994,0.006126493790117954,-0.11521176065540016,0.4174684175506156,-0.08704984272061558,-0.017387790124163787,-0.03920438306813737,0.1034863726402974,-0.11046345176755822,-0.1490009833621163,-0.1592583930646022,0.0661098613004478,-0.27560599295031724,0.015605579669793129,-0.00824316980723492,0.05089619879830175,-0.16998070413231525,-0.046091167152496004,-0.019191680815480318,0.0024086213811398078,-0.0890048420437845,-0.0008047667334259226,-0.014962182147857953,-0.026585392603736532,0.010995179380859083,-0.02375805534214353,-0.055465138362234975,0.009534516179517965,0.030865581680639742,-0.032991974832163005,-0.036667134570810965,0.013279644086079508,-0.028294730984399573,0.029416541348154534,0.0005632773264226219,0.01980671960784527,0.0050583043105379075,-0.03034355379120456,0.001943416959005933,-0.012529707308903796,0.05171288290328851,0.0011074991110558915,-0.006757122166476359,0.03172888458191802
2023-02-27,0.18137971574391187,-0.22729153232577587,-0.017553738067759974,-0.22676285118274556,-0.012757441236233798,0.48028004975303057,0.021817723679539693,-0.08003968607184639,0.18418967416222778,0.08918453288364474,0.12706303595456037,0.177068473447963,-0.2147311149017034,-0.14640551454219122,0.04871848447612126,0.07492287618767973,-0.17593474727958974,-0.0022324921527524136,0.07355487435115979,0.12051771807076012,0.03487725301165979,-0.026133866460910184,-0.14370558358692695,0.04988872218850062,0.0464758472679174,0.07363785201951818,-0.006157500008651089,0.059436886712014116,-0.023159544428748183,0.03248889916578218,0.019228377341465416,-0.0494053119511117,-0.0677072493118811,0.06232552333457395,-0.0170549918692521,0.04182920092144072,0.03800933827718244,0.02166039703542011,0.039676802206949024,-0.00029921836408714327,-0.021844524563202256,0.006261017157812443,0.020155747058036817,0.01918734015772305,-0.026119900412002607,-0.04191856068379455,-0.04137364975350542,0.023170628683853764,0.02081049233251765,0.025916465622977683
2023-02-28,-0.011597455173453603,-0.12706879472018173,0.07756999735994635,-0.08233106891825152,0.04644207716449,0.022404512341789567,0.13526452763204244,0.10517142970978265,-0.13293010935818456,0.21572396912751823,-0.09180040936912622,-0.2852570466222835,-0.004981546569846532,0.014471144113722391,0.33454298545386607,0.1740101624495497,-0.061525096962234606,-0.006794987855536726,-0.0650789604258836,0.006045554971349441,0.11124535556746319,0.07375432542666345,0.03734059709157698,0.0456616993070528,0.007870978896877332,-0.017845827524380197,0.0588577087934824,0.023910708422470096,0.09777503098204209,0.07844478849832716,0.05164524109502328,0.10346619165489139,0.06476607980772234,0.09815562756701417,0.020051906532161677,0.03708620484042677,-0.009566409524362576,-0.054189382604125945,0.04483740175963535,-0.0879769116693663,-0.06190865840334602,0.009725569460438876,-0.09515646926891541,-0.06379387283765611,0.09648622270462665,-0.030021024784120873,-0.03331300850032696,-0.04353436834899409,0.03474287007049527,0.0019377353473260157
2023-03-01,0.0693451518728812,0.2844378991144907,-0.1071685522609132,0.06294558069537068,0.10558162571538948,0.015220546272780947,0.17720046534419945,0.08731959123659543,-0.09423643231988604,0.13035776383754422,-0.19891910661720924,0.15226894545093858,-0.13594353760872147,-0.014681146970938017,-0.09931430404471135,-0.12605379289725135,0.09003260577988456,-0.09043459788769671,0.09810531562528643,-0.179273590931403,0.07371991076690897,0.08193179167608551,0.024524741328209306,-0.14620191916650735,0.0138818974769635,0.03811506096298649,0.0021205662445936374,0.048354404309665575,0.0962203481823376,-0.009124911770589602,0.0836770144264693,0.032202337056746744,-0.07115841446504555,-0.09493116003385832,0.02148930029809508,0.06694994828946804,-0.006613953279848697,0.03145094408654995,-0.08822225551206116,-0.06871001327739598,0.019065436487013445,-0.056953599876138544,-0.03739929862771082,0.04519837791939251,-0.005186809090224319,0.0016675199243801095,0.03188055603662253,0.033369908336406275,-0.07185639823453571,0.048380782972781845
2023-03-02,0.18807298270649112,-0.13132910834615358,-0.28531806331080106,-0.13768965679539205,0.21424942054863874,-0.06265578427015868,-0.1361292025781265,-0.2881187869521645,0.00808967864056642,-0.02418737659065916,0.021947901819128635,-0.07510601189795421,-0.024619101462864085,-0.16609227163390525,0.04695091813349945,-0.08458631691366368,-0.06595846208673313,-0.061726380540510446,-0.059986091888483126,-0.07566199144630899,0.09027179671765051,-0.03661916416703909,0.07205874400372744,-0.04213792681563126,-0.022145912508505394,-0.019853053580458444,0.10648693932444026,0.03688224304536035,0.08962569049279868,-0.027739510465309435,-0.00885260438786714,-0.08564063822302502,0.0465554870674083,0.029204548043724583,-0.12009766197643443,-0.042601039111245576,0.0004693554138759947,0.008677390888995658,0.04079802976004735,0.015630459679118292,0.007033440390861646,0.047940783669203034,0.032789060315455,-0.013475639215273151,0.01817917923283655,0.005701306650867351,0.038567465287398225,0.010399835519967354,-0.06834229846832558,0.021368726287817934
2023-03-06,0.2046352339604127,-0.011982008106871542,0.028680467144889914,0.195577046224702,0.052431339731663085,-0.025748335693270896,0.11303548680614835,0.05586004565833139,-0.1211006824161671,-0.12613417554629125,-0.09354622656909857,-0.07149347183956975,-0.01589704041261319,-0.024535614223454332,-0.027363268355438765,-0.0237095507699491,-0.03371727309235652,0.03536588065453443,0.007715919041695101,0.01382971707643507,-0.032734211044257756,-0.06182037674977939,-0.06233891944216218,0.03306569164411312,0.04789912923205563,0.08186709714429238,-0.004772741383027241,0.003007531585203665,0.030907913269508706,-0.01776597911170078,-0.04704568982793589,0.044257689691836924,-0.018226222095205982,-0.028792413956396833,0.012507702915215921,0.026956868291527485,0.005939526895421728,-0.026887010211197087,-0.004434159508168324,0.009722513747416403,-0.03581097669993824,-0.004710919997317956,-0.053869796522232644,-0.015707366357945757,0.00849228512996762,-0.04293290902744102,0.019011069071536674,-0.029519481969420613,0.04594932557949912,-0.021403130914457804
2023-03-09,0.09277073071110381,0.05655740776124045,0.06296154508672815,-0.08515640988815361,0.017367088001622063,0.2992128069573418,0.03500803976604252,-0.07222198552584694,0.08406492227480904,0.11202518614945273,0.1881527742237053,0.10475398015959501,-0.01176921061987787,-0.05750591930883803,0.03889188596023314,0.047743893639804344,-0.0679272063510172,0.23366482663437804,0.05974627180219334,0.04710796827494119,-0.024812233297534736,-0.017026200367770004,-0.03822682892195879,0.15678331605198317,-0.04105151230278129,0.025660292791248304,0.04886245258547927,0.03145025873107374,0.04040082309719765,0.03811187090674266,0.035937125668446354,-0.06942676637996566,-0.05737846711081539,-0.07185664430357964,0.0010617911986056476,0.021804361524682354,0.04782484080553353,-0.020433204046516395,-0.04298847599278182,-0.031076813024263794,-0.022491575880058453,-0.049747447494018084,-0.022267241235612637,-0.020626199222739696,-0.03589924698408535,0.0020120680496004467,0.03424923604863973,-0.0075543234108026375,-0.028784959890942406,0.023121865781633416
2023-03-12,0.24861364655798068,-0.24032428151000215,-0.01615050882521707,-0.07429935377457829,0.053963952116677594,-0.11147563263969591,-0.2206146421733468,0.006573433481565025,-0.11409484399347432,0.4173925811657234,-0.08653298339990567,-0.018387038084649362,-0.03987588036082253,0.10458796712457046,-0.11150149005819994,-0.14954786102351972,-0.1589106343185882,0.06573415209298511,-0.2764124503571313,0.015501663863622665,-0.010576150417944626,0.051394828011461384,-0.16991575323666863,-0.04540978946529292,-0.020181035759790293,0.002164890426740563,-0.08836162301248819,-0.0011440772715183274,-0.015315813748769063,-0.024599004318211895,0.009730421925361263,-0.023369934954854368,-0.05642690569822893,0.01058470314347623,0.030975149640466736,-0.034413141969134586,-0.03754648689746925,0.014321229111514702,-0.029905337466542788,0.02751523226392528,2.461989769408224e-05,0.021984115108093068,0.005220207079262785,-0.028256705614921423,0.0021467378371040646,-0.012100899411812206,0.05221481291510998,0.0014451399344589729,-0.00969833231422617,0.030688384990072065
2023-03-13,0.22145537714112234,-0.01187430828363769,-0.274769193655655,-0.08329793018562943,0.12318950415778634,-0.10333173446990587,-0.05070524967616008,-0.19544907200795109,-0.010109884321819073,-0.03457238311725005,-0.029930958804216434,-0.004614848630057548,0.02066371513304839,0.025970024630548056,-0.03190443422924754,0.023537644974392223,0.04946835553500694,-0.03818924727691981,0.005604362712649839,0.02097129690324731,-0.010938245338095624,-0.029326986120187575,-0.04119289034719709,-0.02498550611768432,-0.01321409905300742,0.020075172522779405,-0.014132416015856731,0.06892946965014574,0.011070069385557154,0.04448890693294295,0.00883281059153103,-0.025294498282658562,-0.03625120326903201,-0.014976081624677999,0.0060261322373904285,-0.005049135641898035,0.04714237812867487,-0.043274676645318554,-0.0213784905838306,-0.03496234441677402,-0.019327012993800716,-0.0363142906324545,-0.018818746653622397,0.029370139252264362,0.0006177621815115971,-0.03474662644879628,0.03479048074963285,0.015707591700574532,0.031590899360470104,0.015397437734172808
2023-03-15,0.16288367029483053,0.21594606758006504,-0.1394096082592979,0.23201171853763936,0.2222044514151788,-0.009420136355095258,0.04264531480027575,0.09367490868943948,-0.09505084129849305,-0.059629629875313325,-0.10579778056095815,-0.0296763849278453,0.07400903921624022,-0.012596712950939897,-0.06826598318954974,-0.019147662278218822,-0.07368673569859087,-0.013783922028738762,0.058782893251047456,-0.02625360936260808,-0.09728525876327514,-0.018292479852042614,-0.0676065924848868,0.08442124114151422,0.02966021818233712,0.017413063573255047,-0.039946937518364485,0.03462988233990563,-0.022334524655774898,-0.0553254193558246,-0.006726321937001828,0.09787875581131975,0.06278025824379826,-0.03020643580989645,-0.09495701303452507,0.05442864150191767,0.01750335176450215,0.017460563673148508,-0.013398701016592636,-0.0143172573369738,-0.020111130967658573,0.06127447305037801,0.05001892438725088,0.08757277222531341,0.04966154985150444,-0.061402716114214974,0.010728148419015822,-0.03198748363437306,-0.050416793571516565,0.005417585151601102
2023-03-16,0.21342382677746374,-0.031380670421221564,0.05677872495686361,0.15706242955675476,0.07452172388670127,0.022889774981937915,0.07797228293030037,0.060839765455306304,-0.09386660426805216,-0.10244964571945839,-0.014869904209869727,-0.062484316908463594,-0.0842416469498118,-0.009796557303391025,0.004672134061183295,0.06622478389941097,-0.016222385942282248,0.06388277656665274,-0.06022771346891627,0.013739794536274004,-0.00039419856119795834,-0.1231150590955638,0.007983977853932542,-0.062088546594338385,0.13707644800950053,0.10552299515934771,0.002716993324667716,-0.05015106735950539,-0.0394687585589884,0.03941936672088471,-0.0719666571459313,-0.012600231499436091,0.0018977473822314225,0.05309188222913382,0.06501098392424978,0.02060934748945115,0.08435773046563363,-0.041536295619930864,-0.0006024160522295663,0.012812422338184071,0.05228142526750675,-0.023599971469278284,-0.07084294577806516,-0.0013822931683002502,0.0002269938029265424,-0.009429505413197401,0.029483123644844924,-0.024430015896549362,-0.025672723087437562,0.01746281996834159
2023-03-19,0.06353192667437614,0.27077436098645097,-0.08966748790874426,0.1371153484881761,0.18121141317097442,0.053833411946661185,0.12733653388913632,-0.05659958494344655,-0.06806590369591987,0.18521928507253163,-0.05576727264418895,-0.01834305217692899,-0.04476693778861716,0.02662355965633662,0.14337362601041945,0.03296454510523157,0.06425004069751049,0.12447042046305926,-0.08475108273453393,-0.07678827319088574,-0.10031124761584972,0.01301540112060351,-0.07013521399971277,0.011907841765056514,-0.008803749774203559,0.026206529021320164,0.021564907237549252,0.03817996262326154,0.0023153007045612056,0.01661560153687801,0.07198592951455235,-0.1304243041979176,-0.007990483671706813,-0.015944676702252133,0.05169358056450326,-0.00830934545980047,-0.02524256951054005,-0.01589673419705951,0.11457905053555287,-0.03261056161355961,0.09691683765893065,0.05657141058871506,0.09877343868482187,0.06327603618259905,0.0240667632786188,0.06969680064675217,0.05304928818037939,0.07368423190639045,0.08705510396449621,-0.02805982874108821
2023-03-20,0.18782610665410573,-0.02990940420944263,0.07409860016731595,0.19821076537806342,0.07395518646672414,-0.0624937985288071,0.03799765579998116,0.08755875058737879,-0.07414852556136409,-0.13286366321616241,-0.05752245032726336,-0.02519308998629203,-0.012289561151005716,-0.04327590988359894,-0.02927712242431864,0.004903642543536614,-0.1567501896978621,-0.06524970634402515,-0.008104571754120033,-0.057752156558961036,-0.05618557080887632,0.023481869573035347,-0.10670893076878439,0.12649996100347202,0.037846472806427965,0.07530303041452757,0.18173846303739735,-0.016592802124019475,0.002567919693172282,-0.03717357121397047,-0.08955185958883409,0.057987852326545554,0.018350732981465744,0.030426454807480064,0.03723263590256966,-0.04609668536784244,-0.03379330915740904,-0.011716589396675808,0.01683177572883927,0.007305885550049254,-0.10327950417308214,0.028040436003671138,-0.030340938259652867,0.012234680311253257,-0.01411987306553571,0.027342036557544747,0.009103034977423565,0.037097632182551826,0.015925598780017602,0.048376055758839805
2023-03-21,0.12241745342026718,-0.07912106460168344,-0.0046380918701339705,-0.24635077030165173,-0.14257417903046427,-0.14689889479795476,0.1490996793769616,0.16907016140918849,0.10839959043781885,0.046544791746852825,-0.04549751717947692,-0.007359659735249365,0.018057478058178478,-0.016685934424780453,-0.0816936372621416,-0.007085163832017565,-0.04969284582443274,0.037977211801145196,0.06584003396483927,0.028817582641437474,-0.02396539291505479,0.020171717767681233,-0.0178196091877628,0.04238026475028727,-0.01646008106570373,-0.030915576560453177,0.0071216761869310995,0.05223544691456074,0.03357672183809143,0.06225504701833164,0.03841751795232969,-0.028594282083185596,0.08461308783187554,0.12292856401022821,-0.021809834458988063,0.01481432660740779,0.061384544832489965,-0.016660992463516152,-0.0896181305698783,0.10085801866643462,0.020475325035291914,-0.027985838845500717,-0.042453790218955643,0.012546280475710162,-0.050960535580487146,-0.009378614056904091,0.04123566495432763,0.037962765983541806,0.09078568833718259,-0.053986721506252895
2023-03-22,0.16003834215545004,-0.0699277614468081,-0.0009290989227039859,0.05656269487505268,0.19195273771918467,0.0486417293426344,-0.07780365353397517,0.13836691752964125,0.035971582679492305,-0.05652004200339221,-0.027515600413851357,-0.023082899758548135,0.009578529503315445,0.019614471323050206,0.03686312702311736,-0.0067517502511118535,-0.014042645051529008,0.03766797548443303,0.015925628075256097,0.0050152938742696555,-0.01879051608651364,0.0009360238435095702,0.008242893712156939,0.021089744985416287,0.006551877569828096,-0.007478566070054329,0.007696938877877922,0.01349280124436424,-0.01767002765574938,-0.004433984743044004,-0.013167477858091317,0.016141253876102813,-0.04899055970986642,0.019069320534434116,-0.06140851665901649,0.04471681984827989,-0.05802444330373389,-0.0075568875101637645,0.0049587298034594616,-0.009612758620111161,0.046903717178223406,-0.007359896250358834,0.02146350302343594,0.009759881087856841,-0.04461662999522159,0.0021079049597405824,-0.05162280199309327,-0.006186362802193712,-0.009574562142346182,-0.04334149794949164
2023-03-23,0.3281689778217493,0.11578544522864843,0.39368875700013894,0.20899307428788397,-0.030142371479969853,-0.11631607707856172,-0.019212901397744658,-0.09742368896630826,0.285028058451993,0.14895640615250816,0.0939764616482282,0.016570250197981747,0.1583856077955622,0.008163149385782978,0.09250918253700768,-0.08424949894317368,0.06649947702996045,-0.0340108393131395,-0.005333407566790079,0.08771846642967851,0.0338604893224692,0.12084440249387514,-0.03174861015370239,-0.07208496636545383,0.002692346491176872,0.09636339548129337,-0.007878624281583537,0.030437274295648752,-0.03153992210481022,-0.015239982483283244,-0.051653112252059236,0.012468193024807455,-0.028299492209656236,-0.0011005795911721505,0.0472377111891686,0.0428086613143425,-0.02326503713953274,-0.002613354905382848,-0.0030231536554137695,0.0019022050648025667,-0.005315773665097847,-0.024706189922528557,-0.007604950815492274,-0.009379828969644096,-0.01681524161757482,0.04822297180367706,-0.02134663939693606,-0.04340697164658812,0.036724867544948324,0.013687828725856235
2023-03-27,0.13451864098294236,0.03832122120535408,-0.20756933843571337,-0.04259562043615792,0.04256997557113733,-0.047345552855542906,-0.024679612127312824,-0.12437453294964046,-0.024481106606677166,-0.022422229576607954,-0.035456069264509144,0.05324259499535213,0.0814755877340468,0.08285801887718455,0.009081920515776396,0.13889191173865698,0.01820051097493464,0.06692711373662355,-0.018802471499558358,0.05765165228921559,-0.011238792346653228,0.04923133991017897,-0.023184593880231575,-0.06057135561826004,0.012219445404119856,-0.0655365880312249,0.10217162117229044,0.0355213580020627,-0.03845456829576641,-0.001552406631287494,0.023757040465867338,-0.019622256066358857,0.03667574541824447,-0.07559662368997673,0.030781893383808982,-0.04981246629733132,-0.017947221299716046,0.010371041550259575,0.019901177241224643,-0.009201193323412477,-0.05129421783122094,-0.00370163726479917,-0.03504237050236907,0.025298155998775988,0.03310983183325613,-0.011663709718925955,0.045104258494250905,0.06179128343511841,0.017541014038669773,0.06067624647963928
2023-03-29,0.20139116977380156,-0.03887112805636833,-0.27891365233566723,-0.15638900889941465,0.02671079527549886,-0.07096184054126274,-0.00376971420399184,-0.12422467556165499,0.001894898132472322,-0.05908615885677831,0.020947729045248154,0.04906390472307793,0.024151880509694173,0.20229974322132024,-0.014605485600291988,0.105053401726448,0.03763005732629057,-0.036696944987918985,-0.014227119511795384,0.11276627636796462,-0.012186227925337623,0.037367110045826775,-0.03732424458379921,-0.023159238367327088,-0.022039834093130917,0.03982175038307418,0.04235041050157135,0.011086818853297185,0.05832001136905204,-0.015961712973785153,-0.039676335429645174,-0.016354941912618794,0.0713893986560013,-0.013094877494826329,0.019792354563239585,0.028123366338730766,0.03231708694464569,0.04880089582956245,-0.0152449384851972,-0.037985417615563184,0.02084382607766947,-0.015736002112617876,-0.000135834688547985,0.014987282770631502,-0.015048958561087207,0.004907373812847962,-0.008840929726766813,-0.03310237044895986,-0.009941260559472963,-0.015476215031411418
2023-04-02,0.16125658655184208,0.09465162731875634,-0.21195234013909942,-0.054580567590338316,0.12571798631820244,-0.03702254208825797,0.05111408216390352,-0.16835329181265463,0.037758458881950584,0.03236053320847004,-0.008403243133697507,-0.01818075133478462,-0.021756905821152514,-0.11527097519806007,0.04649796718124053,-0.09772284005670069,-0.012962974477521,-0.01829651883085347,0.0055715847242766145,-0.07341603644889862,0.07845191303651762,0.006001941997599978,0.03668019041613522,0.02147324817787222,-0.02054724353057212,-0.011305787530106842,0.030400939169751166,-0.021694703128382568,0.019218013887089828,-0.009157567973766018,-0.012358180936979282,0.02968192693488744,-0.022986859920069116,0.01117368819616186,-0.00787516234562381,-0.0034285566937147078,-0.05086326068030243,-0.0234803636227021,0.0012070544848424253,-0.009594857993580267,-0.01799744295829153,-0.030861870609114123,-0.03694106683389423,0.0333106387395051,-0.008862945647403624,0.033553025908286696,0.02384604763068078,0.04219024144600972,-0.028351483601806175,0.004619754814165841
2023-04-03,0.10450612421660156,0.15460597324663383,-0.05163741271630475,-0.0028298382238530085,-0.02692932084180052,-0.03133471058880187,0.025821499742373584,-0.008567530893467288,-0.03437544439444505,-0.04160946697244387,0.010244465484885893,0.006140977269193859,0.02438011795148474,0.04594393133033103,-0.016163471189138287,0.025014686892310675,-0.03747422330832456,0.04703394001068311,0.0005046440758665499,0.0001113276853762319,-0.01899289016853727,0.0064980294032960725,-0.011162005696243336,-0.025492291860674258,0.02909614005348294,-0.018325189292537368,0.02354524653927802,0.038685403278497794,0.007643019405976247,0.018155412532491588,-0.0522118473374774,0.00352967656491813,-0.016074955366986755,-0.0037859644728076916,-0.01572611958356246,0.025096167323509666,-0.043193303760418036,0.017433889868398954,0.005662994081801078,-0.029162006420160348,0.026532462567374175,0.023889078036008902,0.010088882245893929,0.005397805501273047,-0.03213362122260851,-0.017213839444567985,-0.029067912494816838,-0.022679554499721484,0.007918763099067798,-0.0014502848996525023
2023-04-04,-0.048945193474144257,-0.19744793596974022,-0.08752168779798478,0.006033093801312485,-0.061276853164343066,0.13158763443861812,0.23670387329123938,0.0015264264318979024,-0.24608878004758986,0.04151973824747667,0.027743116355811625,-0.2754898826579518,-0.1990734660114391,-0.028596318301681276,0.28328347663615433,0.06651270622723063,0.25753841970023633,-0.2121790096596261,-0.034805891499533045,0.032714713872620045,-0.07074308694417918,-0.044961168230311654,-0.10795652360557328,0.031455741777965215,-0.10510807695554812,-0.02962906541887738,-0.029955070802481422,0.12505827161177632,-0.12509307015353788,-0.012358649673172937,-0.04809001885036859,-0.013860211846565518,-0.030572320973095368,-0.05312690317553144,-0.06353822902781558,-0.0337754721677578,-0.034165026529639396,0.06181671879620762,-0.04514799402834249,0.00611352554762762,-0.1380407170158624,-0.025318190455594705,0.09533748313655446,0.08893037767255227,-0.024962309953205725,0.0187050402524562,0.10136125931862877,0.0039700332033137525,0.08731125531903004,0.0016529815298497049
2023-04-05,0.17656149283588754,-0.04368807419897871,-0.09882928594613478,-0.17286613444247026,-0.11601471456807402,-0.09579204689570933,0.15058559169085795,0.1415078485908786,0.05304898323126246,-0.02758466538494587,0.07113969543535001,0.07223048368603724,-0.06619249204314122,0.004319182164075212,0.01289250440030622,-0.010445806210466918,0.044706494686542565,0.04291624843232616,-0.1324730888328197,-0.0324123388439024,-0.024742141505548834,0.021122874382968504,0.033516575526008105,0.032412307380026525,0.017138248330899185,0.02028373059231281,0.041796006031755074,0.05425934406016107,-0.03908009572828338,-0.01631182484563766,-0.030926259958132304,0.021269747489510545,0.040133721481379135,0.0325242881643616,-0.05835736247799026,-0.005813904766143786,0.019686616041858344,-0.010143433187068297,0.004198977593998734,0.05012121333109489,0.02828188588236824,-0.007694296823680631,-0.011338859509847407,-0.0017677974246017771,-5.25788270300585e-06,0.007833330460409226,0.013822254755463335,0.03554457801827963,0.009559434710098973,0.01981702083268862
2023-04-06,0.13834227517794742,0.08826218261039574,0.05324791814768587,-0.004244044583313546,-0.039756243683819505,0.11808848261182876,-0.06949627866939098,0.0227424418510911,-0.00045858914677406233,-0.06235299111576932,0.0023131318436516537,-0.037560893898377634,0.004297748230687004,0.03541780379310422,0.04394579749894334,-0.06309585769011887,-0.035343093468047676,-0.0017115200571804078,-0.006734197844597116,0.0012218722980068674,0.03617874376860927,0.07338597617399545,-0.006701611833029131,-0.01608629794731263,0.013114392488992672,0.06839218528389329,0.05234232287498223,0.06560262525900631,-0.054906406282160175,-0.018933001682861893,-0.016434840334294074,0.024539169924047075,0.05321151816617763,0.002023772588509047,0.035974013953142106,0.03808475043452932,-0.0272909767164024,-0.013276840933029737,-0.015305782634040017,0.00634634299019182,0.01853799480494645,0.02409773490069066,0.04274832819627056,-0.050329078709180346,-0.032671222306991723,0.011559260777814807,-0.003023846129385849,-0.05755269734807807,-0.023167174599518132,0.008503396928130312
2023-04-09,0.1477846418966462,0.17390827142056145,-0.11302372838419268,0.18151447716955654,0.1916483706475609,0.049440102311823574,0.05015371127842585,0.14436823716114708,-0.10414626558204867,0.0006141832592124653,-0.21950221866643108,-0.027140646066004484,0.052126341374350155,-0.044108774628644466,-0.1319444886356201,-0.11296906556600296,0.030903436453522434,-0.005329528647649507,0.038292929716164,-0.009661968589430076,-0.05069744399141802,-0.11724043264054693,-0.05941162550629563,-0.038283516218012334,0.06095233374171823,0.1221735227887807,-0.033671989713039516,0.07548783610744884,0.09105137989543387,-0.05424103306709717,0.09618030078088131,-0.03865176627199177,0.04179718092232171,-0.1434323240540914,-0.028879782383285386,0.081970615087815,0.05814470933162022,-0.0046237460546538055,-0.012071943370617162,-0.07337961910955035,-0.007064563722783715,-0.02084175138656139,-0.009816299603870982,0.13674841925262515,0.01665701275459805,-0.0007698727508402976,0.042056174710404536,0.032233593162644916,-0.004075850424845923,-0.007161988221142089
2023-04-10,0.3537286266842867,-0.29072536464446674,0.3740765747041114,0.1425574865365393,-0.09965713415954747,-0.08541068681508847,-0.10381179685084836,0.00010125859184181618,-0.010000964501393116,-0.01365261904249135,-0.04137066485627368,0.06522083678303545,0.030789010071267484,-0.08071244403577882,-0.0004940868413943288,0.07511989948919258,-0.016505426549993492,-0.11074232796046966,-0.0033910108066096197,-0.11281579593202094,-0.020778811921043024,-0.003286489119390742,-0.05555427402401448,-0.013516309527004522,0.03189407798859881,-0.03716157213254938,0.022426883128870142,0.1212218010685152,0.007493090909815247,0.07051178143708763,0.0806652445297227,0.06497109522709078,0.015830737874587372,-0.02443212006371074,-0.006171124397042454,-0.01113193514076944,0.015238356765590492,0.09106031206823786,-0.015631087355458696,0.06485875032343259,0.05295668135901128,0.08211716729528945,0.007262613872447875,-0.045697001974693605,-0.03614305844838379,0.07676202921870251,-0.019717191428824447,-0.024128864830939338,-0.036334426300238726,0.02013531957011343
2023-04-11,0.10029036344519184,-0.054504029584716986,-0.03632777085623585,0.038343808563197385,0.08783100549648111,-0.07275066054866551,0.005720265689473724,0.017942927172818052,-0.07045741544920807,0.04559669350651449,0.015997001925425816,-0.1310094073041753,0.019853142713743274,-0.02681634175537384,0.019660785376577845,-0.019618030044740234,-0.025515445506021944,-0.009871489619686527,0.032376672039853296,0.052126776240217595,0.05009258551583545,0.02468659092951154,0.0004321421556579536,-0.005901378094380104,0.011497320184092578,-0.00930993095310251,0.007736706725646723,0.06474964407097442,-0.04738437788709719,0.05670573526381134,-0.025894788693981676,0.06753532580947054,-9.532493788139077e-06,-0.004693198917916506,-0.05286456107693155,0.0534661206996947,-0.02892645161931543,0.01577862408148706,0.013883650281448019,-0.0062826746843994506,0.03863109652777544,-0.004924074759543621,0.03056751718139049,0.033606249675600004,-0.05457435285516353,0.03918239282879945,-0.03632085152311075,-0.011985957931474906,0.025234829074499948,-0.03300716361580108
2023-04-12,0.09933022278819129,-0.2160232487249212,-0.0912420268495121,-0.027063278834773184,0.4836804527147005,-0.08197594245191456,-0.4131811882029864,0.40672801855349444,0.11533167485245766,-0.0846974687018979,-0.026649946709643393,0.03435235627038562,0.0051438728926563645,-0.03365068595766942,0.14521842529917617,0.06388055101536291,0.08187532271258108,-0.004051113379758387,-0.0010019424417086079,-0.01594567411692469,-0.058914669897216644,0.0055439035988214674,-0.017655528530636382,0.009418156552037463,-0.06684527608823251,0.013611062390127916,0.02728340043560915,-0.07211404349970742,0.05809555427233562,0.03459974085043019,-0.02256077777353909,0.015627077990333266,-0.014658435147925078,-0.04076571343655261,-0.01565140306175395,0.02004090235807166,-0.01338762489429493,-0.02651798451831278,-0.013183382928714895,0.07319612346196261,0.01224600582775492,-0.015154698315050855,0.023160111388876435,0.032575272021165454,0.030816757811420577,0.020850908553856067,-0.022496015132387213,-0.02584593336034513,-0.007811395764237062,0.01941000939624908
2023-04-13,0.156782448703096,0.16586359562601297,-0.014384085110700136,-0.08628123427783065,-0.13860698751313655,-0.09711005907726165,0.07204341307640863,0.07028945285024023,0.07906387542347958,0.08753387216377163,-0.03129260591674388,0.0432672908784921,0.030513072791262502,-0.025324337251664927,-0.0015779043655248302,-0.039335963293843826,0.010054870808934514,-0.017783844904241453,0.02429211353101037,0.0010234382481645846,0.011075162890923222,0.034575094205504385,0.005330784164443878,0.010780789700674448,0.02919701632404332,0.03248911994697782,0.05716366259930429,-0.0007660062625127487,-0.016203698211565993,0.0011967843282252163,-0.0036404579357044134,0.021110713162933042,-0.0027123340495862572,-0.012272469958763844,0.012413189383549477,-0.005282027147601111,0.00790492345730831,0.005871602156174603,0.02621900464840757,-0.0017751979354563502,-0.0010960109214348645,-0.015292751400990859,0.011951361655041107,-0.006143270025477388,0.018146453487380237,0.02910600468476042,0.007230150326139635,-0.006137200666416345,-0.0067858985753514855,0.02300740551049397
2023-04-16,-0.0643106607540359,-0.18619569417095747,-0.03391482449171967,-0.03730106446678353,-0.1339235040457161,-0.04090281799523617,0.21342447037811435,0.012920489534128153,-0.16584904901166625,0.10502722957471129,-0.062170108032348514,-0.29834297636118545,-0.1563841929259234,-0.058766516401435355,0.3380890289874308,0.13480530608540728,0.08863299180466966,-0.1387710769637494,0.042042290233567696,-0.008503807683749278,-0.1232961841887503,-0.04744952759996414,-0.09939574748649795,-0.09315268472877877,-0.07654678898822599,0.06716580668362969,0.045672910612625114,0.03204574548857519,-0.10891329362791383,-0.05852157242565348,-0.017643929241461666,-0.055619912531327066,-0.03392909920348729,-0.07208556265652878,0.05703296189774835,0.05566135332971468,-0.007101015121301562,0.01829000507151686,-0.11030517898429824,0.1292142673414354,0.05583609465220794,-0.08601383648988704,0.049586401868020595,0.034743735416924465,-0.1221776606845508,-0.027563510171117824,0.07019193760923184,-0.04708188278504222,-0.03037467977782789,-0.023503366543977392
2023-04-17,0.4015233004137296,-0.25468695988346646,0.36146184150335386,0.08848149937062387,-0.12473166492199456,-0.08511273959974186,-0.06899869147066019,-0.03510424256985683,-0.015723999633162986,0.08185770825964472,-0.07795442531085016,0.057909614826496474,-0.010659127004393617,-0.04526719279399696,-0.07745958191455607,0.01720783590924246,0.04140326346360113,-0.0606616503673709,0.013785097168946955,-0.0588482213241557,0.007554025729186641,-0.12941121246170023,0.013784197006246253,-0.04484192929585761,0.02466403145723796,0.07505396574447584,0.047583211060378015,0.11189543002655154,0.13155135151211717,-0.04690052720405089,0.03857013130127827,0.04645384727839732,0.013249477461152957,-0.09110060696235728,0.005611570874386236,0.07375654518715355,-0.007801232811692988,0.03768156729245398,-0.01988897244167477,-0.016727545051563708,-0.011161756469351278,-0.024248705840291034,0.004340780491643816,0.08661238223972788,-0.0058443576365669134,0.03646578313156986,-0.020399793166201326,0.03573990600093027,-0.037525069432912714,-0.053802734571960574
2023-04-18,0.21966365396991283,-0.24669189508176692,-0.0494615184480021,-0.07519849653654784,0.06412440332445034,-0.0653336360667977,-0.2166987280364297,0.03174817974034329,-0.12810694060887837,0.4193901889380006,-0.1093173504104485,-0.04523978269014047,-0.023355424485659054,0.07316928744696362,-0.08867153962964192,-0.14169881690815755,-0.13313434036809568,0.05208369540480861,-0.24673433003341116,0.022926639752762802,0.0071038201746554,0.03106695048642717,-0.1736936060458431,-0.03471779517452981,0.002885682866645088,0.048647191521078076,-0.08003826172666166,-0.04341476809406747,0.011849453910367435,-0.037209752875184104,-0.023576332693486524,-0.006213888136610578,-0.013648778678973489,-0.03386440460420718,0.016185626608659968,-0.026878183680978406,-0.025375853769732226,-0.00035317076055952447,-0.04943435232247315,0.037162768443211015,0.011893094886676867,0.024922289203934044,-0.022064408653283726,-0.013047961301454875,-0.025618555569124617,-0.005305340042114613,0.06250174945547766,0.009283717567863859,-0.000699103784016363,-0.021237189995810476
2023-04-25,0.14623857835115026,0.1314262975342148,0.051745225399755415,0.24919367673909268,0.21167486963393428,-0.021577093569610458,0.012883037619774815,0.13359474587910952,0.021072861980620812,-0.04178273361806175,-0.03491413936918556,-0.017241463445223423,0.031450520506315756,0.014545915462836154,0.00675192797449534,-0.04046195687108079,-0.057857194103717084,0.012386622830386098,0.018900540619471905,-0.028922256397783397,-0.003166022672796813,-0.01789639295139812,-0.011004898144202644,0.018487366437249242,0.03518352316268769,-0.002796783722436112,0.019136127410031806,0.04107825306087734,-0.05720633102907995,-0.0405902705552647,-0.04710360373751381,-0.02068549339267143,-0.03975428441873043,-0.010558464727672448,-0.025529174622148102,0.03283720915364704,-0.004895727927920898,0.007603369035401908,0.005598083812656224,-0.06517988597793184,-0.027511241519405122,-0.001306681703173369,-0.002400142435411671,-0.024240683686759926,-0.010235409870954506,0.01364681189001315,0.03663597929688749,-0.014126055227128152,0.007685232598170599,0.012444351124322416
2023-04-27,0.1911302922577147,-0.07141862388990301,-0.1060283109528206,-0.06923306594108501,-0.00010324918733932931,-0.07731466243442581,0.07159033027478676,-0.012628129551688808,-0.026279702580190533,-0.05151446498504483,-0.016502150642590602,-0.023936775704658454,-0.014800736121314665,-0.037492239788537586,0.019703262929659182,-0.02873371545523646,0.005350821811089307,0.004629343906358628,-0.001474859460627959,-0.02414350030317323,-0.006414312408418378,-0.049181615377579264,-0.015135164469500343,-0.011038043009042696,0.03719221247681308,0.019689383232235493,0.04648810628132517,0.03750328755552223,-0.018344844845407104,-0.029119982335051742,-0.013967294220914282,-0.0044240502683463535,-0.027099036874910217,-0.028779656376950062,0.01361119157269327,0.016449840336374255,-0.003951341469852551,-0.04585287819994889,0.025947482680817063,0.007888562745275888,0.030972028079475022,0.007098630979224667,-0.0550753434788887,-0.014260913297671129,0.049844113592495305,-0.018869790246256624,-0.012392295804204631,-0.0075063348049429,0.026442682251099296,-0.006877848591936183
2023-04-30,0.13301985654788245,-0.06032618570353853,0.028438191671390417,-0.1655668710886807,-0.08666500195104059,-0.0868784365595735,-0.04784300331035336,-0.1288445909327771,0.006488068626762296,0.14496667345637448,-0.03405737765658548,-0.04230305931814129,-0.013792360675557494,0.10218522850721533,0.07587995145222248,0.04155222342430036,0.03800044121857638,0.15299365742337603,0.07564387602146654,-0.12636985522351116,0.016175385813028204,0.011467327478299467,0.019093070728982475,0.06691927518623779,0.012354797035523654,-0.006138196479435005,-0.0028160999023750235,0.01859298488436896,-0.04093535913791451,-0.008293306458218823,-0.021371746499967353,0.049539250140830514,-0.007040379115402351,-0.02624257699672381,-0.0016790300272800929,-0.043972225499714114,0.023533937082148043,0.018264812599354918,0.08314815823954343,0.020325670621444566,-0.021316562570843845,-0.010802496667567192,0.06383150619174628,0.034485989917074064,0.0747044968564786,-0.04602300943349759,-0.02914723710922107,9.980409575451709e-05,0.042878622377105616,0.004920497417044326
2023-05-02,0.12892347566648352,-0.15739077274467572,0.11604054541258688,-0.31371625385558793,-0.01475967584081631,0.05391353445547536,-0.012894333707060755,-0.2406570166394181,-0.08008131469568398,0.1064261581276096,0.11810294512521669,-0.026916325406440372,0.042666449025369244,0.18825742363350714,0.02537252546961191,0.049332717504599166,0.1189604673737306,-0.024196723990559818,0.05917104997356174,-0.14670086244903008,0.03037986612485792,-0.13340096177571434,-0.21478380365557562,0.061281497714356904,0.053968152489303034,0.08502734317935759,-0.08819075895499565,-0.08316200286586321,0.04347050137667098,-0.030390697232516986,-0.14907431801881318,-0.11719227680398658,0.05663629630450226,0.12030877033670319,-0.12443661430362755,-0.07808834851896085,-0.11874868155003214,-0.10841824934093716,-0.09807279470893966,-0.12434407622006223,-0.024037317544431246,-0.050958150965879925,0.056835772528872834,-0.005633324717924041,-0.07981794707329397,-0.01134942060277601,-0.02436160853651271,0.013315773652751144,0.14715053351156474,0.05255114509954664
2023-05-03,0.11403905389774947,0.24305073319035325,-0.11861497223498711,-0.2120862675551845,-0.23441923556805191,-0.07478418650040912,0.01165452065665936,0.0989142789285512,0.03287080656471059,-0.029669038073393807,0.008285479132530915,0.04037229819873161,0.024987682911223465,-0.08521494977932004,0.021283599690175833,-0.012984651340240037,-0.024177626247531996,-0.00443293615538375,-0.048239768120065335,-0.0059157100748834695,-0.05336511542114803,-0.0006763937211727237,0.006577744344213406,0.025772993056838986,0.009177336470282581,-0.0014918608360424397,0.08783566197945883,0.02521194754821579,0.009976079300732197,-0.026583362239851593,-0.007904907115327911,0.00716012097505756,-0.0012460705420532822,0.0023042508456522434,0.009894624261249981,-0.01269112935433995,0.027738054936267697,0.005408210094251545,0.011254082727953939,-0.0112011618564525,0.01607371506283477,0.023113341217671925,-0.02355633668317767,-0.014846388437051694,0.0032987428103843012,0.029070693707912,0.0008635968942061003,-0.004336403321927152,0.018164209255447813,0.04186257707673472
2023-05-07,0.21660165115373256,-0.24829386742089277,0.181076545340144,-0.10378212090233752,-0.04877800350153134,0.22801073924879717,0.008240974625332118,-0.028082922742033025,0.10714602662464297,0.0414141460998222,0.06317416124908681,0.13908957852078535,-0.13273704528309624,-0.08115253855139666,7.453105530535933e-05,0.034803778589937606,-0.08030090992602926,-0.03673239864105526,0.006548521974016415,0.047092056165050994,-0.03208823623737281,-0.019785203324479257,-0.027630341808209648,-0.008147633163806414,-0.01323408668875062,-0.013283191458181786,0.010259446291701625,0.0713212841094804,0.031784468853969385,0.05204054307921572,-0.02935633325421804,-0.05264824329452089,-0.03276599593911004,-0.005417146038627643,0.042588885132061924,0.02633354079388273,0.022111107867549894,0.04391263338527221,0.019495400774289916,-0.0030807770019241868,0.008142913704025376,0.023044695860746617,-0.03430739729910012,-0.025516831845516636,0.031242509107732172,0.007135419910653954,-0.06790467900105779,-0.03486032333918765,0.09859948265790995,0.025428051035588116
2023-05-08,0.1353757523869501,0.10874753707243344,0.028993026923227413,-0.046984390499060065,-0.12129300266842222,0.08881665764582289,-0.0523698953158451,0.02230596358310956,0.0053675924273994475,-0.009070331354722877,-0.007129411046839748,-0.05432607243469055,-0.040912090603854624,0.02207231106526038,-0.007596378281334573,-0.004328058887216598,0.01722096895275155,0.03067957843643153,-0.019185041568239334,-0.0414408578721264,0.015112534795865985,0.01904124624218108,0.03424413035462507,0.001644437775962939,-0.015466575911910174,-0.0030190274071682315,-0.02669811161986638,0.008838943199993017,0.03245128438766029,-0.008730905746647916,-0.029539236490630293,-0.02110460595451334,-0.0073157078833408894,0.05373041764677937,-0.00010591791439257367,0.04656713357909753,0.004505966157788084,0.008171337356967564,-0.010944654836056172,0.01850947825980306,0.004804552911749396,0.01782283489316167,0.022165863596427422,0.007859004980364862,-0.05035110839934254,0.007853545656672043,0.008689275579197327,0.015098168225295788,0.03012400509889959,-0.023589971456092106
2023-05-09,0.04276206293437264,0.29148956722678193,0.006096679918826039,-0.13525612970835574,-0.11422875157539975,-0.06972398381002712,-0.009914945150505542,0.07627735275939236,0.029717276881213527,-0.0168371571238347,-0.02955151442349592,2.8912146013616915e-05,0.021097817270685684,-0.019718819353579248,0.05199982900781166,0.04188747114984677,-0.08504870560079007,-0.009904136733449679,-0.005036729481676301,-0.053766385394853705,-0.009370508579835084,0.0331737857259677,-0.0042750652301020535,0.06251934679761798,-0.020243810999596316,0.033758217974898766,-0.0067452608673793,-0.015650870675556226,0.04797716904964962,-0.05817205740181709,-0.023954659194720028,-0.08436205060738013,-0.04128294724368361,-0.019623447268908585,0.036316379352357986,-0.0029396758065109853,-0.016812180736139444,0.023328392269864752,0.01832751462500348,-0.04444332247738231,-0.01755431280658806,-0.014200400953100097,0.016065465281111902,-0.03162279261224539,0.042044672781899016,-0.019876563593284605,-0.03045898105829187,0.005297189522188712,0.004483939577704292,0.004345599467256996
2023-05-10,0.19622545006720266,-0.0194377662673712,0.014662588925388041,0.08187388500507876,0.026986061132490233,-0.01881173751180177,0.01096208352135918,-0.04323185453219769,0.06789074781844395,-0.04750610613001618,0.10969690736385343,0.01859422129393638,-0.099969596203242,0.06767474189850749,0.019050507797924766,-0.07122203422548341,0.01843698750845045,-0.03907145985764984,-0.04053151660103169,-0.09414280985971506,-0.021732750379367,0.027798118312754916,0.015853545266928015,-0.020327198204019334,-0.02162381472770825,-0.02186721255234099,-0.030527615617275457,0.051038579500161094,-0.00715788725579128,0.013026037285862843,0.029392400826311758,0.000134921048760253,0.01618283492585302,-0.03949994664220299,-0.05053165896190608,0.020719836499848678,0.043447700789715715,0.013296190678130697,-0.012827766938737398,0.03700026635856804,0.00015214640749753653,0.0051928192347848595,-0.025909659727445536,-0.00898590784746035,-0.026532563535570566,-0.0007533435117823746,-0.02451179247841809,-0.019630433719001607,0.015674942983630938,0.007153195043035258
2023-05-11,0.33174544817671536,0.02047325436796054,0.35640479940684644,0.2552890468360545,-0.09083527286697295,-0.11655453269727839,0.056299382644459064,-0.09991338076046245,0.1024815794033129,0.03565039165052341,-0.005780111298620816,0.11660925253971628,0.08685194561573852,0.047054994862843876,0.04336250941354275,-0.013275900704125406,-0.010190722473685377,-0.06560920044728265,-0.015618589746173651,0.004023596110421341,-0.015196845705800517,-0.09783076858255556,-0.045503943506294144,-0.033585054920030444,-0.0012428392530004753,-0.01869146445576687,0.002374511788016249,-0.00152880159046561,-0.014348371374661925,-0.008132148075839523,-0.019369393545652615,-0.042896181023928275,-0.026333891651302697,-0.021986401501893987,-0.029820474301212017,0.08223717894223279,-0.009029221438773962,0.03716619201095093,-0.007383040820623983,-0.017490527175158907,-0.020788686768463682,0.009028119753446992,-0.009155701163583697,-0.015636953914242933,-0.0036184245347989645,0.017282796685885317,-0.052184698416855614,-0.05794505169894509,0.021266148524758697,-0.024959288829793747
2023-05-14,0.2509043379870111,-0.24258844171732036,-0.02124242143422071,-0.061326410472609345,0.04621976330871904,-0.11747689790038265,-0.21249685019611864,0.014113432729708743,-0.11783746814489308,0.4131489257025852,-0.10491410301844074,-0.015268167681228018,-0.034399469865607185,0.0975975591655226,-0.1177842860744452,-0.14071391574972833,-0.1521770088818376,0.06276461928293002,-0.27757126337436855,0.02048753493764477,-0.010898005179718515,0.05159095855716858,-0.17472514929968866,-0.04376463981082264,-0.028022347638516416,0.004345599499482852,-0.09172566157656999,-0.005588729613721396,-0.0100617648707889,-0.024034799698416338,0.0075150265280988565,-0.039288107033107894,-0.048269376829871515,0.007379699389473124,0.026789153851458816,-0.03742499093021467,-0.035382124170555945,0.0113086673938693,-0.03748856739856901,0.036294159297473524,-0.0038757168541833087,0.026841394730222713,-0.005503800067643279,-0.031184581492251572,0.0028639408422909776,-0.007900847943243906,0.051192623482304876,-0.0033954502874809396,-0.011020579432645203,0.02283676231361729
2023-05-15,0.06645191472225326,0.2021255832243352,-0.104558982838466,-0.013522779227682257,-0.06979660680477937,-9.571474022004807e-05,0.11715552483505431,0.06695089397705067,0.002630812176755894,0.07026382016998077,-0.055582112920922896,-0.009773452996487362,0.00657363099252124,-0.07831538333125351,0.08668817061688731,0.038730436446719585,0.004896005257123001,0.0029263453100627133,-0.02978240360826287,0.007005149018221594,0.04151755956893685,-0.002675508731261563,-0.021899425576291452,-0.004597914505955459,-0.037700495213992505,-0.018837680469677875,-0.009217706125021458,-0.047151535050390894,0.0412884826652473,0.00663151923726336,-0.012071404755259963,0.07077824553254727,0.017761292913190056,0.04314956354095059,-0.006290299647123856,0.01798975815319477,0.05169840517444505,-0.029873731090792242,-0.009824643774691333,-0.015289109597536689,-0.02683101020531027,0.03352991113096398,-0.01944889953161523,-0.0054593161829075455,-0.03120340149677847,-0.009016561957008767,0.01281107978178266,-0.03012107860490857,-0.004939057109456046,-0.0034609002982167094
2023-05-17,0.3664519717865502,-0.2792587952542868,0.39054300706832257,0.15520668709796814,-0.11780608580971443,-0.05280753983690687,-0.020984722176364618,-0.045836802060474476,-0.01027353907524284,0.06970758220732996,0.00104792848903589,0.11256020843140165,-0.008228793985864959,-0.11067258228700622,0.007238154576138618,0.15678962458006568,0.06817520967521701,-0.009054995272888083,-0.14865236483225994,-0.06682611093557025,0.04364239118405248,-0.12212599727844066,0.09210956911863954,-0.09219305746388608,0.01288519674703317,-0.011258597122742795,0.011726473008887257,-0.016422927133958425,-0.044655727025858724,0.0371322521361722,-0.029829115868138387,0.02239592959616883,-0.015579230317665445,0.0005110806034554032,-0.055615629701805,0.018161407838962296,0.05028838850252852,-0.06746299374358346,-0.010579573168990586,0.08264759288195118,-0.0011537189413520317,-0.04509791181236801,-0.00040690319558174396,-0.03504299505340551,-0.02915507414188636,0.0019984487035120935,-0.018506586122575903,0.024769564442086344,0.03676358904880827,0.008375143914619836
2023-05-18,0.2509043379870111,-0.24258844171732036,-0.02124242143422071,-0.061326410472609345,0.04621976330871904,-0.11747689790038265,-0.21249685019611864,0.014113432729708743,-0.11783746814489308,0.4131489257025852,-0.10491410301844074,-0.015268167681228018,-0.034399469865607185,0.0975975591655226,-0.1177842860744452,-0.14071391574972833,-0.1521770088818376,0.06276461928293002,-0.27757126337436855,0.02048753493764477,-0.010898005179718515,0.05159095855716858,-0.17472514929968866,-0.04376463981082264,-0.028022347638516416,0.004345599499482852,-0.09172566157656999,-0.005588729613721396,-0.0100617648707889,-0.024034799698416338,0.0075150265280988565,-0.039288107033107894,-0.048269376829871515,0.007379699389473124,0.026789153851458816,-0.03742499093021467,-0.035382124170555945,0.0113086673938693,-0.03748856739856901,0.036294159297473524,-0.0038757168541833087,0.026841394730222713,-0.005503800067643279,-0.031184581492251572,0.0028639408422909776,-0.007900847943243906,0.051192623482304876,-0.0033954502874809396,-0.011020579432645203,0.02283676231361729
2023-05-22,0.137834133891115,-0.06910393329105102,-0.16352840745711017,-0.38776649668342517,-0.18456666626462892,-0.16256707570179374,0.24155171062864067,0.15687737243197344,0.09061262796062311,-0.049552237112410594,0.06364685604284413,0.10636022128727464,0.00045960759364605143,-0.11427109200225906,-0.012826499446786373,0.009066897255510529,0.043566608965948835,0.05779975870083944,-0.1644930662676069,-0.005474207243836174,-0.082946918754469,-0.07062277628628864,0.05329965774434427,-0.04394742164437883,0.01110967277181614,-0.026567955373632764,0.02150690460409356,0.036077061715977396,-0.01988538862897671,0.00796215578063848,-0.0289001326468144,-0.012880562758443164,-0.0032634844463451528,0.048389411094116985,-0.003144303180151291,0.005519019404630728,0.0201849344692091,-0.030477625984729962,0.020126172696642707,0.03108630260445853,0.04477551219208874,0.020572869350299852,-0.040154342836267294,-0.03606162736272179,0.000341334264121227,0.021487102470202815,0.02124407353613334,-0.020775340198158118,0.053509178994790116,0.04951831716925141
2023-05-24,0.0682278556468263,0.017253716515998187,-0.12317561644365999,0.05082203729727442,0.3371087521932108,0.0026482073026195324,-0.12053667693072463,0.20845645113493022,0.02769567971692445,-0.024775778519788093,-0.08836854826241554,0.10447326559134011,-0.018593469633854276,-0.06794769827839306,0.06615290418290165,0.029370215202776953,0.06870800043774,-0.009905976901100942,0.024455397365002414,-0.02410887473291428,0.032653797334363584,0.00292871839219915,-0.033103970687582404,-0.05492580716321984,-0.03420987430902332,-0.009484169866061645,0.017497333474316822,-0.07055006332770465,0.034984660875218364,0.0011828580035633785,-0.04301378069270933,0.015897774890515994,-0.026986752318850636,-0.0033312590832834674,-0.0030137078804651613,0.029750530584477505,0.01731181761654722,-0.014965973159158156,-0.03927510007940714,0.024215038297613234,0.027519225389250525,0.022764593659594,0.03647254094950229,0.01721825427608862,-0.019339921373121273,0.03270030571331387,-0.014251461609837309,-0.03218863257205178,-0.007317320175148547,0.01849419981367363
2023-05-25,0.007366767879316249,0.21131885274917298,0.35059652324688906,0.03990652140073347,0.03243005036025109,-0.08815085970171391,0.04129044957427856,-0.10845190930212427,0.2478662465201068,0.0716987700955104,-0.036625875691627494,-0.04111398357329403,0.018244112102178873,0.017972361808857893,0.045167622851046134,-0.0480046222025598,0.009750518448350162,0.002850917002287035,-0.014457444694917733,0.0923635053986442,-0.0007126107952508851,0.062212292238715786,0.005533877198491854,-0.018417804619338528,0.001118542336129302,0.04129982805311252,-0.011771768470694286,0.05837070668401413,-0.0032619738369243905,0.03264166371301237,-0.04235936568168222,0.024803517645216062,-0.0005797614390096994,-0.014818492173537732,0.01790203066096172,0.02973415480737972,-0.016980033414258487,0.02512169045425147,-0.04022621059487233,0.018768888760840777,0.029551249673366996,-0.020634186661265094,0.02647044370304017,-0.040322823524068366,0.011562606607962413,0.001735170333391477,-0.008845067344098012,-0.02448982490235026,-0.0018945870221798477,0.01675913663404624
2023-05-28,0.18166816340610398,-0.16336566683452816,-0.1796548634164863,-0.1559764733704122,0.14850303150589383,0.08951988866299733,-0.06559480626561365,-0.15505260630613396,0.07054417089273818,0.006115106843314449,0.08272085107231314,0.011346022045554677,-0.09370483380203772,-0.15964121394241165,0.003400910030006689,-0.047302520208132914,-0.09437573542682509,-0.014457184066346197,0.05289191967325461,0.015242201705050362,0.04094345036356297,-0.041377410919585425,-0.004932998788740357,0.014570191985946284,-0.019403755872714097,-0.01739826756207741,-0.028029213878013774,0.053965361036820626,0.018273948261424863,0.04267843477298281,0.006471131682710058,0.017966606809958673,0.012768718433294347,-0.032327234335193945,0.008742987667077796,0.01992975139074073,0.02012010054521465,0.003784657658316249,0.03184211882528825,-0.006730118952426459,0.030379709218491483,0.023083595165252897,0.0003920730387658959,-0.055151466330133944,0.010445747164887057,-0.005054635017362929,-0.01113160919379665,0.016181788189494003,-0.028141277616480664,-0.029093030819205667
2023-05-31,0.07673423600487903,0.5559344995595352,-0.1153790204819,-0.007417654350104414,-0.210861374236716,0.11476363100754663,-0.17513916601430157,0.02162376660740945,-0.05965729550813629,0.0020089547377246733,-0.0325046920029686,-0.03948764444828423,0.019776062457657066,-0.018140849586420493,-0.007253212057596482,-0.011621737314339263,0.006348082045123825,0.0019167021101475484,-0.02137627773740468,0.026394102945916913,-0.015090168479693262,-0.01962846590682953,0.04539871106768551,0.045136560256171035,-0.04081175655287085,-0.014604531442370136,0.005437176192638043,0.0379244662188844,0.0170215608736065,-0.039004353280655636,-0.0480723183987188,0.04326588559299019,-0.02950544787503311,-0.08489172411351703,-0.0031648261589098735,0.0014551964619191348,-0.0053870198999964964,0.0042163409591309065,-0.03684769105924455,-0.04672893339883401,-0.0017750172386164751,-0.007699152089392944,-0.032538383915588866,-0.024148000091655315,0.031164033334005064,-0.0007976909444828357,0.0024898555654889946,-0.014318738701415585,0.03001243857145293,0.014093167365328443
2023-06-01,0.08640321279909693,0.5382483683190046,-0.08820657672274174,-0.00011625364223464842,-0.230281221872797,0.08697713004364117,-0.1835195227983438,0.002824033970570686,-0.03609486866009707,-0.014685808750365402,0.02484928140497595,-0.046604265068653505,-0.010128476214309989,-0.03560683621640952,0.007674261947269081,-0.01224025876769553,0.03153985799582565,0.001992024779699243,-0.006070839892723109,0.037002054265977004,-0.007412737664143581,-0.023079392038770106,-0.017331965720802294,0.04490271997729241,-0.0138987315797561,-0.040791605943997736,-0.010085654903835312,0.049595639574871966,0.040533959994181794,0.07075054596846683,-0.02004215390113864,0.0326200914278831,-0.02504792539567179,0.019189172483297073,-0.043195639835427346,0.005152709395105881,-0.07174724812475773,0.013913132634310009,-0.006189565807816163,0.00014222483740055172,0.011269711590033307,-0.013045832140862612,-0.04026087918667613,0.04512990713688816,-0.050894025770982,-0.0055632159469300195,-0.04460192822053119,-0.018440129960017728,-0.01444208190056736,-0.02123192740116375
2023-06-04,0.1909388389696938,0.026868705286100723,0.16863291003583886,0.1685662255676976,0.0843881644031967,-0.011027780249483267,0.05484989754507991,-0.028288440409090978,-0.047183723123701025,0.07192931195270252,0.03461789646148844,0.07442647009298994,0.08984125547776377,-0.06284557194623284,-0.01592161304607591,0.05336291624995868,0.02672680428906976,0.10147276992789746,-0.05468004571978408,0.006558408704904226,0.025230785434314815,-0.060307670358623715,0.039360370434612414,0.03953618778328306,-0.0453844367849672,-0.043413394704112825,-0.0030279050532613,0.06877574532595791,0.06854071667899332,0.04030304651866628,-0.045211754409068834,0.049642469305252526,-0.036036585454025244,-0.049165063364784746,-0.0566639050650601,0.04391151835962428,0.0011171523989733946,0.025363642241358432,-0.08547899263950423,-0.08794257294822971,-0.012372339083783419,-0.004329701418414878,0.037365529027729015,-0.024562855961874866,0.027687414634232677,-0.027856936999356003,-0.007938527850498112,0.04247173756711882,0.04538847054638927,0.027453711909882994
2023-06-05,0.23820424886825306,-0.1501421700000556,-0.045790269205158086,-0.019362814791050044,0.015114696954339634,-0.03339704442824172,-0.016758517847652945,-0.08518529110166938,-0.03514198907840983,-0.0719492944842663,-0.0474270786853697,0.010185554093273876,0.03642340091221961,0.0646163443772993,-0.025378140933211255,0.06410967664519744,0.005547676416107399,0.004737802966148181,-0.0030144500868211667,0.0012975762728544245,-0.018993452736710017,0.016434278003723508,-0.023199021685935066,-0.008524878365813953,0.013378467386686826,-0.015363253265903359,0.0015941313938596026,0.06079865327030833,0.005058300695249752,0.02587260848505282,-0.006472868427872031,0.011947405981740164,-0.0450931717615631,0.0011083676524341953,-0.0101857244352208,0.023905372302297664,0.0014394377334606776,0.00177123272494009,-0.00361646333066955,0.006221334961891579,-0.030765458500555187,-0.019841742009216096,-0.019210309243991953,-0.00514445291019143,-0.017646478473068106,-0.007446401414745306,-0.022546642754904447,-0.009710098458639328,0.006258625348710897,0.027875019595158774
2023-06-06,0.13006479405457855,0.0753514613969901,-0.15397334931379808,-0.20138598492212723,-0.09172029870720257,-0.10029842010359025,0.018016915527294668,0.014666887334707838,0.012980506038784423,-0.03940522933156302,0.031236252276014627,-0.03153525256031511,0.003942122012228726,-0.1274640759462484,0.034394495350760126,-0.0027884145684852002,-0.06205599365060991,0.0035504656816795588,-0.011676618688007755,-0.0334841916971531,0.012995502020561123,0.023743552660099202,0.0108653096017821,0.012580851942240442,-0.0016638258182110927,-0.020474135746992684,-0.020993627470688513,-0.022171518086525892,0.029353165524055303,-0.014766122169281855,-6.846944444573835e-05,0.019300127521733573,0.00687486268388462,-0.017031918793761824,-0.018269325562542488,-0.02630716940501751,-0.021089633600003328,0.00972464790489218,0.015140381230921254,0.0012437435927569755,0.010460475069366548,-0.008746958532104512,0.00579174437152207,-0.043781282003872844,0.037657597674896966,0.010928188567286126,-0.010341554461242495,0.020246036686866774,-0.03474223133948079,-0.017563355079773562
2023-06-07,0.06917724834439155,0.552466261032007,-0.0728737762130412,0.003918333081267928,-0.24691466034305065,0.07016987815863819,-0.22648613816072047,0.06993217195654125,-0.026502375301989557,-0.03540968953768434,-0.029738652041539176,0.016643982478889117,0.0022568915633730275,-0.06905513512428693,0.013378388172051503,0.02414336973060331,-0.03390248936824421,-0.06521035621290745,-0.030167070525074193,-0.03301885127492189,-0.020363340256504017,0.06354954014739848,-0.04265713416868887,0.10247532231924962,-0.012287602232700609,0.057585207055416775,0.08345604297423999,0.019202365456012237,0.0032666145972150085,-0.03747737956905422,-0.03350256400952262,0.008247865240592865,0.03375096374796773,0.029535107260274463,0.01926035263339061,-0.08662686896646256,-0.009119730806951274,0.000813184118286994,0.02536221228689066,-0.0345339802953114,-0.02646845256804384,-0.01739664580939398,-0.01640110834204857,-0.016852111892085322,-0.02097207573033634,0.000557648413733257,-0.0012494403406088288,0.05472920250248659,0.005882957528728209,-0.03214765369275172
2023-06-08,0.11310558357572115,0.27147956926459355,-0.06866947449497508,0.03360890552035987,-0.047699511433303476,-0.008578589082416625,-0.0422553079598991,-0.040669572095876905,-0.014393462083419045,0.04426490338465697,-0.009290249991997814,0.03406037493727521,-0.011889979251075971,-0.03258594094541568,0.006173517067971946,0.02758105677539525,-0.02501496734567569,-0.013246157739417144,0.02082297958841485,-0.023315810031688877,0.05069323978872927,-0.00305784893387636,0.004531238207905394,0.0025136512151505584,0.0021170888424571974,-0.002229764537792686,0.03359706247467566,-0.01430132376310403,0.01844406785407663,-0.0130539797241029,-0.012639968310651901,-0.0011617565067975253,-0.0058607127021310015,0.009866843915410959,0.01138038474406439,-0.0057333596843102425,-0.008746394387973356,-6.660892181768819e-05,-0.004710207625977718,0.0026121497393025894,0.018327181052131283,-0.009843794034939119,-0.0031240340401819436,0.005850643314286559,-0.01586271456887196,0.0067295001065327265,0.006019481005072643,-0.0017613948490327578,-0.022559936640885087,-0.0009964411408621282
2023-06-11,0.18658104704811704,0.07188225983070337,0.07636122142821514,0.08837693475668737,-0.06548405005169104,0.008356064129744108,-0.018884018121245103,0.020719860671241375,-0.04479837486390487,-0.02630704134574336,-0.05454299269896324,0.052631753848901695,-0.05637360545542017,-0.03764387108864876,-0.011042923549266965,0.012672587490625772,-0.0082886683694268,-0.042042095030889515,0.018181090663636167,-0.07196415682127266,0.03600867331651444,0.03300629267522219,-0.025389439672383777,0.007689904687515081,0.021998398650108674,-0.0012884580836889914,0.06657520935889297,0.025293572142867808,0.008559240389704672,-0.005718976771129069,-0.020876583491962336,0.012279841580895947,-0.02465390602471741,0.016191860365879246,0.018396772343039495,-0.0012688169072948162,-0.01880764281146228,0.005760061413791149,0.010766351007995114,0.0034190713248819565,-0.016413188278266898,-0.024076709351250353,-0.032626129518309704,-0.04821780878653171,0.0044227937527920825,0.01138551447084246,-0.025559162319953352,0.005403928191695451,0.01252808606640264,-0.019279911672902873
2023-06-12,0.21625546286169117,0.02774225410912054,0.10997587255757184,0.10285118102133513,-0.04577707678573215,0.005762448467415534,-0.04645603686355631,-0.029667159747630203,-0.01911289467062191,0.06995362718447841,-0.023237239960961394,0.024277872424552205,0.004694222410520833,0.00077025891946653,-0.012349803343807968,0.024488777297815584,-0.0014274862014444318,0.003733193900997738,-0.05291093548519014,-0.03901105286218873,-0.021373208197767956,-0.026526281624036044,-0.02737490690203161,-0.04698607676796478,0.03147075828645364,-0.02435326895495427,0.012415130589875072,0.0006951351494908464,-0.0034125818885937893,0.00022869830656663462,0.021825504052730007,-0.011642339127809974,0.019554144592794198,-0.03182559834348572,0.016457227466479724,0.005902491574157751,-0.02234310444053145,0.010755651731092417,0.021472031427399382,-0.010711525847602377,0.0010426892260347557,0.009956854895832253,-0.008132919770432847,-0.021900826841522884,0.02083067047718354,-0.0037745244533569974,-0.01400038774335438,0.0025352867717741636,-0.011979472250436458,0.004857111338150308
2023-06-13,0.1628067694187264,0.2597427217027611,0.04908857426924385,0.04585248373467584,-0.18707636955761867,0.05410205083716338,-0.1534059646373722,-0.0012530808655729765,-0.004391026472632568,-0.033575921703159685,-0.0017076647094276926,-0.006930554846752801,0.00920592774240916,-0.04483657582270353,0.0037527364147493074,0.012502902490446034,0.026059906249469404,-0.039233238524652644,0.016677106857893892,-0.04099115046731386,-0.007169223343914535,-0.0297153629681312,0.00152495377970285,-0.01204633435717667,-0.0045950906966080755,-0.026312658946632015,-0.012744756586744376,0.06299443854407602,0.042071006887142194,0.02783572015390312,0.02680180064566469,0.008972308701764995,-0.013923863884699555,0.004902090073197771,-0.009474572668500873,-0.001985447823628866,-0.025497364683170088,-0.0226592336372787,-0.009583400344438647,0.0054639378606147855,-0.0057439873486877435,0.023180079984406143,-0.024416173960803415,-0.06994571459470621,-0.0035427210305890495,0.010863342326146056,-0.024294351831046265,0.004841874633687749,0.028327268737508727,0.022947216715667653
2023-06-14,0.13568868103156523,0.10535674929462785,0.00024125160073336255,0.05201094739170273,0.07341385748960658,0.008012764814218372,-0.07852454333831337,0.037180029565279805,-0.0072269600817017965,-0.01653699240103149,-0.005769677881883702,-0.006424851934745082,0.004845173310211101,-0.0069438138901259435,0.01550817387234427,0.0029327880152863685,0.03281115411197793,0.0023116071387159877,0.004622861387073919,-0.020567742921623566,-0.027038289522932125,-0.05283498229091332,-0.0010006093107077336,0.006263841672408717,0.010684723088933024,-0.005257195431914646,-0.01615847545024012,-0.0019084781092072768,0.022873259491775714,-0.01362175198477106,-0.008284683782399112,-0.004493355971689659,-0.006523077351530576,-0.04213855954523043,-0.016689587375941017,-0.005294483472375962,-0.02155751470313781,0.008935859905833784,-0.008256675730961859,0.037218819665044256,0.005064527356919197,-0.027209272993444365,-0.010043610309741678,-0.0063612962281192975,0.003889853333691145,0.016746567368323712,-0.026441214285350442,-0.0036552400633992716,-0.003951805943506611,-0.0034471488155462596
2023-06-15,0.20694969491817844,0.04825596725398438,0.1140334885243431,0.09726605777826525,-0.06660068914741708,-0.007875418924007118,-0.05189470848003278,-0.020669027515488693,0.0006539553764164848,-0.042315141993116694,-0.006072304178185169,-0.02239911943692807,0.0005871574166704108,-0.02433848816358551,0.009447794944356927,-0.010235943852428308,0.020377729969422956,0.0230304063689345,0.009962404774693418,-0.012172325611225212,-0.00033415141410894785,-0.03350108081143379,-0.027476487737245127,-0.029306811730959274,0.011668594471244242,-0.0006201463399228749,0.0042587869339626265,0.03654345050652925,0.01383280149127727,-0.004521550661187437,-0.006332994746299605,0.020770298883554708,-0.020836985116267637,-0.012337804983681621,0.022083450136570506,0.00707289208610165,-0.024727594537053386,0.0010512683717950697,0.0036206255806387655,-0.0037757180022382174,-0.007935891364414775,0.01552255208609314,-0.03903352340423994,-0.0323775569964797,-0.00018369616798135995,0.022111400994478295,-0.01023425814620486,-0.0070885687129505605,0.030896240064316467,0.020648935490036064
2023-06-18,0.20064541767537877,-0.1037113003237782,0.09422273999391373,0.09423545530782865,0.01172931234263992,-0.07920329298295008,-0.06427620732415776,0.050219294932939224,-0.10107022107135603,0.07211370026358659,-0.1017826152954229,0.0014448965927271542,0.008809413655672232,-0.01032162021018188,-0.08025622907916831,-0.04364198398854741,-0.050991629717369244,-0.01066852665108634,-0.0489276699301373,-0.023565859336999787,0.013195030203531908,0.002369170002727079,-0.05864316499992831,-0.037344660755944566,0.034797660733719614,-0.015843847030593806,-0.04342175842339328,0.005549696422568403,-0.04076324184930367,-0.016477202567793253,0.06773085596886841,-0.024687702165858937,-0.00045044899792143656,-0.0756479578541672,-0.01648679296058672,0.04028166216247967,-0.05404695245594624,-0.002147709135665675,-0.018794196652074747,-0.03571162352412498,-0.01815898301947082,-0.006548441126954754,0.025014234043761244,-0.03198341121330593,0.021228396791441527,0.0058630694977052904,-0.015919700926546876,-0.02179079681165894,-0.0007736716326176905,0.021154613089021748
2023-06-19,0.21466172471862133,0.11456729149127652,0.0569982674278806,0.09976551314219284,-0.061451298473742665,0.01563148465416072,-0.049672192618373204,-0.030901022252917604,-0.022018909673178846,0.04418417231186456,-0.003179810325880165,0.013418884529674815,-0.026428129964227595,-0.00702503226115677,0.015579020863103464,0.03412228365309332,0.025442850343988816,0.024147857429192524,-0.014120794826026548,-0.009575784515848425,0.0017592642819198355,-0.04577592315109982,0.006071647117792118,0.004099626102642575,0.027902572326430904,0.0038968574872718887,-0.021048033062002435,0.007792194881885646,0.011934397496053226,-0.025938641270311525,0.011009244739449376,-0.0030862262082626945,0.00469279042592875,0.013441809671759354,-0.007657041479203568,-0.021134804691413624,0.012026300988787288,-0.0012038282143460562,-0.004379205573605908,0.011769907842081687,0.005566504857169742,-0.005169189354715267,-0.025356529651524688,0.0046565699724426006,-0.007832541327779262,0.00541933333894611,-0.03257164379429062,0.003379901053269731,0.0026294754506460648,-0.028303469866073214
2023-06-20,0.15618622996266832,0.10718539440072872,-0.09690336068665903,0.03223943433705827,-0.036146028923968565,-0.024008157003513986,-0.04168328674351485,-0.008088761962773429,-0.08524633594760388,-0.07378918526655073,-0.02883770551854004,-0.013202395557921007,0.01974374658247974,0.022976454527762032,-0.0031271837181684496,0.05531612093397792,-0.011621232325692822,0.008393303685020687,0.010421340867532923,0.05491025257876485,0.004950624140378814,0.03260752567245028,-0.028363005182395054,0.0028411529248635737,0.002452973436395321,9.336215957877896e-05,0.0357424391212289,0.04195471861830321,-0.01059816924380998,0.0032706519922543064,-0.03058120690671376,-0.0006815568728194088,0.007893513796864343,-0.03235983245884957,0.0022101835464048525,-0.005980692848489059,-0.0010319317168593295,0.009731237322438129,-0.02614573183083375,-0.021431682195724975,-0.012576789605051191,-0.008449493499539565,0.0041068717524310105,-0.0034943153658162267,0.011302868893967389,-0.015539755714023197,0.0012585070346948681,0.0010252854786408855,0.03120752390589176,0.012104150560816797
2023-06-21,0.18319436059690483,0.11828538540899369,-0.10301489666670859,-0.035250453284013536,-0.06313630530000028,-0.033634050075769834,-0.08440676516478807,-0.047442246512401295,-0.016194100386385052,-0.03701677576779587,0.0038107402277845967,0.033375863836426954,0.007253810866900719,0.05922777339350758,-0.01585273193078811,0.08340387661049566,0.03839671718160826,-0.018970851169389687,-0.014595718203926297,0.04809653356430174,-0.009825326844484589,-0.021980383464989733,0.0017114854213585084,-0.03244154794091649,-0.004171814558819001,0.015027769680793794,0.006074997199982447,0.002201401158492487,0.01567426480785855,-0.01065466650537115,-0.002316021680677556,-0.0007728849925538708,0.01155198014180402,-0.004822259800971768,-0.0026798355039491495,0.003999696865263729,0.018838196681908996,0.008138648023034486,-0.02554650334283354,-0.02096151020021509,-0.016635715715656783,-0.01395462747814747,-0.005652677171772059,-0.022791590648269407,-0.021282338931622204,-0.003408243932900029,0.0020241150319813012,-0.008577486952584616,0.003960350928169029,-0.0057096588962468635
2023-06-22,0.20613840736636502,0.09752323149452886,-0.011519023587160598,0.013549348462986225,-0.07578083971768955,0.00778396711370839,-0.06369961783818522,-0.06451203123353218,-0.005613614208474784,-0.023173072547266704,-0.041245905130739564,0.002071385266781679,0.02740104658562154,0.01223329670212843,0.01176139717451864,0.017583966176639192,0.027084525187856298,-0.0225861689747728,-0.005360638194110671,-0.0023943081955683045,0.005502836359426269,-0.0016371021339380476,-0.029053773578309287,0.004836777831260577,0.013204458200230194,0.010314580954059545,0.019918429537452625,0.0277119349721695,0.01697272027045758,0.004274592482719251,-0.00808318749027812,0.009330840065522306,-0.02723493686429089,-0.00405783173120699,-0.031507310437865775,0.0009720970198336656,0.011616249148972265,0.003412838357586137,-0.01696041981762186,-0.004959871445568623,-0.003189510497195347,-0.013552212767296646,0.0023177107530920446,0.006547599002632655,-0.008020083852401749,0.002588975653896642,-0.010445123335916668,0.01649525412981707,0.00026794803301942774,0.0037962782368451604
2023-07-02,0.1913931268177552,0.10406529801625604,0.1173905858916928,0.03955622288051934,-0.1116182262015418,-0.004320881988736222,-0.11175130250844725,-0.04101648104789531,-0.02468559256554352,0.005833608782394316,0.0024992009494922553,0.012146162221496653,0.005274178787002959,-0.04003643963083067,-0.013053456256244093,0.05001159012160369,0.025911537365605163,-0.009389608002586399,-0.01545244437896009,-0.03285552298646058,-0.004410123220999877,-0.012517413615503811,0.011338792133060709,-0.02293697625526558,0.035622637814975384,0.010304378858175173,0.016655602116748047,0.01711311710404965,0.0177809142012692,0.014461737734097917,0.00706588996810561,-0.022921743676907275,-0.007060223064892895,-0.017450570801566832,-0.006847114270160226,0.018559771319350795,-0.004590680448526593,0.01588827713672496,-0.012009242419620633,-0.007578834297661973,0.0045090212665149145,-0.0072873778042493575,-0.0022780724754055837,0.002430364028091776,-0.019282580212647605,-0.014265930383672987,-0.03635998558903407,-0.010137694722830553,0.012713747603875909,0.003963934619725492
2023-07-03,0.284289164115436,-0.08591975012569472,0.25837700385491474,0.15429583412510317,-0.05441650820085172,-0.05593250431259495,-0.0017006119356156807,-0.0589122764958397,-0.002630285452138751,0.05352060331001427,-0.010595690060378358,0.09698454438308882,0.013111373764425881,-0.053842449574384346,-0.010382332541340335,0.03521244127147385,0.009486236518584322,-0.06399275628234999,-0.011469203160904495,-0.04696957793085155,0.032392023919922276,-0.010222779299485766,-0.03080467123654199,-0.01631586022572683,0.0008658607869888189,-0.007147295911329729,0.05253686659303651,0.011987333333239402,0.029529343689837378,0.005869828011552571,0.0063343757303816126,0.03170275646193121,-0.0034610398725510735,-0.02412972200725993,-0.0524209464416672,0.026783858756624652,-0.020055231299593593,0.030895593907759564,-0.03931132713557936,0.004416563163114563,-0.0012970603214857604,0.010773829629172713,0.011834038933872285,-0.0013720994670513309,-0.0038449375113820167,0.04165911027485503,-0.016514854293945003,0.001128013070926064,-0.005309117076065391,0.009756162222488146
2023-07-04,0.29669382921201637,-0.15126038401477054,0.21292214612604038,0.0966732426782858,-0.08266262947446236,-0.06778416185720891,-0.05456152555455475,-0.04808270782743076,-0.03529370234559773,0.001497843883421384,-0.0020426695303493365,0.03449187095460665,0.02623472901309484,-0.018328978791458343,-0.038990860520971365,0.10453920987718655,-0.06891518051965967,-0.05168008066087693,-0.0012330851659211536,-0.05748793469290506,0.012001505249064175,-0.01585161169952779,0.03744357564389952,0.00960943767549315,0.03982996753723826,-0.023736765557720117,0.013933640437238774,0.04063584440598902,-0.016846561877623217,0.02213871303141057,0.050916452051477275,-0.015682535068683442,-0.03172278879915337,-0.03328714283978769,-0.00034145837531421715,0.04156271330947564,-0.03356884765443822,0.012696612210907501,-0.0004073191841813422,0.012628252488334485,0.018929357925958356,-0.014403019538126633,-0.024038285969174244,0.04413627632375601,0.011766164822391581,-0.0008580729623785367,-0.03991095098705221,-0.014559701619130875,0.0008383276473199517,0.0012492821537076293
2023-07-05,0.06849252519370404,0.5390609805545736,-0.14087506341181272,0.016245446067584594,-0.24980502525336096,0.08626846210376192,-0.16367662445136144,-0.01428464153565183,-0.02073468191024051,-0.02930337644440979,-0.0032798746603974927,-0.04238685825067289,-0.06016047987583917,-0.02735005537782844,0.0024285131346417077,-0.016312558500259706,0.04507861090619074,-0.01824365746501718,0.0015431083670915018,-0.011260546192854467,-0.03387606980814499,-0.03515441456506563,-0.013349749830071122,0.01678052675707185,0.01684279757584067,-0.06913362802263431,-0.013476391155201497,0.05081891362986008,0.058541444928015024,0.04542874269395658,0.004604942546650268,0.02123396104373574,-0.012132825698071238,0.03989015039338809,-0.07240988669453617,-0.004048222948975964,-0.03864233533789531,0.0030908189699396307,-0.033162529761705785,0.02328467683895599,0.0030586809155870743,0.05511914317312897,-0.007634649503362005,0.0026247604867081268,0.04072756952074935,-0.02730669016893913,0.010476594139218155,0.02929706500265463,-0.023968780294297398,-0.006909081481477643
2023-07-06,0.12178656419839007,0.12458680148469477,-0.11100005139338821,-0.013093813115894274,-0.07476503498663391,0.0011891675912736653,-0.11622235231361895,-0.0017390953159202409,-0.03357939197310986,0.10533851948614652,-0.030410987524851846,-0.022903316812840243,0.011877803700526294,0.0307271569986933,-0.026504619218752423,-0.005530862585488684,-0.06647299419091716,0.005782713864104276,-0.0833329767532794,-0.016687848713579555,-0.036869129824958,-0.0003403170730103708,-0.009653793305325176,-0.018255108747742905,-0.002646526940585692,0.03138465041280494,-0.05971498433800443,-0.039368427462438516,0.0226489616089998,-0.002259425413291946,0.056994290489557474,-0.03536531709457682,-0.040427470955030645,-0.031007238115686554,0.055344937915727865,0.04931411217730833,-0.0326652560014874,0.006741732278826935,0.009461732740616123,0.019486014510122433,0.03230110999439814,0.0011057745499400886,-0.01483726975267895,-0.001868087731152099,0.022120672076845642,-0.019228137772214167,0.04111857112423695,0.007680927512855475,0.003916227331766265,-0.014016689106455437
2023-07-09,0.21766470837638868,0.14297640308856321,0.08873928729032693,0.05626781666457752,-0.17955331882761089,-0.002981653996026312,-0.11402355958191768,-0.06061242831461797,-0.020797558103850484,-0.0036129035243572384,-0.008128976256881236,0.00822006738473458,-0.05709706334569744,-0.0377215871796078,-0.04455415465162364,0.0008281441764394558,0.07514820061162153,-0.045967999987499356,-0.030847198781889743,-0.05831678359279695,-0.036942543111333236,-0.07328997341396605,-0.014965211095317954,-0.02078547225998679,0.012613246881923395,-0.033219608688032844,-0.0018750902227482854,0.06014390689894089,0.0704909073367585,0.04510596473026668,0.025519105564491353,0.004353439607341866,0.0005164708406925733,0.004837435286099774,-0.06133652230472838,0.043795333345479116,-0.04067810888216661,0.02500522994780112,-0.023161721272771756,0.0009618488143663717,-0.02190790943083185,0.011815084333219499,0.009568221091862634,0.012435895551724103,0.0044690794491117555,0.001047931225692562,-0.02199092359637858,0.0022097197482641795,-0.015090401652600283,0.007660696220363337
2023-07-10,0.36780324345539,-0.25531122504457027,0.3371753823165054,0.11774535927684573,-0.07197601707316814,-0.05231867828990842,-0.0621096705905147,-0.057423047551505756,-0.04462100729570454,0.05685463497722401,-0.0034822488653431906,0.05226451703649504,-0.007196166295142812,-0.03497261579988737,-0.011712230473734599,0.13580470389375526,0.01028674459617107,-0.055402708586561905,-0.04268680184371639,-0.055619277709906184,-0.0311178010688314,-0.18788452389729726,0.04180400415046052,-0.007048544830582072,0.04935478169994205,0.006918960538576149,0.0033395202998064795,0.04799937266762962,0.04361883617486903,-0.021316737277119937,-0.04130494661468165,-0.005556409917174024,0.05815379946168208,-0.020258906494704593,0.024416274239429422,0.046567208327691366,-0.03017771798230411,0.01313725202029262,-0.07672558380627273,-0.0021144460613571926,0.05759141920779661,-0.04570141368170722,-0.03308123449779788,0.05461085785229649,0.02404493685076374,0.04982583634239598,0.01327184248229498,-0.027360669751594208,-0.026261486877980963,0.026083872122275288
2023-07-11,0.22463995768310935,-0.09859001304126606,0.17465164883433126,0.05361519262458245,-0.02889784838071331,-0.04298957271810167,0.004540688264363072,-0.06324672387660336,-0.05962927845114409,-0.017488829244070296,0.06055450047472246,-0.012015366601980638,0.0093967036398539,0.002041701846855889,-0.07151006347481074,0.06927269855919803,-0.003742410230803784,0.0018880007473882267,-0.018525545710286858,-0.035469569995920394,-0.021983492726600037,-0.026082552894120183,0.08447925654903626,-0.014818033165445603,0.03968276027957108,0.06730899137755704,-0.01979964475848973,-0.0392233801204164,0.07671878081796066,0.014953732323692355,0.042757858905573036,-0.01887812740858275,0.004818560375597815,-0.04578524419205826,0.01842495150654277,0.061537117206494206,-0.06722566982288976,0.056666551653484415,-0.02760107612121426,0.011843689421232012,-0.023700922346857542,-0.004121013228608984,0.002482552323829312,-0.006619912248593289,-0.01897508830575992,0.018057884501476173,-0.06734440843002613,0.0153010743839563,0.015273230986811622,0.013169440752590638
2023-07-18,0.1922054608601804,0.12966244808506835,-0.2142184057261016,-0.029590000335988662,0.23030837841891535,-0.030489408912046323,-0.01531880364876896,-0.2341807301040253,0.13585632210419188,0.026893925348180858,0.0864188382453995,-0.11343238658339666,0.002940988043227174,-0.11080068171137471,0.013926025883643731,-0.10415629109216783,-0.04780237708324097,-0.09018082693641631,-0.03747937048018692,0.05663472706479161,0.07115321383223365,-0.08922749090271619,0.09009569515142594,-0.07709036309998628,0.01345095727780638,0.018616967313934894,0.06845827421111156,-0.06582629228633669,0.06468209977315675,-0.01128421461144851,-0.06053973808574262,-0.16112299210361786,0.004987226584203192,-0.04118435708542373,0.012634704228556138,-0.059581726110216025,0.06321256182001889,0.07930536435372143,-0.05030280462779511,-0.03772405387604653,0.03242875660250208,0.018781092052772654,0.013329923257747015,-0.012148915080313676,-0.04224627930945829,-0.09330437351591785,0.05588573730709515,-0.0346793018514697,0.020476329404276725,0.057321442468358096
2023-07-19,0.16691072349118066,-0.05752819488654308,-0.18244483835222852,-0.36072702600307505,-0.2636269362805437,-0.2189943460901602,0.2217630430514157,0.1502391218724398,0.09168427342215696,-0.046163794910318474,0.051253833078062166,0.07123651383515861,0.009615980922106263,-0.10811654874985921,0.01829728554053231,-0.031127670097046145,0.0529175745300593,0.13629580556513488,-0.10268553665148569,0.0179240991576848,-0.01586528906703795,-0.025980713408410586,-0.048190422479996754,0.008625354903664142,0.012292760441015212,-0.07568936843885928,0.05192704978782891,-0.008751466579852795,0.010292469776991137,-0.019989788557683574,-0.017470483995971228,0.05600795487035352,-0.0015018189509471288,0.07728412625709583,-0.062046349035667775,-0.05371710532752655,0.01975215979134147,0.01706503251826738,-0.0057772926437612065,0.03782365370530511,0.0018019082813852433,0.048777352077609,-0.006532547097729009,0.0681735323782466,0.02074164470708105,0.018128646087925145,-0.017175142135939386,0.01298408374610363,-0.006408375603229077,0.013371569019896693
2023-07-20,0.13081683267016725,-0.03686963692491532,-0.01642718033205813,-0.34371456235382253,-0.09351069241851485,-0.07444697410586924,-0.05247940305718059,-0.02471649159349767,-0.0012524167708249808,0.16916868262813195,-0.06128137052286788,-0.14614204784141877,0.0640080116750962,0.046051313683028824,-0.17206084328990112,-0.07512108578801595,0.03168007946985333,-0.06338279943811466,0.17468578925254233,0.019836782520173863,-0.08103012682174174,-0.0556345276059555,0.2325728855067321,-0.05483956548780599,-0.0011914772311362302,0.12670702977479015,0.007967015268164714,0.1008016844458775,-0.03287666898142882,0.06490536877990402,0.01254432620475028,0.01193849745807977,0.020956207568979302,0.11327559340302405,0.08046882894087802,-0.04211813260452414,0.027413901533151045,0.038534457433917556,0.01483419432945478,0.12746069352591483,-0.17253123944054413,-0.022128626109564987,0.08014943146164046,-0.0492686556048339,0.0168379103995786,-0.01777570062997929,-0.05090203035344811,-0.081183017917056,0.06737277497119364,0.09572864928178514
2023-07-23,0.10196540914638405,0.21415859482283667,-0.15866325870188272,-0.19419036564335626,-0.2118320400886388,-0.030012520835372033,0.00748470252242535,0.10684226204722669,0.03369284058874878,-0.06452374327612573,0.014578800694895757,-0.015347825018962181,-0.07622072148291922,-2.7759634917735703e-05,-0.014135022195055927,-0.05966548641265223,0.017775738500797732,0.020928376043374396,0.007032615162404197,-0.04150120948726556,0.03289955872159174,0.03447344270989779,0.020476174932762742,-0.044329218450137375,-0.04458660782481293,-0.042930578728275146,-0.06449037473987335,-0.016110797082987856,0.0384131118414281,-0.017355776944206286,-0.00030430025329720675,-0.034860392953966646,0.021642795384386578,-0.10213165398214497,0.015483895521929159,-0.014047127130363237,-0.0017953340589334558,0.006854880291172738,0.020803677769738325,-0.008512189898624787,-0.018426915052921575,0.0015968257616556032,-0.04552828817867655,-0.02229367295373495,0.0035499112888686224,-0.001049384912356408,-0.04750269699460806,0.011065426823997634,0.04938256608167914,0.038909405313872956
2023-07-24,0.2272970856031644,-0.05631697273684252,0.07939496023972084,0.20240695172406048,0.06015932753415834,0.018685641442164454,0.04284432054547222,0.033870090128296185,-0.07140585021001314,-0.1256494639575292,-0.02352778084230222,-0.09213397940045395,0.008199476545724378,-0.05070765076061147,-0.0022359252285759456,-0.023012939810268137,-0.04599390441412395,0.21073823246963153,0.06558226365923431,0.023046501037555272,0.12736520046093197,-0.02875548012386148,-0.05492600683089133,-0.10690937025225662,0.07943434559996966,-0.0919922880235589,-0.029544848621344325,-0.03796749063685558,-0.05930756037068163,-0.01785190699393135,-0.08355143892135442,0.057148077951468056,0.020840649894638272,-0.034653241958510474,0.002475540394287982,-0.017466680249334298,-0.051793427655384625,0.05622157502585134,-0.020102326950797465,0.02017421125331536,-0.05320994679767611,-0.012252823718659673,-0.024700120246515193,-0.013846420328503766,0.04528635702771931,0.04567345628082654,0.00952795603324466,0.032166978257043906,-0.013690069417453337,0.03386360353231357
2023-07-25,0.19697117722146326,-0.03420206621476619,0.1630277678899541,0.1259705851234264,0.18533739570625365,-0.0008204076796330574,-0.08637991636059122,0.12281112248650959,0.06363421841022683,0.0499680186266655,-0.013926379622955206,0.07384776547865925,-0.03991552780511589,0.01158645519431253,0.0031989894242946786,-0.013101997515201323,0.04454834175059058,-0.015519528651610397,-0.02089903063280982,-0.01721217663513312,-0.030495754362774533,-0.04719713588873824,0.09362444236983058,-0.02052753023025784,-0.01473513723490281,-0.10705134140978072,0.047282907855884015,0.07671554278918229,-0.033758191962791215,-0.0472378144311633,-0.0018364769403676426,-0.09931008879068025,-0.017833523335607716,0.025419217850351845,0.024245757639002993,-0.007184102834077329,-0.020724449071592963,0.031088015443269827,0.026965239312149544,-0.06874792728169378,0.015024981094192182,0.028818904545776892,-0.037636697599022606,-0.044263794890044374,-0.003022337008389796,0.005359468702958254,-0.03490545368347784,-0.020963272424875928,0.06724533570831183,0.02684413788866877
2023-07-26,0.09101378546464838,-0.1657424524776686,-0.0867403515303654,-0.11873495303669038,0.18225609430390075,-0.10591151209071546,-0.11670454129194405,0.23182882553345432,0.10456620881503097,-0.1159228483541956,-0.009167552833343919,0.007521023532397292,0.005705189112280556,-0.04352031597027567,0.09197848181652123,0.0254639914564179,0.0028598727322164436,0.06878987193806661,0.020817688508342147,-0.04587209854075811,0.01585502465310321,-0.010585121271606447,-0.0578221367177888,-0.03723009676809204,-0.0579983082041839,-0.005822629257101738,-0.09133674225891615,-0.12734718608069318,0.08613351553986084,-0.049014045386315055,-0.04201460168658516,0.00030424837811717843,0.013961664066277413,-0.0385213643967666,0.003297962639084485,0.01614876012517822,0.014821181621547086,-0.0007979389425088882,-0.03254420943084925,0.06015723902258192,-0.027520868913354764,0.020158037323805618,0.026250512970880987,0.000296846606365988,0.004175364881579893,-0.011316744050477565,-0.03622604054173132,-0.00898189172576977,0.03284703437999515,-0.018751961456894915
2023-07-27,0.14235218445552114,0.23126838019380663,0.05242100067736853,0.09915862420283755,-0.06791750874490157,-0.0031787277186804343,-0.04563770035345208,-0.019686808976072726,0.07455833991689637,0.009355275757822096,0.0691217307073798,-0.0064995566731890966,0.07481555135345273,0.033383740810604134,0.03325479091969483,0.021025280959291216,-0.06259567158797902,-0.05886744711630572,-0.02183756523478639,0.01985471182546733,-0.008693995781020447,0.06114802735268701,0.06922970526381887,-0.013048828057220487,-0.00611797168652793,0.060855357694388296,-0.01390143672019708,-0.028220599331275225,-0.02635885897651144,-0.025823224420344675,0.03094621691776232,-0.05036762328170065,-0.04525370364291173,0.01749825814947643,0.05476505540617723,0.026022560156725945,-0.03913687750084273,-0.0013781640864630243,0.004991554195354735,0.021462847837566953,0.00038877489651728905,-0.005283510678902205,0.016111191573240088,-0.009809362076520544,-0.009850868351963514,0.028575284871446574,-0.028387752482881452,-0.014512169855007397,0.04141657503891542,-0.011475881958988255
2023-07-30,0.22020456486185802,-0.11773939360692207,-0.26606710241446535,-0.13085691757013965,0.18671383095770835,-0.07037686932160098,-0.08054052632644697,-0.28394719254360423,0.015730209549450584,-0.03790969372807909,0.020495303555089835,-0.09250631185156441,-0.009623022775608791,-0.19589108034819647,0.04063339023752639,-0.08701100532940427,-0.10307670161795975,0.007463851902976487,0.006665494239502823,-0.04771392617195254,0.0935718815828375,-0.011513609267294136,0.07777301629397532,0.05196160732044181,-0.04230196266205559,-0.05839226675609056,-0.005955874658581357,0.04861292244414948,0.010544830375928444,-0.04093875454312689,-0.011081882231917738,0.05223126062435542,0.05566184891750726,-0.07024347339838664,-0.03539627118597202,-0.012921356441256667,-0.014472651014698724,-0.019061426629119027,0.04046848788819127,-0.005867672271664679,0.044098164681910516,0.03273385387054126,0.000618660753431899,-0.014425273249296744,0.051969636164981806,0.036567723100569986,0.0011312661678256452,0.014626773659698378,-0.0017267132257650138,0.019851374521881116
2023-07-31,0.3414455769347057,-0.27762317232398814,0.3907685719044276,0.14440044093664373,-0.08984275391867091,-0.03438494537867324,-0.08053849066743884,-0.06888892992547906,-0.04256836371870926,0.0023529287649369816,0.030321931820914572,0.11008591069604436,-0.036994548931022865,-0.05172619465707446,0.010746132263069162,0.09364745393458233,-0.0871616162179453,-0.13429287989553004,-0.08739816623940667,-0.11357009812319063,-0.013247410497408293,0.03356904156675816,0.0035091505687621905,-0.022571388037821688,0.04934813747924439,0.02487018114341782,0.1372319959701397,0.0032631500918070084,-0.0825296063945406,0.0025806663363199,0.025763898093440034,-0.044728966774909625,0.012497272218759401,0.012522593139964771,-0.026774222726612874,0.02389610462352274,-0.08775523812221585,-0.023625072859767327,-0.028716448483173323,0.030000381308749918,-0.02217075082634532,-0.07168332093703321,-0.027286782184476256,-0.06525629702937742,0.00017677193667202292,0.09426524467840137,-0.08069943966589148,0.02251380510572807,-0.0025804870299239646,0.003703152764470075
2023-08-01,0.06195657009451816,-0.12864073815545585,-0.10883712641984787,-0.20646690880632862,-0.13247736847697403,-0.08686154651089853,0.18217394405883036,0.13698366741930465,0.00018289589642482194,0.04962812946727163,-0.009046339517464006,-0.16164667116708267,-0.09315545881691756,-0.08464669068968772,0.1340283843278356,0.04648282821093094,0.04738576830221947,-0.02281719219592682,0.04360001044825882,0.02766963743039064,-0.02778738278521368,-0.04870955671111025,-0.0201114150356795,-0.04099308045092383,0.053153917318817155,-0.07206411300275654,0.027796554963415966,0.037649999105968605,-0.13375785866282364,-0.016060518543295137,0.02463251192033263,-0.0924665045152723,-0.010475222557203224,-0.026075114492597366,0.07302072463224588,-0.011264927229279366,-0.03892966894525836,0.058381287900555134,-0.02118418563642711,0.029216082166085046,0.01609332233664229,-0.015047913916470418,0.015524875037408884,-0.03900473754869186,-0.023848057448297277,0.0667825346478438,0.009344104482605907,0.01608872053484565,-0.016885002075702423,-0.03070348258657192
2023-08-02,0.04454266465023593,0.5229923854352965,-0.04110629940039946,0.02373677727671945,-0.26104722282965126,0.04218118929530281,-0.20088468143749566,0.07764925576439934,-0.04178676354886371,-0.027513278505125246,-0.045748858069970665,-0.013829030588050479,0.025684929705285162,-0.015937762335155384,0.017166319737210355,0.03089590666996387,-0.12168056887292872,-0.12657411228369353,0.016946303486622686,0.014478625924465858,0.008587999450962258,0.07211207647435727,-0.014178570036799353,0.06620770021300967,0.01591474907386569,0.05985720216801593,0.1164029982761062,-0.030746759439023802,-0.019165413464817926,-0.02579077232133764,0.016511446587420976,-0.03818130433110748,0.02601847749152036,-0.008206444311692224,0.011699916699820118,0.007864491666077124,-0.010295121922096783,0.0008697653595761507,0.008379314331788382,-0.038107835911264445,0.014160715929663698,-0.026256806783195828,0.002739967180249973,-0.018447862355741036,0.017806963532117418,0.06760364085083997,0.020764309390936687,0.042112193273093596,-0.025545680128994233,0.023018695924248433
2023-08-03,-0.13257203096635728,0.3147473833219871,0.13193550903374213,-0.13058389848037136,-0.052776059367546355,-0.02140346449427593,-0.11644181699210708,-0.01743666509962812,0.017059850037554513,-0.031590055096543425,-0.12294498044580061,-0.0923212181881624,-0.09373325179333071,-0.05933474187352449,0.007621083217278339,0.0696971425934527,-0.059344427174152385,-0.0007948226012061742,-0.03285942449498193,0.012642879563735866,0.014509655349377091,0.08817425862843026,0.031478279398073135,0.10694338423719497,-0.004218698760150144,0.03756404532326566,0.0038416270087950188,0.03723756850623095,0.013627003390396348,-0.016016326836313984,-0.00362761468993371,0.022156409032618195,-0.023521137206507673,0.019860899807348103,0.010174379476604442,-0.004352341356803675,-0.026091496263806524,0.014283401028688737,0.006496533028264496,-0.043264962864512375,-0.05042683319626713,-0.013526108433034078,0.08085444460606718,-0.021483428630122488,0.0877044297462056,-0.010975119555114538,-0.0009914445513772502,0.02372846413621577,-0.05001593679720562,-0.008321567540619211
2023-08-06,0.1681497435410918,-0.09003578714406774,0.09436377415092267,0.014985845242590527,-0.04547437419829232,-0.08598377591962615,0.041051064809027746,0.11197260717945366,-0.06014897872399318,-0.06681853787322956,-0.040180836327480866,0.028295602865258365,0.030987545672787862,-0.02274507569914663,-0.02904211505724603,0.015521382054050969,-0.12728373517014427,-0.08833576567017463,0.03557214087636055,-0.031297320793314674,-0.010044105593488785,0.04615817699177996,-0.012779518022902411,0.05680521971605672,0.01811441569710286,0.05235825433431511,0.09806412552823766,0.0030185192098351383,-0.041183741626358884,-0.01529568965032132,-0.02021443845215363,-0.019844941642143888,0.00279689063082287,-0.07112477050276872,0.023280880855253185,0.00038095996400272134,-0.05984918990598518,-0.016361096814931055,-0.013078657878616241,-0.027943762487431696,-7.172796959841395e-05,-0.017502904687908334,-0.020571617800100556,-0.023325634359970485,-0.014844128808153933,0.04319129094681657,0.004939308604533635,0.0023519444640257283,0.03896178229463376,0.04515634880559413
2023-08-07,0.2532354500776931,-0.13466410304611126,0.12633398552018765,-0.1380775588836882,-0.1469206970080135,-0.1780537297762854,0.06609550287502462,0.0601869077865575,0.028371350212951018,-0.012471012754637186,0.017986906942679987,0.10140730720715062,0.05762084131754742,-0.06486737139239021,0.01030541307602676,0.01811263402221381,-0.019880244902177435,-0.016713954355909104,-0.0743309282671206,-0.056710430168543303,-0.0038701667778907145,-0.021033833760403818,-0.018196619049346725,0.042139639445070355,0.012166818235017682,0.04388629464310417,0.08363691162066847,0.024153738963840404,-0.0026045626391474484,-0.05713622400537164,-0.015158364452642702,0.004739613999972821,-0.025250124752739155,0.031914294499215144,-0.03335880650873636,0.02333428936129574,-0.036404671781543996,0.023237638330865437,-0.01856461783185195,0.009870299188741593,0.014750895794590872,0.00963679537420721,0.0054011394577317745,-0.0053871444548607775,0.028593678974275394,0.021979074436302568,-0.04523151878843125,0.007550967986885359,0.019284583801641924,-0.014287336721730558
2023-08-08,0.02211076603433707,0.2548074754173161,-0.06983481077326548,0.07498146249489508,-0.15724746716098684,0.04381775947690106,0.05640219048483545,0.049828957116141916,-0.03553587111850185,0.05418112378188366,-0.007509679874192566,-0.19131071668310146,-0.08945959342647102,0.010399951307560166,0.12175516212549672,0.035192980830203176,0.04682412714434098,-0.023806402219227456,0.015580297395335082,0.05396757898712401,0.01245458719234854,-0.007857771239480083,-0.025268341328186276,-0.022595187307041947,-0.04603835637238404,-0.08603193658812937,0.0005379542509833195,0.02282552538947109,-0.0646378627002288,-0.014752372835378672,-0.01592949165854272,-0.06920971898061694,-0.07027551645863273,-0.03602389312579376,0.010410582136088111,0.006201597790399679,0.023305094734391758,0.07900760440540291,-0.024091945694657,0.017107679992501207,-0.0418154281540118,0.03664021961082355,-0.019437340726202013,0.011777223358971824,0.003663453261368024,0.034592240485673074,-0.018307763468936963,0.03941948901822754,0.022984765044555027,-0.0314204810512428
2023-08-09,0.09631943025588495,0.25290613038428267,-0.024411926614953942,-0.07065663867526044,-0.18906059218677726,0.22492292901609914,-0.10133532614757192,0.007530505593584549,-0.002366455221179535,-0.035935318898554426,-0.06868531737488486,-0.01873663585633386,0.04582701818488057,0.030895629145837992,0.004492809982516128,-0.03959066883738026,0.017145324625524386,0.007421251754211425,-0.03127440813655828,-0.004994661569027844,-0.015058261666600419,-0.037315948105382954,0.019409360267488303,-0.008699646644835475,-0.03703832967456478,-0.019465002590060634,-0.0157046159492464,0.026892587406439464,0.052216758692388426,0.0045589249958514905,0.01382973221503114,-0.030538900490343832,0.006946313968795888,0.0068215780673953775,-0.00168703913777232,0.02254148287193788,0.01761527270313266,0.015369262429885004,-0.01420670103734182,-0.05017142151225658,0.009410674279147314,-0.003816734648447942,0.01844482758923629,-0.01619250067838882,0.030004735145607142,-0.007707535709735236,0.011615582154119548,-0.03475639431268876,0.008224282836519775,-0.009765637728044799
2023-08-10,0.21127308625050534,0.016295424165332736,-0.0515003174382494,0.05495762611983487,0.05163831681807075,-0.06079485587746263,0.002867190371201381,-0.1457867652160186,0.03798072662380518,-0.005310898472643012,0.03572272300950887,-0.03306914264197976,0.00735138747565196,-0.07238418644176017,0.01485985249471656,-0.030220992222591565,-0.023193678303710608,0.009493200140170393,0.004117290161994164,-0.008012701370604038,0.06346354340541199,0.01807245024217121,0.04049484621109398,0.017595703338345082,-0.010229206867704904,-0.023611437187498682,0.0025553557996538154,0.022541556935535677,-0.03319153928502128,-0.04524713081140379,0.03653004809772536,0.0018666569354109054,-0.011711980945010069,-0.037997645508159344,0.0062194819921532,0.00659757258798215,-0.03490379685427272,0.01426305861691285,0.004876863868250949,0.02671029277875099,-0.016730519368213525,0.029332061646306373,-0.0027593382177884857,0.01599433640834325,0.009288520168746279,0.024396277019724254,-0.03305344245064039,0.006297226910738204,0.02898805226588002,-0.0024261728884939137
2023-08-13,0.26754190542537976,-0.09012141337752162,0.21711808602956653,0.085239430923464,-0.05611883518567234,-0.05532110688906529,-0.05228304797511903,-0.08164686838377291,0.029067335632227832,0.03379506073980629,0.03210873151380526,0.03899432458529298,0.02749037515200776,-0.052703165179365116,-0.014566383532480905,0.03846699680137276,-0.034137397240951946,-0.005327387655038601,-0.035985870824205145,-0.04563088451474769,-0.010911834960954252,-0.01954719726728641,0.037146799463865565,-0.006005061257519334,-0.0039774757135729,-0.00550579020451756,0.009303391548518886,0.04965783321245292,0.061607461412574005,-0.0053592478212045195,0.06239410326554334,-0.00111076096145561,-0.00661101282923957,-0.06436244830356097,0.01552366581230593,0.04617668497200351,0.00015155148873726327,0.05503327290462794,-0.037680481527031615,-0.014468365845264642,-0.020862863983569752,0.019468506870431886,-0.02313217124172608,0.01928665400282669,0.0017906719863800304,0.03283091226897495,-0.03985454510934817,-0.01699114122999082,0.03340290370179582,-0.005113201800004265
2023-08-14,0.08657801283660112,0.19097140046331507,-0.09362406980965535,-0.13350524276078687,-0.11725685146503857,-0.007477638589289041,-0.019753038409627877,0.1362322454712099,-0.0241250362780788,0.006409257166797353,-0.07884387104765624,-0.0029397611511191926,-0.0021617950697021145,-0.03164113256036322,-0.03451114374757425,0.056325602186143034,-0.03828397303650612,-0.06402675326214988,0.015645775396887954,0.0012885747814502012,-0.02055981634024741,-0.008977566149591805,0.038819036932358865,0.08076063329122679,-0.07380194513170198,0.004397096924441485,-0.07099987140229272,-0.031520913738883063,0.009779639542865601,-0.012385732206538862,-0.05895349006780691,-0.03816351550322397,0.044733782656868885,0.029604578678213637,0.0673417371558868,-0.09071551357702544,0.045497450084100804,-0.01741094345267629,-0.003720802046261505,0.012172442373557602,0.019010530925743115,-0.016911754796878644,-0.013841403525840871,-0.01495121484779557,0.032659197461979914,-0.019096262457695242,0.011151617243531843,0.016102143313305648,-0.02640515393027203,0.028799676206146093
2023-08-15,0.11154906875425229,0.03819623616480765,-0.06981000579466394,-0.06984846276036832,0.09464235068550522,0.27561896589795815,0.1093027946906563,0.021701249450586494,0.046970266952620694,0.12328391495628256,0.008745642170442052,0.20623256462734754,-0.16660139030498997,-0.06382838714285521,-0.006291738849413227,0.028322331947642696,-0.06271532571719438,-0.03695307179590424,0.05957405841492896,0.05072651276377832,0.036659242576118495,-0.03668348601139806,-0.014014263071569204,-0.006321041794794139,-0.003620476018805886,0.013487807706860444,0.030255426671255033,-0.023755290773760665,0.013297087333325254,0.03271707782849765,-0.027575870661527266,0.0450945215175222,-0.01924889312294592,0.03246688560354431,-0.006741185065552455,0.023724722150287505,-0.05520126927623366,-0.022133223452772917,0.002478372448443971,0.022194317691020326,-0.02267970700203969,-0.003312950404434915,-0.008104765288446034,0.005937779469472231,0.01983744428040283,-0.027796036018192243,-0.006867578064601381,-0.014279434817872931,-0.0029111849653299052,-0.01893004406826625
2023-08-16,0.336818787331216,-0.2833258226954022,0.3896865803575886,0.09296548113360843,-0.09059866092819378,-0.11694733219295503,-0.0744965795178499,0.030752721281916306,-0.08447133553492725,0.025722681055194156,-0.05049407069276917,0.08379332608767316,0.0040610965663401355,-0.07516846036483743,-0.05993975743106873,0.09232265199884075,-0.10712932018172786,-0.11337000479527816,-0.019086846948463815,-0.11186391570053116,-0.023686483424644175,0.05187286479508826,-0.04566305041370772,0.13664092568084504,-0.031239267059038733,-0.06152867991548839,0.11246245596359285,0.038991293494344166,-0.07250920216204321,0.015703645416914755,-0.07649903499711241,-0.07522032308822837,-0.018220627223994586,0.003988054865992168,0.06749180623809832,-0.0665452231903065,-0.007804187500749883,0.045019076741929245,-0.03484293543499498,0.013079275282731924,0.008049969195099671,-0.015262948843060358,-0.03176903988003849,0.0690572494350219,0.07455419786269256,-0.016822327499757494,-0.025967001663377922,0.01569517111287472,0.04689868056177159,0.0793281865230047
2023-08-17,0.14375823625892378,0.10921815131476169,-0.0381379811746088,-0.017291940843616394,0.24367310803147713,-0.027459000835488676,-0.09679049620201487,0.12868650925502423,0.08848661386860232,0.09656050741466324,-0.004149834238115011,-0.004184808166154134,-0.0015674478663644242,0.06646199641207773,-0.013117635367020203,-0.03667716646067532,0.030495605846111915,0.005245627068386792,0.07651661695345989,0.03489913386352272,-0.06045554886238207,-0.054098550782815495,0.10582593780271451,-0.022656989916683468,0.025532365846870783,-0.005544349859283191,0.0009550266963803237,0.027147745416437795,-0.03761373778962017,-0.03405561077566962,-0.004390250854937082,-0.044367865172245786,-0.025881525422614248,0.06177253122409051,0.015163332189520888,-0.04255348079432561,-0.004892172602621988,0.0190721640376175,0.018830510833114024,0.004278879286660157,-0.058901272755955386,-0.03279778451705582,0.0041217367691794805,-0.019725604180512463,-0.026473753416102846,-0.03709805170928723,-0.01437831760932337,0.000369978946111539,0.0007623352370797177,0.012082516260783315
2023-08-20,0.06476399937546332,0.2746784184466638,-0.27372025713936676,0.12996122420402542,0.1597657867913803,0.05766194771658734,0.18330478853944648,-0.05064499850733541,-0.06800229799302805,0.01851847962307685,0.020596205221884756,0.07474903151750854,0.07368936792894415,0.06294457414190457,-0.01935113277175754,0.051495043194219714,0.034670628067500646,-0.014825369771103969,-0.026215853291324066,0.08031051870430156,-0.05393650535468159,0.002874062281105052,0.02547086254007989,0.026541885563681655,-0.0892728716655422,-0.009233075461492055,-0.14373742510841894,0.06604093282895762,0.0106464664215984,0.0016380540018026545,-0.03850439816130579,-0.009874833031752298,-0.021492529825161057,-0.028996298574362527,0.08897875134190239,-0.10802765482096281,-0.07617482016154216,0.025045118364602548,0.12345487402856628,0.09222395645243989,0.009733099153039873,-0.033102034631362444,-0.05693927940897828,0.020500341428319347,-0.013161013193872145,0.018833044478241506,-0.046789440816228316,0.010689253940219435,-0.06173815018689654,-0.01395621338387659
2023-08-23,0.07026460873782008,0.04470780057737148,-0.06499323114679209,0.06501324416558449,0.2501954830640584,-0.03358018687876659,-0.0402667523855215,0.10210226435063227,-0.032129798172547276,0.01857965463848863,0.03423744707047832,0.03499719098549158,0.044756058291048124,-0.009916416634776602,-0.006808918523908448,0.08901775631039903,0.009099825690750999,0.01606424133532794,-0.040935571758280526,0.0017362178060490688,-0.06645288618104266,-0.011163646655939196,0.013694446971695935,0.015479274987285784,-0.007646459224768374,0.04330674115557213,-0.009760824367855987,-0.052695481851720745,0.010033636004017743,0.030414420760909704,0.007809581539881121,-0.019011171382761316,-0.020814157297900652,0.017393550201510743,-0.01853568614269743,0.0135576329147311,-0.03864077772952218,0.02696533226993501,-0.016239959041783446,0.055903913337248944,0.0061556339439859074,-0.012029711812339122,0.005931095678157379,0.025131129141342044,0.011376919331137846,-0.01925894809885632,-0.016998908141775647,-0.030148985623013352,0.008802964385959778,0.01514021234194866
2023-08-24,0.3281689778217493,0.11578544522864843,0.39368875700013894,0.20899307428788397,-0.030142371479969853,-0.11631607707856172,-0.019212901397744658,-0.09742368896630826,0.285028058451993,0.14895640615250816,0.0939764616482282,0.016570250197981747,0.1583856077955622,0.008163149385782978,0.09250918253700768,-0.08424949894317368,0.06649947702996045,-0.0340108393131395,-0.005333407566790079,0.08771846642967851,0.0338604893224692,0.12084440249387514,-0.03174861015370239,-0.07208496636545383,0.0026923464911768717,0.09636339548129337,-0.007878624281583537,0.030437274295648752,-0.03153992210481022,-0.015239982483283246,-0.051653112252059236,0.012468193024807455,-0.028299492209656236,-0.00110057959117215,0.0472377111891686,0.04280866131434248,-0.023265037139532745,-0.0026133549053828447,-0.003023153655413768,0.0019022050648025643,-0.0053157736650978485,-0.024706189922528564,-0.0076049508154922675,-0.009379828969644097,-0.01681524161757483,0.048222971803677045,-0.021346639396936058,-0.04340697164658811,0.036724867544948324,0.013687828725856227
2023-08-27,0.22200566153080986,-0.0922580694829873,0.07406632134995055,0.018891518977276426,0.04552563626601084,0.18078888209920055,0.0702973686320971,0.008367574876700668,-0.06428421345296202,-0.10516152724568824,-0.11647714357452332,-0.039231658473466616,0.03268674629534329,0.007067675228436094,-0.027864958937753842,-0.04580909323920723,0.012722607579267126,0.06659775753310836,-0.03280134680654568,0.025025542123221133,-0.012494094580165026,-0.039271153180695954,0.005146020691268926,0.02609811827204439,0.007299803798959462,-0.009528605846625711,0.025452941723224626,0.030498667002240482,0.04711150635786174,-0.021946817196839254,-0.057516620883847146,-0.0013765925278384642,-0.031105810743049758,0.02290953504216034,0.05687815363623669,-0.0047732939327231085,0.015172625694677453,0.06533151793739275,-0.04247571278104571,-0.0005856168242607709,-0.025747624938562225,0.005570525094898928,-0.035529377962008786,0.015204641031454785,0.024795744856338595,0.012669059697748963,-0.003976845378912866,-0.03363479896920034,0.0324434481167643,-0.03724929104442947
2023-08-29,0.09034141665618811,0.5341917763328032,-0.11509150729297586,0.02029620598460303,-0.28741212147748163,0.07924853899685172,-0.18323878698963092,0.011905987816311182,-0.025091423353599665,-0.034178985769309535,0.0147491511893266,-0.06375331047382993,-0.04687819320573384,-0.03726063885933342,0.0027274908404431764,-0.038445060783636895,0.029201226743333853,0.049321171999151876,-0.0009991347209805828,-0.0072702992228850715,0.08805080553623783,-0.01351943254496774,-0.04013730412555877,0.0022327573684491325,-0.005001108034549151,-0.05321186365027149,-0.026228191521677633,-0.04193373109745755,0.03411961260907935,-0.011672072318843905,-0.009607763632550155,-0.0007626787355344282,0.00909463753212111,-0.009700590009699602,-0.04237947751536239,-0.006993601218330686,0.024265858506230243,0.012186996072552105,-0.022011513528745457,0.009611651692300226,-0.03296903275651125,0.034406579674371364,0.023662782331155558,0.03310939988074531,0.026270962391228836,-0.02368520718539656,-0.05076006872786807,0.012417852952849208,0.056986758773758965,-0.031608078917237076
2023-08-30,0.10308068088051618,-0.24024764441180937,-0.0028204303865688703,-0.2568207417015038,0.04202342440058745,0.5043673789097947,-0.007007111519186888,0.057026340746870116,0.1628014209735465,0.09884016405865165,0.14522120021157306,0.23689606528606064,-0.2678319087624841,-0.12808145104339808,-0.000660309251559506,0.08435854886439673,-0.19068499214887583,-0.09525249693696886,0.07093526465803046,0.18211520353738786,-0.026498863747533196,-0.09428303542170531,-0.05007224374591105,0.01270266870730479,-0.014449861243333115,0.03511851206653257,-0.018857828506752765,0.012742468047090949,0.006273127709466423,0.06117574710285953,-0.014323453265760412,0.005803126989115108,-0.008480051995326072,-0.011007386290127751,0.005324643869780523,0.024099205114270286,-0.03883672193518925,-0.03867915526808847,0.002391376779091571,0.009213578015897525,-0.062710683775784,0.004167297060347589,-0.012179465322360037,-0.03127499316366761,0.0035877738171727043,-0.03242069286160396,0.057658641466157984,-0.033193042287010886,-0.002804893384766961,-0.021695205661150702
2023-08-31,0.18517871506826775,-0.04265650920588597,0.01432635914510736,0.1188050501774662,-0.05905841026918874,-0.032739513239055884,-0.0008140908240813338,0.049623038902445564,-0.05700343630543016,0.009172428399470321,-0.08767874654121297,0.05388805108271139,0.018761086304338533,-0.05406738297287013,-0.04736351238454182,-0.029036644257510468,0.026590826752404723,0.0005292869698652851,0.030623440222617974,-0.031285713671696726,0.07740944239769075,0.02346935809965993,-0.07629731011191887,0.021415420502761896,0.0018963739781250714,-0.003726329757773477,0.02920692196022597,-0.05777536337203801,0.006853083208057588,0.03401766130890586,0.013936700018524434,0.006527254932071622,0.02902367091566965,-0.05886865378655166,-0.013871674412543725,-0.0018792926416818369,0.017125115682354895,0.0034537252999078945,0.07404068723764701,0.024172901780960737,0.02011135379336118,0.03807982207273573,0.04131073990700227,-0.00616927357675118,0.01949414342398732,-0.00724105115784103,-0.02648393252993423,-0.007221474275014412,0.03718422386810336,-0.02461067148138316
2023-09-03,0.09668175548142488,0.29332919081658876,-0.17029911731847233,0.15409220668947102,0.13175742445501096,0.0874064513702203,0.17340770663098995,-0.017534527393015996,-0.1460452854930683,0.1344772194788444,-0.07658263835513926,0.1117169820182723,0.05359931336977772,0.021023817280932767,-0.046878286878565406,0.030926357252792285,0.08330460040097673,0.011811549262352257,0.009814068991860568,0.05858082398644909,-0.08644181290307766,0.03585761854591576,0.0003314026583798667,0.057059071845070204,-0.07194782463694806,-0.050925292390400355,-0.10605925304429553,0.1056798765146835,0.0003889639751830186,0.012820956621872399,0.0188157962357279,0.007419162146601273,0.04265308653502269,-0.025486487589822863,0.04314939181214068,-0.0986528671210429,-0.0391396843642351,0.021613421754903724,0.16355271775573757,0.10031135854262273,0.016480885496976978,-0.012625376880033977,-0.004373203869365859,-0.035062753162512596,0.0329477830809687,0.04550908265991345,-0.025594151240067746,0.016178073433053573,-0.07996855908331982,-0.06597882753803246
2023-09-04,0.1550401956392862,0.26477975019496197,-0.20634828208404335,-0.05607615836218904,-0.03608873637644975,-0.015980594636625198,-0.13782173723042843,-0.12719473110656898,0.02454619960479323,-0.0416983822028935,-0.020130767304554868,-0.018028117208523747,-0.0023575545193971702,-0.0448090932892662,0.026931524911676084,-0.029590459948206284,0.0009807896644126127,-0.013011182417004918,0.02234024490776063,0.003936510127130836,0.07208342432214095,-0.059936836449581816,0.0029115503777271197,-0.001381836134276457,0.004223462669325856,-0.05697390862423344,0.019481261972303793,0.01323243299825003,-0.029692216644251434,-0.03264649196375981,-0.014585408722658186,-0.028827545001294665,0.03930922763800969,-0.0002454329767526146,0.017200154548253323,0.012434918573440786,-0.044812632906895494,-0.018261354235444203,0.014841935341740456,0.028238877806932062,-0.017185777011077506,-0.02957549643618338,-0.008734168804014954,-0.0029583439730660292,0.042606476712770985,0.028174978541271205,0.02024909002066654,0.02461999769048962,0.012563691287327882,-0.003581181455728157
2023-09-05,0.13166106101392522,0.14348374149025656,-0.06651893700419066,0.04583280185740157,0.08604374900593151,0.03756613990580129,0.12980208396837825,0.0467471458432788,-0.07332530414962593,0.11253388710610257,-0.09807598423881746,0.04318497931177285,-0.009074941058302921,0.0006900948333965889,-0.05470528449089665,0.006667438940040664,0.0100987121257838,0.041606239460288075,0.08743679458283155,0.021828637980796935,0.039016209759597395,-0.0010736219372777965,0.018404235400434253,0.022983653803427578,-0.041660986709674636,-0.03695677729005779,0.020140058128506468,0.0048779662838661225,0.014446818609645891,-0.006422249969371083,-0.02816500559577517,-0.046667002576864486,0.12412740217641549,0.028106358359208165,0.031995917310469926,0.009998803067168527,-0.061457626013721504,0.008971196634009033,0.009569871392281196,0.052680804199984284,-0.021070529950728355,-0.03518898281723935,3.135739611410374e-05,-0.004084300164246516,-0.021348652389938536,0.03674895251195216,0.0007611293632853732,0.01728076921285563,0.010107838935253351,-0.04890738745294578
2023-09-06,0.38159454894095257,-0.273198952711549,0.3797413254381502,0.14239294895148477,-0.0895646141755512,-0.0736975846855021,-0.12080921182928872,-0.03816312977336221,0.009477161832623938,0.015041099428895711,-0.051569965226397715,0.06616937075514066,-0.0003679201713626513,-0.06527712468779681,-0.019951282989858717,0.08847303776684101,0.013066935117033569,0.03956651295096034,0.03205108596420891,-0.02369464960067719,0.08150981395384824,-0.09234952312359322,-0.0034915129648803583,-0.045274045760225444,0.06330421835757663,-0.13109264748641727,0.07800101614532123,0.012368748170335182,-0.04410694853230687,-0.06194339225204627,-0.016895557258921425,-0.057197224765339234,0.09310592647534717,-0.049407885584784074,0.026329827121527212,-0.00581885047226392,-0.08996062260318012,0.04600404271673649,-0.051012690039380755,0.04932020360746897,-0.02264575149743232,-0.025286628894659113,-0.03326539808409326,-0.01756855461379083,0.020488048768950187,0.10496173752109338,-0.03752960795969293,0.019476216599979033,-0.0038555682034495326,-0.02859811548370791
2023-09-07,0.13411901067435575,0.10846611824661423,0.06623653698172113,0.17931046315349713,0.09978049900288001,-0.04717070406051031,0.0695374912289793,0.10770012017060017,-0.10359443731461053,-0.050794921667255674,0.007552801214497503,0.018078887223823354,0.07324718780810505,-0.04641682477319751,-0.04943368859085305,-0.006055281091928027,-0.05441742676521277,0.07765763416740949,-0.006879166558447171,-0.00953410725169869,0.03978084536007373,0.0375971037216567,-0.05682444389353423,0.04201534126477254,0.01474634719721279,0.029332444482455457,0.003643043754837446,0.09309573645736974,-0.033426353005880184,0.021015843197445365,-0.017546094508948867,0.06682265410950552,-0.04936729990586187,0.03448526687355316,-0.013356275059415404,0.0467245779161237,0.0579739627990851,0.002836971267796725,-0.07133869870183418,-0.024885912269060388,0.018570408827688838,0.0274390520337863,0.03901749792389522,0.003326542698574777,-0.02852352116011204,-0.027118110288509963,-0.016016085720970293,-0.011038029956309621,0.04756313322853681,-0.013284156309791269
2023-09-10,0.09166174522938494,0.05872819268369034,-0.12276856495959211,-0.043915778092735135,0.00807041991421968,-0.08190512102845098,0.10621898166872643,0.08724682393768375,-0.031665139833960625,-0.07993753058552772,-0.04497023145161912,0.063204832512248,0.05249367972071593,0.0745444287221494,-0.021680799424052453,-0.020087796521548268,-0.11974987390452065,-0.06206952495357313,-0.017438965271270177,-0.02724766262713727,-0.04995154703095697,0.03438610174526911,0.04101085971936243,0.06207351139610844,-0.019963063110742075,0.012560450632501401,-0.011055916634927684,-0.012148158746404892,-0.0500986240308186,-0.031637614550551876,0.018759456491942,-0.11933344535241763,-0.019901845444539473,-0.05421492489301366,0.061669123318839975,0.0692361821429339,-0.025741631712794054,0.004575201747498544,0.016150931248932236,-0.020816496502513757,-0.06442525055974432,0.01238822902824924,0.010539935841889649,0.006833915751832632,0.02807323569954582,0.015486414153954384,-0.044928905139898875,-0.031245291321371153,0.030736710756096138,0.025474594258749008
2023-09-11,0.17680629781245544,-0.14735857303541525,-0.1725613260454309,-0.3671296739932805,-0.16591914744282155,-0.14549588822120058,0.12900226460636283,0.23261992154467387,0.06780191917910408,-0.04322630595378853,-0.025353827395224116,0.05058717822835067,-0.09962223251335249,0.04458054313956269,-0.07580798381680927,-0.12019176929471216,0.08384461369712169,-0.10414083509497644,0.058022903688805604,-0.12186920355212028,-0.04196245428098053,0.031904108453917265,0.029100043683439242,-0.06049787531011901,-0.01138622753353044,0.10631572525214558,-0.1429152579558049,0.056003465929174455,0.08589895469818697,-0.027493594153040306,0.15356701767057682,-0.05730746016837602,0.07977312835116025,-0.2538312032936308,0.004635127088466652,0.07694381314793401,-0.01947466219963652,-0.012761509534380473,-0.025362382993278913,-0.07147844175757499,-0.01567793236185346,-0.037739115044458836,-0.05450962776499502,0.006908882206920844,-0.039569013835346015,-0.04139085019541509,0.009162217409167327,0.008692541234024246,-0.04789509675267897,0.024335471412978368
2023-09-12,0.13879105303961936,0.20874297398663577,-0.2004111156225289,0.09766508099666923,0.015264618153506096,-0.009294520485074523,0.14179038945022798,-0.08988674050821166,-0.027924082360090086,-0.05176557883285973,0.10011872140138288,0.06124473977958457,0.07203644796350055,0.08199939827785467,-0.023927082196579786,0.19355363217107702,-0.11821068421324167,-0.051929773302983685,-0.13515742057316305,-0.016519577500673368,0.02707997596713146,0.02534551678727761,0.17062354878084657,-0.011321333686211755,0.002865341209861065,0.06599634723332923,-0.059680102959434246,-0.11850829757032401,-0.05452901674621351,-0.03754275204258823,0.07621359150758669,-0.052637341362701776,-0.08728684000455804,0.004596245309032007,0.04032340657819195,0.07129613548577157,-0.0019409520179628128,0.015613075718265023,-0.01165419355998505,0.13994234433934347,-0.06084781613570489,0.01808298236953615,-0.029394281648959044,-0.006381785856221146,-0.039936469995886126,-0.03328674190222429,-0.020253238529858004,0.04299623485844822,0.06124154929132393,0.0009271906885100879
2023-09-14,0.15992605659445733,0.03267689792516861,-0.10029877309407462,-0.1933764966579097,-0.13215947961689764,-0.12139322119128529,-0.02911519761979465,0.06120900152548084,0.00497997912058183,0.1338614264662135,-0.022294247257287975,-0.0015200513295581598,0.022763026301095404,-0.0015074633757150738,-0.030928109001083587,-0.05361917256005349,-0.011516396960857673,0.058467459581258596,-0.06517389891807857,-0.0010649138355376072,-0.01545408965250209,-0.03279930802868196,-0.022976960490923883,-0.021460817697258296,0.009485773360379505,-0.017122547897251,-0.037210287624230357,0.02321465713618965,-0.010900552851250567,-0.017768066769404043,-0.013250412929765958,0.04836427108531034,-0.004976997318339265,0.03851410618626352,-0.006369934755947302,0.005869952595360766,0.026377684266354347,-0.004397898155146477,0.002811383604434173,0.02816404935460669,0.004648479593780249,0.008134617118162634,0.006372921111234529,0.0369312413578137,0.018440270770879053,-0.007071119524745652,0.006382516350740306,-0.013911138084528284,-0.005081756897647854,0.0032402661345030757
2023-09-17,0.03275478883030912,0.3698954991697735,0.001866779201523331,-0.012511893495234088,-0.004549753906536312,0.15341638165284296,0.09348953455271368,-0.08127392198725698,-7.301318790261082e-05,-0.005905209891260231,0.09286417734203835,0.10655578295469924,-0.05316237372859144,0.1485799766705328,0.09525302430929485,-0.03206256570058945,0.03161619249812856,-0.012209088691780896,-0.04108296698007906,-0.08287859711521449,0.03698798574658478,-0.008799145432542437,0.017473685332506022,0.04726821965419734,-0.005424176686439163,0.02054090696780257,0.10049222008707748,0.1562137573825482,-0.04528914184372706,-0.11291378602915385,-0.035403375492066236,0.04118594325578141,0.18957398879418688,-0.1490011384119035,-0.04829554410835595,0.017583685289902666,-0.11430827246684565,-0.05022952916405796,-0.039035713688600364,0.10855822967818304,-0.01723871204652433,0.013613011244026179,-0.11143922044678421,0.02326613286381848,0.026275687784369842,-0.1436906915776786,0.009335482152250682,-0.035217617788288316,-0.030553207615886986,-0.03117178384312258
2023-09-18,0.21179991745200774,-0.18532650284578858,0.08910018623858314,-0.1059505828725731,-0.07559293575243867,0.09400953038518049,0.049324897979401705,-0.012642785954418598,0.06188730335083052,-0.008318069711635307,0.05353492630319993,0.09436462158526644,-0.08572861678895602,-0.08047065179046821,-0.023514152361987038,0.05706466515668643,-0.06698457843819726,0.014606643711174568,-0.019192245192992133,0.009698834180382957,0.03252511759992458,-0.08027022160143354,-0.04357661072073901,-0.023395726674951753,0.0024973310590506808,-0.010989856255477532,-0.045581270936759,-0.04159168525837477,0.03323167669622943,0.019065661274462978,-0.015206869575606055,-0.015092306546674221,0.0005820301223335583,0.0393426472933651,0.00896228152494516,-0.015358660413177887,0.008117561871607375,0.009647529638841027,-0.02699422999994039,0.042474237607391094,-0.040719857187918436,-0.01242116649518658,0.01174666923771972,-0.024212937563088635,0.011734697103452554,-0.03395299965419953,-0.04130846759159028,-0.0031848502227785833,0.021342207320367027,-0.04166015562872508
2023-09-19,-0.08847247482460459,0.11902125584721233,-0.103585250405801,0.1602936032164708,-0.06991643313828184,0.06851412885402397,0.2952743411438455,-0.009764203505548085,-0.05110891894852189,0.03928410821520873,-0.03583629505187224,-0.23774485096967968,-0.0411764120917169,0.053025953470348844,0.28812731637041605,0.032634342301109925,0.08627232144363164,-0.17890524860769008,-0.01693075348110847,-0.05302297378003007,-0.08490047794280801,-0.08591629613652832,-0.17471449196930525,-0.05434786673019805,-0.07823376829578738,-0.07527732527395016,-0.04639172196863906,0.026741555173307716,-0.033089639593691794,-0.02244052137302649,0.04194138047561354,0.011599784246477377,-0.034486069625392385,-0.04945263882908602,-0.06573740590488221,0.009911701227194867,0.051883873062695,0.052508629112865586,0.014474029045557254,0.045278546070350964,-0.07496999509768537,0.04110892498849006,0.058360738746790396,0.03781095234352714,-0.06148747392184737,0.07990784446463126,0.053503366994300826,0.02949934072220551,-0.021009553787977447,0.017004945684838093
2023-09-20,0.16634259947067165,-0.08875358696519388,-0.01710207851256794,0.08698547901726454,0.2191415824728969,-0.018263934275816664,-0.05799887239666,0.1666686995328932,-0.03939521646633027,-0.10838604455119925,-0.03957816145639843,-0.0460647373252814,0.021560140188110262,-0.03629823533634129,0.04965423605876051,-0.01649391776250695,0.012689361849116452,0.06773762616126797,0.06440003300374468,-0.013604900168468295,-0.040826859931425874,-0.005869956468041806,-0.032459876171227246,0.016143290377734737,-0.02495580606920155,0.034522931534699236,-0.03171835140406385,0.04471429668972802,0.07372798472123372,-0.004166724974923924,-0.032307941419520265,0.040363454749537966,-0.01591919680795287,-0.002047504801738397,0.03938705480142794,-0.0002440883148260706,0.012769299986424173,0.0028914473034318293,-0.0018998307766919342,0.07645573019551216,-0.003972039310975102,-0.0399586101130151,-0.0554084000872638,0.01968616092857942,0.049169124101630296,0.010430721729567301,-0.0026232319153741443,-0.04193504446801463,0.007117657007851707,-0.011051250804494346
2023-09-21,0.23471249800254487,0.0405879248287521,0.10374224558831918,-0.0641584245631815,-0.14892602939342356,-0.1886120052584247,0.08538440558124419,0.033385031492776,0.21099229955160712,0.05674856556510166,0.04879176723985844,0.02580186011427938,0.09649588927290188,-0.05918260155409492,0.0489896893790415,-0.048191568470750755,0.03431410257309329,0.06479807094290249,0.002961839402546062,0.0648862089009826,0.03815995442627237,0.0779274343217,-0.03915194850110451,-0.05772032652259245,0.030669682402230784,-0.033547253102081585,0.0028698017761254356,0.018694163337941837,-0.062210618687421684,0.00855531514491277,-0.050858899505385864,0.03700758923463684,0.00604311755251478,-0.007704891912989522,-0.003222883491460263,-0.012661014011565653,-0.04669613313739927,0.020167748202842353,-0.026592928219229706,0.010728675738217328,0.006560241892046394,-0.011093677962243333,0.007450569602948861,0.01121984460735913,0.0077228498500468605,0.04436319786458825,0.01107622724433503,-0.010895086362933416,-0.00015126771240044258,0.00564397340013409
2023-09-25,0.11807419099962817,0.09038984773762607,-0.1692604254815846,-0.008635890419193718,0.03875461152319163,0.024303087553182546,-0.0015907943088195496,-0.1280688216139944,-0.0023272154072120424,0.019550245327482084,-0.0006110554055058479,0.04989926640100114,0.031365223752405975,0.08678208451061731,0.049778391120905686,0.15394361715188445,0.056308231733894876,0.09460879981381966,-0.08932917854358546,0.005531882085299745,-0.05577047067878456,-0.008760323910049887,-0.0033687384259613665,-0.1135004712347721,0.04522814201341042,-0.03882774361771858,0.07706664634759808,0.011883663671721249,-0.050841403255799285,0.04582150999032596,0.028204329302229356,-0.016010997513176195,0.047524374808836416,-0.033103226597096566,0.05859412357229868,-0.028847129713637513,0.021075173924395358,-0.03982140863052651,0.07376022009799307,0.013711341046453558,-0.022818209030824814,-0.011962879980085042,-0.03560473560428501,0.027513548852692474,0.02056786908036275,-0.05071930566084828,0.04588234587628542,0.04213314447359712,-0.006330463922813408,0.03711477394971298
2023-09-26,0.08243510167903183,0.5383884853688281,-0.11440849474789853,0.01429193161812427,-0.23010862670019722,0.09827727682445286,-0.1721775804363389,0.025967602625987,-0.037266187856043735,-0.03621672571286133,0.015293741362895739,-0.008099491888543113,-0.02120377074440829,-0.062095791104092565,0.010560944753246029,0.028247149492231862,0.03729563067751583,-0.005607393461051573,-0.07140331114760645,0.014410819627881292,0.03145340224688714,-0.03713926031578079,0.043932128980356366,-0.03385566388737324,0.0032762570148602635,0.05441556399111662,-0.033067890499851677,-0.01663938653660413,0.033871340671297115,-0.013216774163032349,-0.006804969180271027,-0.007244303249463222,-0.007800285480033913,0.039314104408819515,-0.03435476266371183,0.012298018717165255,0.02290584921558496,-0.007158550711655733,-0.01551677059061002,0.031091828172970952,0.013749615323261993,-0.021025142123897892,-0.0003341840494834464,-0.03304802100600555,-0.03353373045860833,-0.0023244371522564496,0.0039010612461914352,0.013936500730890517,0.024439966201603124,-0.01659873271003923
2023-09-28,0.24091485599288884,-0.12327074509603139,-0.007867921117317066,-0.01667840649526447,-0.031247149229064256,-0.09115166483623151,0.017740348996234823,-0.040413539967308905,-0.0791747826418687,-0.05901883883094787,-0.012956574095552897,0.03537145762573994,0.013239211846108531,0.009721113982369394,-0.03259683645305274,0.06622540831194333,0.03081756716935914,0.014703168779093325,-0.0012506637035016655,0.027235423981616932,-0.008421699359108905,-0.027172230196705484,0.0009085223278469259,-0.041730507315568974,0.029421339266586632,0.023961054220418995,-0.030125473098083444,0.03324665839672834,-0.013350271569645229,0.016963159004686423,0.004026179474109094,0.018628662500968403,-0.01563122955683189,0.008798224761367284,-0.036496865135473656,0.012421846594510675,-0.023519182956190106,0.0009369336193748351,-0.03617214689144675,0.007489883701138838,0.006707150561775634,0.015085304283868197,0.00878221771991435,-0.02858856950678441,0.014586695793324658,0.019731744327050375,0.04371643277411821,0.010025873167745083,0.0004594285518765476,-0.0037914545566494844
2023-09-30,-0.3356265655424364,0.27875948330026246,0.26905824294192304,-0.08369064653069326,0.1649083415619428,-0.06363680010884352,0.08186095574700464,-0.1125672224421743,0.2275184630718625,-0.010304610030053094,-0.17346442663074324,-0.10846047524453356,-0.09027996030797643,0.011170388647321313,-0.08611319972632929,0.10316005730217949,-0.11148261675658255,0.016160069183051295,-0.030898349674541106,0.0066566891954523135,-0.14596682604715958,0.009282575928128733,0.04530372036645344,-0.015981370545861195,0.06965970437659842,-0.020893294181666126,0.011031667829771009,-0.01935561207430564,0.05116266416138784,0.027418155339315804,0.05253124563771528,0.07763416963661482,0.09962905724376646,0.014584712561852344,0.03529301299111004,-0.028962854629405163,0.014846503908324236,0.012091042227463909,-0.022865862759759166,0.02983089936307389,-0.022245968673951143,0.08089789362787499,0.10205612693364596,0.058756642508056005,0.041959991916251264,-0.07316895182164403,0.04433423141439186,-0.028750116672893157,0.020097034784628973,0.032216369767350116
2023-10-01,0.08277039141549142,0.2816504230399449,-0.059780658819905984,-0.055207771938948824,-0.10581655152315665,0.1082045203038057,-0.104677037702957,-0.04513295367490021,0.0010795970658112343,-0.02535858091505557,-0.04875715364055945,0.011749864672417551,0.04507575139508754,0.03590516688333667,0.02313419336099564,0.02809596866798241,0.00994579629652653,0.01787805007117482,-0.01033991514259328,-0.025425779386760123,-0.025996328247034184,0.004487551094509676,0.0017236821324173412,-0.02628573914969088,0.0017429672878653047,0.010824421478819327,0.01632760546146454,0.005218657341922364,0.02064276949514093,-0.012739191533427311,-0.011175202104376768,-0.011318925074148379,0.0032119882215411073,-0.013369433537199684,0.008903527203002404,0.014603026011053651,0.02111312606248195,0.0069120670198694915,-0.0003287434154700107,-0.007364011108724431,-0.010336440970087001,0.018043275426171502,0.0003003833164510431,0.04651956339176982,-0.030784123422212005,-0.018504014458906714,-0.014816291425115561,0.018029335265763686,-0.0032187391078757214,0.013036474738129938
2023-10-02,0.21198817480230833,0.0021176730874233993,-0.12742928153441904,0.046927658706756886,0.14174464290847094,-0.07479462610222846,0.04271235638732202,-0.14897966928523312,0.0030361942251930394,-0.05835478919579507,-0.004147394620190258,-0.03367576046544025,0.02449449553711327,-0.009962761370137298,-0.002300574588804338,-0.04166098842566713,-0.06325801124633229,-0.01954997329350216,-0.005955218299487623,-0.029420334438745106,0.020138574949228844,-0.06535372199236575,-0.025143261373307687,0.05382979291738439,-0.0038098151714410743,-0.006732454246614221,0.004480419488719366,-0.004664217349110603,0.011054995119790046,-0.004838843117087027,-0.025830171866742104,0.025437392501660834,0.021700630611393837,0.01297192326043343,-0.013818749441499191,0.04719413123678387,-0.004509639022255731,-0.013735464353690243,0.05410570661503813,0.02975895325813316,-0.027893954811193014,0.009787345499358486,-0.007756641808465421,-0.01692260866672503,0.003966709100503949,-0.005388459825666143,-0.008669779497215733,0.00459967548230251,-0.0038298763430697487,0.012041809717111895
2023-10-03,0.3450392148205905,-0.2486583689814674,0.35518535611114077,0.11726724641523863,-0.11759624285791744,-0.08065814529437103,-0.08863246036327184,-0.045750399229954435,-0.05604780005634047,0.04603429420951232,-0.028093669681034987,0.09581879872807557,0.00492909201999195,-0.071501154205455,-0.013375761315803507,0.0716879163235238,0.000612822401917822,-0.05964553802726467,-0.06096359678707816,-0.044066792959975766,0.0013063861135096673,-0.06423998511252016,0.005657719851706506,-0.011637216119415929,0.00652022766867497,-0.004114496277438815,0.08864229549754794,0.03227205486664011,0.0559659753821681,-0.02025512920859827,0.016561400111997256,0.010629628925946344,0.010106089653309325,-0.026525248701463763,-0.02128523429756011,0.010281453797635802,0.03007496336045027,0.03404510959184698,-0.04991874019357116,0.005251915059620826,-0.0236646722144783,0.008415790548847961,-0.008627233413235555,0.08724214428702129,-0.011201788245959753,0.022675071714546743,-0.02816924573941771,0.019201370396160735,-0.010764567746891855,0.002983987342352082
2023-10-04,0.21076048607586512,-0.07723462524270334,-0.25189116725076893,-0.23983588469554698,-0.07914092972525531,-0.17263694880786906,0.10276916822653229,0.0018623775119616132,0.001135681761261939,-0.07428256300175434,-0.007103228440649885,0.07020770162093531,0.027906447187937014,-0.01720950494885731,-0.025083045590081836,0.08110494254608037,0.08157010727659808,0.0810422817732993,0.004411558267023588,0.07322416710992494,-0.02289555283599514,-0.015720975466627467,-0.04265946313054783,-0.05592084502055083,0.08355405766840934,-0.03269348454814241,-0.015282246220828369,0.009313643939739633,-0.06794713957399504,0.02323073019131967,-0.0004223678112921575,0.0022979340215231224,0.030579136409608937,-0.035051616582137825,-0.0052368613723155315,-0.021770857075055283,-0.022354455098880704,-0.020871513171753748,-0.009572699021074197,-0.013923330232247188,-0.01849742905368423,-0.02066070701340063,0.023207961861676944,-0.008872253864582184,0.009071566835271598,0.028960919510322196,0.030945924705392452,-0.00884120830429557,-0.006116088290241122,0.020790097799454937
2023-10-05,0.14155468664996218,-0.12115538911845289,-0.10603896132222626,-0.2458007136200633,-0.05849820478073856,-0.11918232724133401,0.06665622609784069,0.05449727462295211,0.018135648926438593,0.035317141836615155,-0.02428711492958464,0.022950093280295677,-0.03556658321652252,0.10227000342067727,0.04426246501824437,0.04565890258544262,0.01942509679626883,-0.05514856738717636,0.056343379671125196,-0.17200560536016618,-0.010284040882356125,0.02362425171049323,0.03590701196898844,0.03660150012739238,0.03301171019651247,0.002166071731233337,-0.11262455341269058,0.10049317441684577,-0.03562282027147202,-0.01547932524893,-0.03673326306711636,0.032900175561830204,-0.043831464149230455,0.0031749763698487687,-0.05723953233708619,0.019422397938599616,0.026815812978063937,-0.02724500844342038,-0.0006877769409724879,-0.04770814660009373,-0.024367828391924192,-0.03656019577848895,-0.011970265031634664,-0.05967325402923887,-0.022544043579334462,0.01209700595962298,0.008429803449855413,0.034155929971456535,-0.051877853540476665,-0.0057775011688329485
2023-10-08,0.04340164007160201,-0.23308379806208013,0.049387033501959554,-0.0725001985906496,-0.041856196871175096,0.017686439894019572,0.15066239471818263,0.030821839349882838,-0.07162169148475807,0.29206252185814585,-0.14061202410728518,-0.3432004907846539,-0.10585383352209587,0.010901499861834951,0.33649676908441123,0.1743414209983146,-0.07438991752971653,0.07322246821546999,-0.029043660230787305,-0.014745801541593622,0.09643841346987744,0.06470237290858454,0.015960809888353113,0.03910332706797192,-0.030005908692449856,-0.02936387860262921,0.02427177298900183,-0.019260711214300966,0.10841316228593906,0.06821906034359371,0.0377467510466154,0.016651827589127137,0.04533585672076269,0.08349868699760397,0.02943960616237065,0.08141644275544531,-0.048765867337535906,-0.0960444230251334,0.03821666793885993,-0.040363024273787775,-0.021372618937454055,0.012123547716463009,-0.05887134126307771,-0.07751211947760375,0.025980266362442696,-0.04912073436357478,-0.0667607115239495,-0.029962653918366392,4.188288469768987e-05,-0.037368376508499314
2023-10-09,0.14469966788296446,0.2998177336927373,-0.02889329041424226,0.06202899963579319,-0.13710659247233267,0.043114831243273276,-0.11485643327057704,0.06359293946031461,-0.06801375240687106,-0.037197070163375194,-0.05573764450403459,-0.036482410911770194,-0.03219616990062475,-0.019686120817250307,-0.02839905552592865,-0.049382909832029316,0.01141852414851168,-0.005364952128128915,0.01718145826408229,-0.019256179067564588,-0.0016285318292225725,-0.04925993371479458,-0.019650569576784273,-0.00047408553561689254,0.013699535784493537,0.07138545356923752,0.015403569578975653,0.040422115702154336,0.07367887067244881,-0.00504492471645609,0.016364575471960487,0.01427558143147704,0.008787271012216411,-0.055102111958320335,0.007034019163257513,0.030441690993006008,0.014317078724309677,0.019153071307667673,0.02548105452591705,-0.03430547691536438,-0.02311722681956906,-0.021846490428756655,-0.02340678684898607,0.020151131110980883,-0.0034794473014816618,-0.004070288563225514,0.027432568705146397,0.03892168428866524,-0.02825913710173545,-0.009391915368417787
2023-10-10,0.16153265739271006,-0.08855554228575559,-0.0789397024828972,-0.17422898514206633,0.058847851511360294,0.08319940507069612,-0.015995030218091233,-0.18254020332580007,-0.060881905166976766,0.12977673433664752,0.13632872214860803,0.044127872194763634,-0.07770813378815636,0.00946912911415561,0.08307466891447278,0.029185808160586107,0.009048875064911867,0.1280816854246564,-0.00539908789388274,-0.07817296423290278,-0.026153342514236743,-0.05479482371999998,0.06691946529415316,0.11381467397599158,0.08068493094455936,0.12991953135936418,-0.010674811341427178,0.1948398520557982,-0.10639488969348472,-0.17408229484539758,0.0736760968324007,0.14535790991845154,0.011840854074750922,0.03336721778216372,0.0023172028337927566,-0.15062919414668466,0.07321822807844151,0.1042857431330805,-0.03526243615741045,0.035150405153520956,0.09517471584401228,-0.019743715253986233,0.04669087986369937,0.028150777211075832,0.11422435504131767,0.06190845601800295,-0.010188642021179615,-0.23618236504799417,0.03434423092531114,0.04706821909801888
2023-10-11,0.2527591499428996,-0.08470255189890792,0.1831278761747513,0.12287558565986871,-0.05801331096420647,-0.0038295440912620798,0.0012848709494050166,0.03494619641103318,-0.0024716415719773016,-0.010189482916638768,0.04450093210192521,0.059885611769000195,-0.08368725340566971,0.06491597400096699,-0.024759803229668278,-0.03573879909498576,0.013904743662633773,-0.05290400243211483,-0.04577096270378788,-0.10363470253802272,-0.028541853013818376,0.029840749880872607,-0.005137814935592977,-0.015230936140493775,0.008169987858981795,0.03925795985599341,0.009496736563509373,0.09296916304032952,0.02832041845789353,-0.01845113993296457,0.0675903743923247,0.006510007245633158,0.05890318238612713,-0.10216377062301132,-0.051912027433701304,0.03459487376446766,0.017884974239679944,0.03342004496475257,-0.011963098970537328,0.017573009633624785,-0.008459366830457426,-0.02605936809282725,-0.044560320981096316,0.0029580317063339135,-0.003328379442347449,-0.006836153111563695,-0.0006015727809480539,0.02629044307457491,-0.002361354624953938,-0.006980646924080498
2023-10-12,0.12983078285364455,-0.07889898739839704,-0.1610451940251641,-0.374972128447856,-0.19244409122049053,-0.2621891919239873,0.1746122805560239,0.22295811398432488,0.027180573489064358,-0.04956451880874645,0.023463145645585045,0.04803706666239203,-0.013576243855303,-0.044080729895039326,-0.018207486355528317,0.002684624019867846,-0.022201045211482744,-0.036110966044588355,0.003460346970399326,-0.04378729876396608,-0.026719801757322623,0.06092298404744476,0.036313483912640644,0.040871464355900215,0.0552682266734434,0.028349647005500973,-0.0737905782289131,0.010266078262170112,-0.0655457971075604,0.01939076929809394,-0.0022428079086552533,-0.03213051249558672,-0.03967720608619189,-0.05335722632265864,-0.07626139673530516,0.015494235550366402,-0.06293784228805342,-0.022055866961879445,-0.028726037949811763,-0.07704517947126394,0.040756561935800906,-0.0493332545438782,0.03717813821732146,0.015528661178387412,-0.055958297403135536,-0.024976123724961906,-0.028236216080249215,-0.007294328236061018,0.028488499689816232,-0.004316301010978431
2023-10-16,0.2218078144040168,-0.19760649692311819,0.13763269898279729,-0.03188217071487437,0.02575079869623808,0.08580971863131433,0.02833131757321311,0.02147950796939645,-0.1568376038765014,-0.12550952161982254,0.08166291884686107,-0.16138767788425157,-0.07963360670763255,-0.11405767532759889,0.0020253598504840456,-0.08503185511032708,0.12061023459908833,-0.0072418559473596275,-0.17491565400472384,0.16440071840600387,0.0479682466352934,-0.023313894950636255,0.07915356440293866,-0.026214061906718884,0.18247149722546988,0.23234602432855064,0.14362962185818653,-0.13207549685414216,0.1435665316824373,0.01854210657549001,0.05412810768808316,-0.1635929564481871,-0.08015056059293152,-0.01979304478164095,-0.05188512794210679,-0.07930295843974121,-0.03292186488712467,0.17477117671696163,0.03728911308016439,0.026919156240996077,0.09000767630533113,-0.027517177889926588,0.10125502594226861,-0.00735095131421792,0.07963720877695532,-0.03686372922272835,-0.09062704865669043,0.13671159308574551,0.0010043791772014552,-0.02977439973682453
2023-10-17,0.170312130543555,-0.20274316975096415,0.06044323252618764,-0.019224074537417098,-0.06180611178543742,-0.0887613763887203,-0.03959500930573344,0.0029497294801076935,-0.06732977172257894,-0.09329933354458524,-0.013957515212254069,-0.06224918651710891,-0.04085163881188269,0.08889271003844952,-0.0020822407980356453,0.025779632237172265,-0.10385229139472657,-0.014646298261325302,0.02185025524464601,0.010675598516109455,0.003046044779698698,0.03952875547403695,-0.04002869861609822,0.014279205781813034,0.09482934723934415,0.11715782983307754,0.09530840031077616,-0.06552355951229517,-0.05160988697824666,-0.0032756077336163793,-0.03406953347274038,0.01583735970932718,-0.045450250513455984,0.023909364385193033,0.032362626637371085,0.06550671305424419,-0.011776973444373643,0.03811306364691241,0.02295121222049001,-0.02984984543631785,0.048321504547631115,-0.017773706826048733,-0.056492536607473845,-0.06966980463072997,-0.012058078616450517,-0.002219543433759382,-0.03485069201125931,0.058683766422878036,-0.027555206225751652,0.002412828129378618
2023-10-18,0.1119359806605815,0.0736589337539461,-0.06210588447699661,-0.016265781929896594,0.03002469236836917,-0.03739772676858495,-0.013098518947613547,0.10623304452986224,-0.061462553784291704,0.11404687441257814,-0.10833503801872554,-0.03997442985655867,0.0622402555001016,0.0036763841925087077,-0.062121079513178266,-0.007177325370046746,-0.07911166459336179,-0.08845441284337237,0.07627587946874544,-0.003729444785750466,-0.04143648397653703,-0.027048812579022908,0.035978805728106696,0.020691580964356887,0.022566709951688902,0.08524054311127327,0.051058356011906524,-0.0007378775027040216,-0.08120626263102398,0.020941926502297637,-0.0323259054610765,-0.003454164165232471,0.08291902282682367,-0.00925317259484223,-0.07329854348444927,0.019285101728332945,0.04812890012701728,-0.011869739677007487,0.040190503221595106,-0.00998029267155441,-0.006906473781846093,-0.010438541564471349,0.009708083532347369,0.006897148221113592,0.035318068767209235,-0.04507685393654404,0.02404962123508811,0.006825715339404502,0.04452407635684848,0.05333853216539379
2023-10-19,0.1620557031509993,-0.0633120376809353,0.08457891426914195,0.20587543772909142,0.027909151211668794,-0.0022822628358236275,0.07619043659312538,0.08810015863195057,-0.08160811941203215,-0.13885114986397182,-0.02894656789599937,-0.11977336716070942,0.007465442786547515,-0.05707647084237301,-0.026707449193473672,-0.024737040461883086,-0.06749683065325296,0.1034949808625782,0.03063579877399288,0.01222619054056258,0.02820100610608367,-0.003804174461551387,-0.06966127961057424,-0.052455223876070704,0.03916018779862179,-0.0034975101114027617,-0.046384855299725976,0.06657694030179036,-0.028609758463454614,0.03663527286423671,-0.03446201897964255,0.07820669552451961,-0.05726453674110014,0.04916756470369892,0.010717949607327342,0.0028643620405462426,0.02159886403733916,0.08251511000146687,-0.02104231405530274,0.03869017526717374,0.008659087782091684,0.05602700680656406,-0.03983383180442651,-0.024706361300777416,-0.02687436091008729,0.002548288835608674,0.005965784174958981,0.027377807167700496,0.017202647565153176,0.029860225017302587
2023-10-22,0.2161291609894689,-0.0818621781788956,-0.13234123941421544,0.012551789461577225,0.16073490712025193,-0.04297539005168264,-0.008574875872746999,-0.1327696318644484,-0.021865763941684418,-0.06881532900175501,-0.022208458397836084,-0.07812494201533234,-0.012194489370886194,-0.11542368876902447,-0.003146753588713636,-0.09887036874317935,-0.025879687793502547,-0.0021299988989596473,0.003975891512620511,-0.03434607702126096,0.0010870289967815057,-0.029298937293543874,0.014183760960370592,-0.012075055223557785,-0.00583365453216319,0.018399617011994336,0.018267857593621036,0.04737043034874156,0.04765058963265077,0.009948978258090255,-0.04750096885557242,0.0058626027090555475,-0.01508174111019268,-0.05209123457947752,0.0005310066758770057,-0.00987218310496677,0.006254903175936548,-0.02092323979273572,0.024754534563398572,0.027812715721853842,-0.001044473818667864,-0.004451965744897056,-0.04278199351862109,-0.06491425259855643,-0.007685961174013281,-0.001015243730687751,-0.00908126110752583,-0.023658858570687207,0.033805203194298354,0.01668282221843362
2023-10-24,0.08305644218044046,0.2010582642517589,-0.021397096963164323,0.19591509646952426,0.4477906428301447,0.021298741332052396,-0.13494508963575438,0.29430169495835906,0.12415407287158182,0.08168327175793537,-0.021374868941023566,0.08061695478972995,-0.0447527342873684,0.05648363029890284,0.04906470919205491,-0.044566884294504144,0.07895132455347356,0.02765828475389634,0.0383429050008091,0.021198262897216342,-0.0007769029110192617,-0.06359219912206723,0.12475215236363454,-0.024803694184834364,0.05501434636294535,-0.10989837555514298,0.0066671370956669345,0.08884375207514843,-0.0986002575855939,-0.12910059038287536,0.043797502171541866,-0.07472894158963642,-0.0073463380146728315,0.08550717625825219,-0.03705714794751204,-0.04080203946761961,-0.026481561046195617,0.01058014120001097,0.023168852439097776,-0.10268558315473297,-0.002695934471552235,0.008269388899865972,-0.006626023673866449,-0.02900473944733218,-0.04058064033618013,-0.0243287034579225,0.016103464283614487,0.03342578745259681,-0.0018983068823122458,-0.025204193302814173
2023-10-25,0.10802716742559987,0.06298863955490284,-0.1548015464786564,0.037287638342134964,0.2570593868117947,-0.008848854070101043,-0.05317859864399635,0.06133357425845363,0.017666734049241992,-0.01482561871293045,-0.018424800061287556,0.06269170026333427,-0.039245518717419284,-0.046381908422490764,0.008928240327737523,-0.010874906059648352,0.06641886058303896,-0.02488842688169916,-0.0008917844346186021,-0.059244564536183916,-0.004392663927739708,0.036881257423933146,-0.04369620470996003,-0.0013290202548930526,-0.025556305684690046,-0.021302116433013066,0.03372244861497202,-0.04764915669017448,-0.02223517818005678,0.061042364568246806,0.017318684819132703,-0.008797376728196908,-0.034001400276063035,0.02010494438730242,0.028029634077723752,0.03144590417769333,-0.008714753187913647,-0.026171982318249423,-0.01662005167360855,0.024192930468508112,0.0009869564628433118,-0.02951861126352016,-0.0028851273751392997,0.006798025028611671,0.045052736746712105,-0.004681929992150288,-0.009804656708563751,-0.020720143627720008,-0.009444612674390403,-0.006413176624791996
2023-10-26,0.16876868910609166,0.10557468875422207,0.07292813902104375,0.028747569454622656,-0.04443340921090824,0.13546484461967662,-0.01683748848000728,0.004924277810036684,0.0386978310347968,0.010616939358527339,-0.05346687339028956,-0.018553422481754664,0.08841724259980564,-0.0029775739596427154,0.03237967111851191,-0.023637691417825166,0.0114023580349401,0.0007295402900912185,-0.020311078171690238,0.012513494414277652,-0.009798734398496685,0.043765630884575246,-0.027581267855386928,-0.018655628543850476,-0.0010830792593285478,0.029734414343579242,-0.02140603689123898,0.009602913873445251,-0.0062864426989481794,-0.010413601018522468,-0.02802112280967283,-0.013499869382697862,-0.003598486283764099,0.00618691374531319,0.02655571047115741,0.004994726142966211,0.013367940887888128,-0.026815118254530923,-0.013569393129386672,0.001153574379703728,0.02521515103152013,-0.02614552225226864,0.01254465015986458,-0.01628070600878484,0.024522986781503227,-0.008494904278679634,-0.017759134005055095,-0.0188095454639113,0.00851158153857823,-0.023819874868631342
2023-10-29,0.2690035369177937,0.06394127703794447,0.08177952411462483,0.13457499835191886,0.0037574773081155673,-0.016035289510013418,0.006830439463198578,-0.0989933963312462,-0.03646727075210938,0.05394733413146932,-0.013803838388660058,0.06750908858755951,0.0053195902107074896,0.015777317583464495,-0.017402979108932473,0.0039617527647650055,0.0352623096479467,0.038625956924330324,-0.02212912271873442,-0.0036576167170037747,0.024570617565312227,-0.06041593343449955,-0.03918069704405014,0.024099911666086115,-0.005208343941705093,-0.014729959416927124,-0.0031628367094130192,0.008757042236110946,0.006232169385244594,-0.019475165603381726,0.059707681774417376,-0.05404083842188103,0.009990900663809525,0.015607394040642932,-0.02762292713934844,-0.01836520451100327,-0.013971403206667926,-0.0055337854845065515,0.02071817226862812,-0.00463376548653905,0.02026427987717537,0.004282536506344845,0.02513229514546859,-0.005573728656156299,0.012547847594348488,0.04040338095172048,-0.03981570540336814,0.03293048529208947,0.05164936289454484,-0.022763194147314522
2023-10-30,0.19352416704597264,-0.059655917131516766,0.1010149811855013,0.048840191701624215,0.0006506959329590024,-0.033554012674024525,0.13646776224028445,0.048085264565672484,-0.02673042357326726,-0.014709188347889968,-0.020647385008119398,-0.09927008747357127,-0.012358960240384248,-0.015705541647484073,0.05228929990696317,0.034326331872258205,-0.04149206556075611,0.07455120281954254,-0.0027397053937548545,0.007861511773866462,0.03971972578415457,-0.020682816064791592,-0.010229248028224293,-0.0034038832105351357,-0.0003393237487826535,0.013662495898858634,-0.06604525356074636,-0.053044908340150854,0.05091155481575751,-0.03169068689333656,-0.03036255700836246,0.010444499137099775,0.015988088849143507,-0.0009603851804008114,0.0021731510282006973,-0.0007404420173662245,-0.002457513277001355,0.008529418673754606,0.02244149815141109,-0.023755728078114168,-0.0284059421672491,0.0041434176233568504,-0.025628409141972196,-0.028253216193802236,0.02728871044083628,-0.05400955763345061,-0.015944017017221913,-0.011793442924869014,0.023019747456362136,-0.007799934405172664
2023-11-05,0.22430129717700648,-0.050796561041496824,0.01389513028862953,0.1591432195193429,0.04320408593087999,0.01816690040098839,0.06417001089760037,0.037715132475671764,-0.0803068578285343,-0.15972492139012873,-0.06529884855269319,-0.02861080044438566,-0.02037715440162364,0.04868176482140502,0.015619492018425395,-0.09833019496841294,0.022606363299997646,0.02728622188473758,0.04464908706469866,-0.014634472274719963,-0.054304900972596735,-0.04776319381547753,-0.09782791306020645,0.004092357188457978,0.004564754885565169,0.07356222770152529,0.008793230941324219,0.00393544591520005,-0.005946110611405503,-0.00970066778497231,-0.009406992618518878,0.059307477764629274,-0.013378505215987768,0.047482788398441014,0.011788143322620256,0.078073098334598,-0.034163146610170815,-0.06215123135461765,0.04443268477369584,0.032374417872671535,-0.04170060590347983,0.01998513886119998,0.04372921931341396,-0.015801679755402913,0.02569432884605562,0.025059442345215795,0.01534553230132348,-0.0066082709621209145,-0.014063798894508829,0.0018378244933208324
2023-11-06,0.12041504496693273,0.10432159293321538,-0.055045218856490545,-0.08835177335092084,-0.10758839269147849,0.019233578749153688,-0.07595327000191772,0.039759761555406246,-0.01980516689864262,-0.05903296860074055,0.04430232806404717,-0.018349991498511253,-0.04984368018350799,0.06782279208030578,-0.03447901498591405,-0.04180890184274685,0.014741083021446147,-0.010249213203571675,0.05621318801682773,-0.07242666564145783,0.013993119681955603,0.005295585782071523,-0.01536187137509336,-0.016062255841811927,0.012288332366022702,-0.0075675895984163655,-0.050972902458273885,0.03267775293443779,0.06378202760247462,0.010592968515125797,-0.0037875922522275208,0.031111188273947276,0.0058360501558114685,-0.008164341886941517,-0.0001602207090409761,-0.002030667416111153,-0.011002448500419194,0.012747661326138564,0.0002561240585033604,0.002302375277352385,0.007659446960174648,0.004625082355530897,0.007128942231130331,-0.05224440712367413,0.0029588072158012796,-0.001679877811761854,0.022890305245204096,0.01218079640434364,-0.019541279869288355,-0.008594788440135706
2023-11-07,0.21207229585257956,-0.12029582032801146,-0.24992933606974824,-0.10876306163096383,0.2451440350319183,-0.08362568369669697,-0.11979041338020996,-0.2858529110596092,0.028334590466227175,-0.042000437126275394,0.056938402637746924,-0.0968364994465525,0.006983680601371441,-0.2178986172677377,0.04739600632199131,-0.07647166886973304,-0.12735900633325234,0.028022946420500874,0.046157876835147,-0.054232777772630573,0.07536047414044764,0.04378291781062771,0.10136807100371768,0.0744176294746992,-0.07543743775373302,-0.04923579399459271,-0.040735750675683365,0.13264473251255274,0.06419395991771909,-0.05205767739963789,0.0037787076082033875,0.04272822374655758,0.051025781568703105,-0.031887181441458065,-0.025728597138963968,-0.019972052236064335,-0.025785732628336864,0.00516276734507961,0.05832266386449155,-0.010986019513361431,0.07560306175970109,0.05725762634143611,-0.01388110013937257,-0.033005907494008425,0.029559844098356054,0.06711643593244487,0.035551221240895325,0.011600220401294152,-0.015958957453727253,0.023273548780018336
2023-11-08,0.1434325982266202,-0.016784630527191986,0.006163043037627531,0.0873646424460344,-0.009883196896677335,0.042391421768724576,0.07544317909805283,0.0703305802121453,-0.027635777838415622,-0.10399469077847519,0.0687768319677857,-0.03357198452540914,-0.11416236590668816,0.0957533774623545,0.013566217432007694,-0.07208938476129874,0.023564017773425885,0.02640779338361999,-0.017846436964504463,-0.04553154158959849,-0.0034021435114948203,0.08922172540162752,-0.022670867025392536,0.007134112990761603,-0.02075499297084442,0.007771384490161452,-0.018757586234144252,0.05344104966919525,-0.02916095610694885,-0.0031891386367885436,0.026616672673090595,0.03389915781417028,0.04355747207119443,-0.015919100222868007,-0.07157436767112564,-0.03459961763963937,0.040547660427344645,-0.00477183727182918,-0.01156395655076064,0.05490049042494758,-0.015300192694939447,-0.020252949063255893,0.008612670010133779,0.0025797278705158282,0.034779110681319655,0.0026308889005378752,0.004985549011915841,-0.0014455564612465516,0.020529695745691308,-0.0037191838507691162
2023-11-09,0.09536168164431841,0.2195321551205501,-0.06414487797812411,-0.15596328053309547,-0.16209742260146112,-0.009276852565277497,-0.14628300557155097,-0.0013286666755181363,-0.05234644943192209,0.1420881100396692,-0.03973885975480712,-0.05484677367529884,0.028771403772764544,0.06656459259050357,-0.09033720385506776,-0.05879994149962668,-0.03022549446771615,-0.021888161683263505,0.03626262674498872,0.018296720950176454,-0.03461410240817035,-0.03428852053415263,0.09238862296203232,0.008308590773991851,-0.026955180689383476,0.010220033646931826,0.024034467449910103,-0.022843819812788973,-0.032030812013651024,0.05995259004087178,-0.041085173295379286,-0.025500005017954325,-0.02127633539768685,0.03691147504095652,0.049161758061782045,-0.005808817017903556,0.028796693636238654,-0.012820573477103605,0.06556655814607316,0.0375080293730588,-0.06183874499011506,-0.021181085033922707,-0.004173294881540252,0.005589869652053172,0.04414128563559427,-0.0010014003092231464,-0.019290766505003158,-0.008355600675974153,-0.0022812456917113574,0.009696670413172962
2023-11-12,0.04219088678118974,0.2137700470525857,-0.16505323460305166,0.14019024036698277,0.1887844635673988,0.06022450397645106,0.21552666064714487,0.019745032389117734,-0.09115610546943828,0.11613780430913685,-0.12706652939901728,0.1585133269117167,-0.07001945125265742,-0.013078800084296929,-0.08107098445527758,-0.03247806805922434,0.022696834130119314,-0.04865373353656122,0.03582528733765244,-0.06330587697636254,0.08951297302801256,0.13665929963647092,0.03263226591383142,-0.0963678221723349,0.017950973935365152,0.010614076522542808,0.08981597820243768,0.03060216435047386,0.01616958851018054,0.018506557642770052,-0.03152779746634648,-0.04451657442826107,0.009666136051664841,0.10742176387861857,-0.02645569884588285,0.05612507510718266,-0.034025411235406665,-0.017634049683740747,-0.025025122444033966,0.09731708435888448,0.042443672796259206,-0.04972081104786991,0.04921151501806643,0.010640977893613826,0.013390714583675394,0.05994645126958808,0.010000655971067248,0.017309793123705515,-0.035089312920794015,0.05602772196404824
2023-11-13,0.21248320404230586,-0.29757872240367694,0.16526058490491316,0.07039323755358157,-0.08378622824816921,-0.05790294228014965,0.013592490892978934,0.12563442074533407,-0.07366354890215009,-0.19148275247005261,0.1676041023180328,-0.003179307540628971,-0.2708221541159033,0.21387053816641005,-0.022707418526545817,-0.15126149028131589,-0.026036383640641807,0.013511287865589843,-0.09039006126089352,-0.09480600873268419,-0.041478767270202006,0.12536423531180318,0.11448422510006515,0.0878842665681409,-0.11314973454275483,-0.08114137320013352,0.011859721856505627,0.01375091657390577,-0.09354271881012627,0.02718563485204665,-0.05061020438787846,-0.053490383530264,-0.059963203656279794,0.003470056144927286,0.020368612862805027,0.03800962259098308,0.07913112116409315,-0.011863899079951747,0.05428498879134327,-0.003846470967599121,-0.04110574664056443,-0.022236511185237926,-0.005664632746897498,0.030766113059841966,0.06687280732959482,0.06312780606766352,-0.08671813539488077,0.0956143628147684,0.025890086289057875,0.06617545725179225
2023-11-14,0.09034183807925114,0.41064250737913793,-0.15744556846773888,0.06206689047708014,-0.09415045263668223,0.05328154260235086,0.0012928133821479624,-0.011553671800733896,-0.07512862628080318,-0.015766553130025104,0.005517369841670935,0.029057088948671168,0.007971211806017174,0.005683279991856361,-0.019577513926323484,0.06139881121826351,0.013767137968041484,-0.009089761804237125,-0.05665644671264764,0.026899527028259373,-0.02515118441226643,-0.017877731820252422,0.005568586021644287,0.01737116185031079,-0.020770928422026054,-0.004051083669500588,-0.06151717954956773,-0.02330889789687545,-0.0672004408255901,0.02548693416137587,-0.054947230844754995,-0.04065367691169723,-0.02193622428882836,-0.010219140894338749,0.07421788860873296,-0.018137269641405232,-0.025219222855633466,-0.024798234264317792,0.026310702436872845,0.021322577377623584,0.014505239439803268,-0.04765858641758155,-0.012139386189056956,0.004160163725428647,0.0068418782716248945,0.009185192131891924,-0.019599735693937446,-0.0160565095298166,-0.02080889590777268,0.0006910632812004584
2023-11-15,0.11047535288905802,0.1445216478159456,-0.03882941197100845,-0.10960623856702731,0.07025199791194948,0.06127045037006197,0.11746485670996885,-0.13802495430785325,0.13702091436460226,0.1338661732205463,0.05313158955971918,0.07041268119091716,0.05934421211044882,0.23273202744070431,-0.12657423217387326,-0.0597843753217124,0.14267694148431126,-0.0876878975342513,0.14626217420862772,-0.08151271214438235,-0.09619811413077989,-0.13086748972805382,-0.05146085037886,0.09871514193403508,0.03438396101024406,-0.05708342360573109,-0.006773722215105528,-0.13211025219441472,0.04089424934592312,0.036307830510909404,-0.08551766126735286,0.012659950270895294,-0.11428227847425403,0.009962343640366089,-0.046082188880787835,-0.0377563273297057,-0.014606936883872504,0.08172741282683732,-0.06428920215487495,0.006649134464741999,0.007086996909574675,-0.002346992570186503,-0.005976328426552974,-0.013488908716381427,0.04508384134594962,0.06836402250676415,0.09382017976069253,-0.02130449189247674,0.15138383713886613,0.08957744247047499
2023-11-16,0.21115508897194074,0.17265298887731137,0.1527260494367462,0.08885672513445199,-0.16699839063176958,0.0067339453260947466,-0.07460637210552132,-0.006568515460588529,-0.06154014622075162,-0.04485735197572062,0.01557153418445639,0.04068831926859275,-0.036100573114305444,-0.0724140083226179,0.004337395220991569,0.09025593754754159,0.017238035260284813,-0.037651133399000024,-0.030437352935260457,-0.005531165616824335,-0.004746728723657484,-0.02523529472735512,0.06628152966568993,0.0022033368830608755,0.01880935542920381,-9.304185440532398e-05,-0.04643014753948107,-0.03255554895401284,-0.027360875533241215,-0.0038572155141681393,-0.009119385265169328,-0.015195274235461005,0.028783134618823487,0.003717991884771528,0.026709884315506614,-0.0128433379483609,0.01445030347279749,-0.04003967322641629,0.014138560281519993,0.0028491810770503155,-0.008956482924641953,-0.012330214920937006,0.01679628479556379,0.00045813170262252784,-0.012776003360259875,-0.013354454374890174,0.011699854977722662,-0.00019069292954013894,0.004029716926763281,-0.0018933844343850994
2023-11-19,0.06425935529833073,0.5235622818448893,-0.09655837464926113,0.030902848644991647,-0.2651162685246811,0.06598065887346315,-0.19112471818662308,-0.037158128076541036,-0.038898326732747845,-0.055249758508960925,0.009916688704726815,-0.04147586833009615,-0.03957245550050954,-0.04661219724275649,0.007832518291622086,-0.05064069430732178,0.0376368360301563,0.0687579707985057,0.00528661881851699,-0.026168133235633387,0.03168691325994156,-0.05687042616506986,-0.07071392750241916,-0.05312372106880538,-0.055769966521028225,-0.04008512588594882,-0.044340668886095544,-0.05373913493693035,0.044822493462877235,-0.04535781775848017,-0.006915323685635579,0.01372828665778169,-0.0012184739941993072,0.034192671506509814,-0.0331002821939006,-0.009640427412616918,0.015953922906028976,0.005845891456692443,-0.01651855786191479,0.031701438257267005,-0.04504312767998309,0.017467870541832374,0.030509963459840608,0.014071386052296348,0.02442890827909716,-0.010556053606234413,-0.05694557785031039,-0.040555936543867514,0.03549298209269771,-0.011111578629532333
2023-11-20,0.15104338615080726,0.011982612173216436,0.01980202603836962,-0.005042682585345001,-0.010651349333389777,0.18992724346166856,-0.03337579798787009,0.05302009887014337,0.036733304579164384,0.00473928749796726,0.04090325505439157,0.10284263437005123,-0.09553375329966429,-0.0697514460624165,-0.011634818805207838,0.05087548124105173,-0.08732588887465774,-0.007455044624094638,0.04744230662319624,0.07289306649408826,0.017020914567640953,-0.05468098159910237,-0.031936823546386536,-0.010881441777911373,0.01959997102874905,-0.04882047378126919,-0.027757648685469666,-0.016606467153701364,-0.0360335684948145,0.024949082876822376,-7.403387873215292e-05,-0.009458861881252112,0.01686772082910534,0.0012603426205198972,-0.014257269164964571,-0.021896866702294515,-0.025451869048076753,-0.022126574192293722,-0.007871331675448314,0.01054487376361959,-0.04114859399726542,-0.0075192900489012785,0.018886778657288883,0.0021614320689907138,0.018759653683615766,-0.004417999525921216,0.007699434135272486,0.0006832483856397995,0.0008561486128277161,-0.017897119437251696
2023-11-21,0.24952805091873803,-0.2102821873208148,0.0452772207739446,-0.08498922946928648,-0.08407032027964988,0.12314165890124544,0.014052941483094916,-0.07990490185740158,0.013181443764353375,-0.10299976711356501,-0.06270903279079115,0.020186348193488697,0.0392115909776913,0.08391733891757816,-0.007942787581093307,0.008613901866331505,0.042589036722640465,0.01094313365618255,-0.03558254397480256,0.007455007004905656,0.0172032390852719,-0.024642848673342453,-0.02807331101035788,-0.0176111418910398,-0.055329107673224256,-0.04205461782057859,-0.02194928347541838,-0.08347816428242245,0.04828730880533824,-0.03892336838155638,-0.017573854033002455,0.0015281170537455062,0.04773055530832834,0.019922845442861773,0.006120730663580781,0.008241243391946939,0.011399252896798783,0.0051214860703546125,0.0032467188751198308,-0.006185660696625785,-0.008012306371024501,0.019277459212483725,0.03709960514682782,0.022999634944675374,0.008129954284911593,-0.009989564521644765,-0.026412957316472176,-0.040048313544497796,0.000747604949995662,-0.037328907895238406
2023-11-22,0.13842932342940828,-0.07821122172010164,0.04745424691589593,-0.040877837729143815,0.13502370039093867,-0.024441231433025096,-0.1272346222736316,0.06141881315656186,0.025733743658031643,0.05161079012692651,0.0551142742069005,0.012691701679402279,-0.03676724637541129,0.07198658004235979,0.04282175304818886,0.042027506621479076,0.017956553201230175,-0.013508983893136671,0.047957214585357046,-0.04045352747469022,0.03392920838526667,-0.009031921707588262,-0.024282006479838865,0.012682608161627617,0.006484786963697471,-0.03709344866790264,0.026902375346073253,-0.027499098097290068,-0.004248961416564426,-0.0005942601479266194,0.00600779492652968,0.04729311272950403,-0.003358676937965439,-0.01089476561229876,0.006987824126489971,-0.017478345201462037,-0.015856219888558523,0.00955989402371636,-0.0037671801116038713,0.016701919436376406,0.01989513497911458,0.03428783023969586,-0.009825514776912297,-0.058525156590093774,-0.02362951806051125,0.03104596970457139,0.024113317126603008,-0.015627046586185172,-0.007334710467094166,-0.012564800273337506
2023-11-23,0.35271595009866386,0.10820817835619106,0.3771433318422582,0.23341697287593818,-0.04662639235166134,-0.10986667715370801,0.038014837745494065,-0.06938626226419632,0.2578273606063872,0.0798601726735471,0.07496492941241768,-0.00516275189069299,0.13056105330288512,0.01536958958341509,0.09251624510720649,-0.09254299576050086,0.08117090828023173,-0.04292052780339765,0.03611051296776853,0.14674524672253408,0.028445548768044737,0.1356731625200688,-0.00436194907950237,-0.04762914265832649,-0.022724833616052653,0.08977409190813729,-0.03643807473396575,-0.01872221633636492,-0.019892421638630947,-0.012917671993380194,-0.032233450828992705,0.00455839723641382,-0.001556196487018903,0.008291255236335098,0.019304089807612612,-0.004403620121082322,-0.009497966287775534,-0.022401072239934185,0.03956978790503188,-0.013080373266462117,-0.006349041421326388,-0.019293895973820707,0.012916183714490409,-0.004495173518751471,-0.00022071325174058667,-0.006197940697088795,0.024708295944202808,-0.017245229513397454,0.007798458850277744,-0.012516433011776977
2023-11-26,0.10849581626463932,0.1472267554652962,-0.022189516013335707,0.043981943732144806,0.0032415606476935243,0.02538399591319536,0.06907491167557062,0.002313797078155233,-0.0692160531592324,-0.0859310345397553,0.012121505585749176,-0.08698865538960426,-0.004834049198725346,0.06891492366998342,-0.037762399437744544,-0.02043432833808621,-0.00021796185967505347,0.014090740964569418,0.0013669461727075826,0.0026541306190486164,-0.06399691774298934,-0.04229362461953768,-0.0033724908788495427,0.02697075890024953,0.08223026545035217,0.087574716313714,-0.0027699126435481456,-0.043325965458159865,0.03056541396971155,-0.023629526953323016,-0.016218390533817018,-0.03406049518288611,-0.004160351660137798,-0.011978119935164327,0.005577605076807049,0.00912211582453378,-0.03154003267367827,0.01335588850464245,-0.009885732066489947,0.03977723482296555,0.0217241348724189,-0.03664473128017763,0.020897524349239423,-0.02729547417045765,0.01571352443519878,-4.2901534219421685e-05,-0.002013505238854852,0.008144307558571044,-0.04091751532320364,-0.006512074311906817
2023-11-27,0.19479573856966573,-0.06009923921306267,0.09971795007886004,0.006682516804908879,-0.025845367690707517,0.017102689917906783,-0.0031472269051803507,-0.07789281171166179,-0.05674104348087363,-0.04985227056139885,0.09795346389476274,-0.04729449450696695,-0.03659449851385939,0.0441913996316261,0.005018720170302396,-0.008699854194746287,0.020328298334764662,0.16397204403288643,-0.00023474505372537605,-0.00460387766893785,-0.010653112288585374,-0.011313431817280655,-0.02116548581044126,0.033437888539844716,-0.03238245321462807,0.03240557843152593,0.05600779900374206,0.023070279374985965,0.049088550327020974,0.021049790365238928,0.045593934004105136,-0.0590234658357187,-0.03674713743796581,-0.01739219044152693,0.09128307621672764,0.019186772066116173,-0.03423720819514927,-0.0064944559484855,0.02996429984886254,0.06416733488106623,0.08661801204866855,-0.018610792779781563,0.006628191723589901,0.011852535930533729,-0.013216907941251759,-0.04787432664439276,0.0689374858171319,-0.0572629822325686,0.10372039028251331,0.011781567056027703
2023-11-28,0.18426759770250672,0.028554232871244416,0.0504491975314372,0.09691216710336122,0.01688347426514922,-0.00947571662636998,0.09564935492527164,0.028784036414777777,-0.05048142273134444,-0.019631662185974702,-0.03138305309977408,-0.04058592474570598,0.013772940946675217,0.02933751152421778,-0.05946179507740651,-0.002044464067060414,-0.007771798238952733,-0.00703287191844373,-0.0027477913949120743,0.03338868815047053,-0.04650975475853075,-0.015390864956373906,0.017965732754969144,0.0499308838418385,0.000506704411658116,0.028912890451157088,0.005104442754548761,-0.025774182127906352,0.06256837111726915,-0.012154058237471618,-0.009735408270029725,-0.08696991838849341,-0.007754609044025358,-0.03129723417070549,0.013219206373184751,-0.018723426996777117,-0.015569834341914595,0.04216737104655384,0.02686165111592064,0.021343870184399483,0.011741517061333983,0.006096437120738634,0.0219992699503699,0.0011165220636909358,0.04551988991108396,-0.022965182050757985,-0.0033937774124160112,-0.001313808503146284,-0.0020791448186625,-0.03497647960655288
2023-11-29,0.18344968035761863,0.0038367198138890865,0.00045356135594779495,0.056849959477815536,-0.020062006697057787,-0.06219569133633869,0.10754948611594373,0.08190246426874892,-0.035394766098761306,-0.06958689533046701,-0.051122814567791997,0.0012713658552539493,0.017477291708935912,-0.03712719148331049,-0.025430832035317773,-0.01776940952429458,-0.021431576364833185,0.012760005825430364,-0.014672050402600549,0.010645137415117207,-0.06052891897410696,-0.0050589409113077025,-0.048094062853015776,0.07060090337530377,0.020499840490418458,0.04523951923474984,0.04841031708283666,-0.007796920365008216,0.0020735961441273186,0.005056345625027948,-0.044438763890478884,0.007092236986477945,-0.01545860460357991,-0.04415243409027476,0.04051680400167971,-0.06081494449757388,0.03415023689477208,0.011890581722499995,0.034395482971757194,0.030431163077536266,-0.002595125074018344,-0.0024746886175364842,0.007593567919767786,-0.021189450414279682,-0.00839071244124533,0.0186028482184228,0.0031935195615408326,0.022462854050401358,0.010568112421742623,0.010580989232372454
2023-11-30,0.09388527560886849,0.5328062808999877,-0.06745719890693137,0.040544014548728406,-0.2172736751703091,0.11152444244705373,-0.18722885517415477,0.017205915877134832,-0.049564494836856814,-0.023844693292107557,0.03477685224362551,0.0170702018651934,-0.0645442015130194,-0.06473162230128235,-0.00613919316845317,0.06635826442587413,0.07618737028980938,0.022093133599361166,-0.10976463514164,-0.020052541816289262,-0.008693096095944734,-0.06781447573499153,0.056361108948446585,-0.058694523305396235,0.06447022914341355,0.062027266794040976,-0.07101858508606927,-0.03789277355854664,-0.04296554462648634,0.028974470709844522,-0.04788417277804199,-0.0029489250040411635,0.07616167390444663,0.04900037061545387,-0.009128434670855893,0.013664282820760298,0.023608037982302623,-0.05053608078625402,-0.02402635106650446,-0.019817486244279894,-0.02134936885376331,-0.07092790758463229,0.021180010036123336,-0.05419641011155917,-0.028241631678393095,0.006897960648782483,-0.016111603672501713,-0.03529107273250964,0.011569956868281378,0.03777306674443243
2023-12-03,0.11280813151133587,0.11203979784629663,-0.017743812740570995,0.16079080890690983,0.0576635707554069,0.05135841236032406,0.1342925239628821,-0.025421946316628183,-0.08328759584155056,-0.004849526312564568,-0.01575920172853634,-0.03638661936985781,-0.026817007225843927,0.01133983238177416,0.014082584851998807,0.011196868238441978,-0.012382886640031912,0.07603781494814658,0.0025352103638181397,-0.0039226397047295416,0.04330521678179834,0.005847572610509731,-0.015144137161477157,-0.028141474565683167,0.03351289024036055,-0.025630557290592982,0.016799625131000223,-0.016531775544939772,-0.02360337148409058,0.02147770803583325,-0.07787853863576498,0.027953977494188712,-0.03643538418154076,-0.028681974044306204,0.02591637981136474,-0.013625244018217096,-0.014668254295823897,0.008403793442253211,0.014175188328242463,0.008624781373108821,0.006192725234167618,-0.026846232618535998,-0.008489774714493517,0.0036773206110914986,0.01600818694797177,0.01019804239273935,0.0018671158966419884,0.015531659861225943,-0.017343896564494855,0.014209709591638586
2023-12-04,0.16816900019862197,-0.07159540119206784,0.04973352952704922,-0.01976718369968678,-0.04803132598673534,-0.024972416939821586,-0.01569086383098657,0.05647913836877804,-0.027188346749446785,-0.07370833563455152,0.06830149373447389,-0.03977569843306395,-0.09198194143904888,0.05979059462284812,0.014840171585482828,-0.015917389293857644,-0.007830769642408359,0.035180619385124554,0.012463438407417845,-0.01428361752840242,0.04609027454493834,0.043072759434991885,0.0017106220930053985,-0.013823843992498773,0.009788254614245203,-0.04482142106325234,-0.03460999365450799,-0.03297968856824403,-0.015790467538864286,-0.008885164978926718,-0.020616071676490186,0.0245876049279749,0.0327798625455534,-0.01454995212987647,-0.015780267419804987,-0.03403137620659574,-0.002533689971793348,0.011154844466236154,-0.023398058591775482,-0.0342313587921398,-0.035288725834728994,-0.016436986215208695,0.031000574182630754,-0.027719306520711924,-0.018511001770026174,-0.0030924973204285557,-0.0006109659513510167,-0.012162472972770509,-0.005543767878022596,0.015721966735250503
2023-12-05,0.21949867738182294,-0.04642434866634557,0.11266195580386834,0.18919330626037315,0.019466512825171457,0.029443971778255824,0.08805529524747355,0.022347816344656855,-0.06534248897226623,-0.019938767208566167,-0.06110792033323998,-0.011882622500012166,0.039252219600205404,-0.07770299452194178,-0.01953568359285037,-0.0016010085570590167,0.017892806329544337,0.008492884559743313,-0.015118941803022519,0.05168018281874746,-0.022819562429024692,-0.03899012628320639,-0.04403522098626239,-0.009214516509184551,0.017923567662276752,-0.027442705010081142,-0.010796528556636334,0.010813765509791181,0.05204465736761231,0.04078551304335584,0.01752971383989328,0.017345511140982726,0.013941995545570254,-0.032530545713478555,-0.03994995487979641,-0.023970046046077033,0.005528538019688421,-0.007546382697720655,0.020269518505013965,0.0075572861369165205,0.021465002505385473,-0.008174517236683627,0.05344921209761158,-0.0440728474459291,0.01629646210961461,-0.007792054734331796,-0.019263663284332176,0.04262639912351905,-0.00867396124278081,-0.03174045112898938
2023-12-06,0.049781274255737154,0.10098882772239375,0.10699460536034376,-0.07305099725414017,-0.04665404733614018,-0.027140996829509823,-0.05567780439802762,-0.058657312136066495,0.031158852030511594,-0.04680250984609375,0.009911004889427833,0.003122053268347367,-0.05102219131676548,-0.007455828213847618,0.012726655848697708,0.012113531128355677,0.008325404592019714,-0.0125683466698224,-0.0008970834966334664,0.030311840612964578,-0.01579061354201843,0.04498956729185677,-0.01077703625643391,-0.023197687148142,-0.02923813497621138,-0.028531572168162753,-0.008477294506342012,-0.010229018208599986,0.022073339622379905,-0.0010642589145161366,-0.003044865159123925,0.029676631208175184,0.053367620957767765,-0.0016020421871707014,-0.011840070924646149,-0.011880176262642077,-0.015326870199682178,0.026579858740718464,-0.02883562670603619,-0.029155236929227894,0.026004414830158678,0.005225835676239561,0.03682188102476699,-0.013873608106561354,0.004331322053388338,0.015393728272412215,-0.01075127243604569,-0.027330635866784463,0.008467947744923595,-0.034519159425814946
2023-12-07,0.2509052842935609,-0.3111040214437262,0.2285947800595186,0.0588064777504787,-0.051937851489398376,-0.0013962102209597823,-0.018071824105391217,0.061115433761373496,-0.10397357555187889,-0.24446414058535373,0.17767649129528296,-0.0833368270916023,-0.32786485620184214,0.24477638806672686,-0.044653089072824954,-0.16214542113477817,-0.02926421432909253,0.07941640867645595,-0.10766402666217084,-0.013843439058013704,0.005261597314175182,0.13839765505398308,0.08009481353751557,0.026335720607599245,-0.14569411295324872,-0.06622243839262378,0.042962158110786394,0.04728693322193894,0.03642210120747733,-0.002191393467347261,-0.1174237635901785,-0.03631257298687826,-0.010534221715272452,0.07232989350295349,0.07769834457379553,0.05568039741872488,0.04540908677290245,0.0023641170602158954,0.03415685369398432,-0.06700726472793617,-0.0068543323046370164,0.04423185983089951,0.043985725059850135,0.03923928094478868,-0.012067939897815327,0.06741676891656599,0.0010806086338784118,-0.005243678918092593,-0.04825609169504041,0.08365874750312871
2023-12-10,0.3200361268391409,0.06540797592785513,0.34012289175970034,0.22480162225213834,0.018231055395388513,-0.10561612533694478,0.04286023364684716,-0.10383537466803384,0.23206200862813975,0.046085106062673825,0.07273161729810572,0.022215264470808998,0.04942046519677609,-0.03946874647661007,0.0725793580559715,-0.09281049028922267,0.08887081100209412,-0.03956786320822256,0.050694798529570186,0.023675317484736405,-0.04197389193792997,0.12325574719395674,-0.06316490645445566,0.03234092593714186,0.0037293233455261564,0.0029224868464914153,-0.060896958090609604,0.00010309634155740025,-0.04295809022341349,0.0509032361077651,0.09325781908031847,0.02797301598824,0.005532401429029031,0.0529801160454933,-0.018448723836091058,0.004348110816183839,0.028302889333205745,-0.011976554592138297,0.03577573905367538,-0.0257908862684373,0.001046418230217123,-0.005291503690974705,-0.0007114050098719976,0.005773604239201724,0.03598689476472127,-0.012025588782537112,0.014293457246706926,-0.00737606613041822,-0.04084493685495097,-0.05310769291393987
2023-12-11,0.16252941483807862,-0.05699548461744262,0.027259296521918913,0.1338453511945999,0.13630260986429932,0.051501380292634805,0.10329556032925526,0.05803264424521156,-0.15307119685116513,-0.17504245656654163,-0.029261483832743924,-0.031885161152092036,-0.030802050528360887,-0.009274910633098588,0.013533545859776147,-0.07136363320947645,0.05313749511876958,-0.014255379009763265,0.059400311612361575,-0.021119879439650584,-0.016407036643523703,-0.05403422385599355,-0.0368385556901096,0.01944639232444798,0.017787142791388853,0.08908472038772365,-0.14077076398177923,0.0548258196050235,0.05467582502438934,0.09643358674967817,-0.010784951732277264,-0.01710327736496595,0.002333656603966454,0.05813203123770863,-0.0259115377189208,-0.08592097122373202,-0.05414812605063306,-0.0005791492455484371,0.08247977240614743,-0.013699200960654506,-0.023353199068174922,0.01028712485371689,-0.12581402577948156,-0.04396098708675716,-0.03977249640553574,-0.04493091760750092,0.09208697965551636,0.008456382439857548,0.03956676813416196,-0.061489455393487734
2023-12-12,0.18011489633527636,-0.2242923690191613,0.08589674554507083,-0.20114897456258576,-0.04625100835652747,0.23909404921673003,-0.020174888674364806,0.08958474016978503,0.01903438601036216,0.044387325480780296,-0.15842724241821016,-0.004393306703934786,0.08098236222095954,0.07155529441891934,-0.0564229442464664,0.004492598552234281,-0.051384621845396834,-0.011207646183328939,0.024038016265504978,-0.017091837715841853,0.02988479998495336,0.1050873726748476,0.010690620501836636,0.06713895288448771,-0.07408891169465294,-0.051235717364546726,-0.02747448661974173,0.06943804146324023,0.011347043722704278,-0.0011239239614798514,-0.01761602465213445,0.017573032565666613,0.1430990600858599,0.10497208338220418,-0.006198789711580627,0.05776104049589039,0.03378980343638824,-0.006457800060286416,-0.06306117622244681,0.0291764841169933,-0.03894452580512502,-0.013322832297616199,0.0006685187892731255,-0.03588085027413594,-0.11242376942758348,0.01096313318142229,0.029293198600336585,0.026262029339810176,0.0757233476840627,-0.08524502247026797
2023-12-14,0.18393261652274442,-0.10451489313638605,-0.20092154599795928,-0.16844740643547423,0.04401187746726599,-0.11946236755268777,-0.07144876896296347,-0.1286744176485773,-0.02400136549210862,0.07717983989755761,-0.022985849607790126,-0.0762294157363851,0.01910481230866982,-0.006010487747708381,-0.062951560549357,-0.03600843484484891,-0.013511370826374366,0.033437993493881935,0.08411504309016934,0.06379747082782185,0.051912844507822666,-0.011489917102966766,0.058949300343050924,-0.014376246482579971,-0.012203807991461592,-0.004017023235610365,0.019828128445359645,0.05041123295721443,0.005343571128057141,0.04361673281522929,0.018778457186056394,0.025122955354935778,0.010429082334490646,-0.030339641333031252,-0.020833047753723584,-0.026115389104429794,0.03380582582722132,-7.172383036949198e-05,0.02775380164275754,0.033309519157762646,-0.0331301030656206,-0.015162926031152121,0.0009060489208414815,0.0006440172329186855,0.04982854033720749,-0.00011881767961617087,-0.008229741698102793,-0.006774525513356007,0.02826964726250893,0.009075134343010976
2023-12-18,0.1745481437583047,0.04293184754212605,-0.13544922367281254,-0.009249891820585303,0.05527498504018392,-0.1020834572415422,0.019509732490376498,-0.11710156232529569,-0.015378715597625221,0.00358646664028729,0.013400708884319509,0.02808117423899861,0.04884712615401424,0.048162596675309755,0.0005779868253597657,0.11477735133801534,-0.04839667531565795,-0.010440635697509968,0.034698525466550244,0.03319406562767784,0.017679825293707253,0.06157615020807799,0.09405508910008502,0.03611591399480949,0.008233042782668636,0.014541107160761756,-0.0007820111533528327,-0.06338813141074238,0.011903126411192027,0.004207651470962051,0.007003127182396006,0.03628415425076713,-0.04630319622187809,-0.006372531012182887,0.06428477769048276,0.06834715362753349,0.043952247624278816,0.01231670635487197,0.006843301499028778,0.024077491823804115,0.009989402496837907,0.020351736811996403,0.010770831023968109,0.006638736096418437,0.01788098458862321,0.03320971328655563,-0.016911661888728415,0.026128432857284268,0.05200878579725013,0.04802496093609871
2023-12-20,0.15996158841781336,-0.1388110198327564,-0.23442630286673835,-0.09084632020082714,0.247848681621229,-0.11298519272122366,-0.20004264897775587,0.03692135420430793,0.018342220280496035,-0.08070542595214204,-0.04025392993368253,0.049341698607022214,0.02563082288948207,0.06260537009772799,0.02813141815142131,0.11867166983616065,0.08478384162561535,-0.023948722757516784,0.0035488906915765272,0.05175252379448166,-0.04737928609004775,0.0331267321213496,-0.027367890562054787,-0.03393314778344454,-0.013119365161587087,-0.003137568545223359,0.023673435160965893,0.026967632893667888,0.050902499383927054,0.05717115444944477,-0.009610214036367368,-0.007040184558710856,-0.0311990611862978,0.004688258874564769,-0.026723665398412207,0.0008791461487905768,0.04352678877501079,-0.015387122383013844,-0.035096719246194424,-0.012015390670271322,-0.025535696980819558,0.0037041480645215014,-0.026876623717599035,-0.018899494166578813,0.0027676642470653703,0.013133274492698997,0.008286113964648834,0.023298447375110946,-0.00799008599567323,0.020822684601893068
2023-12-21,0.35271595009866386,0.10820817835619106,0.3771433318422582,0.23341697287593818,-0.04662639235166134,-0.10986667715370801,0.038014837745494065,-0.06938626226419632,0.2578273606063872,0.0798601726735471,0.07496492941241768,-0.00516275189069299,0.13056105330288512,0.01536958958341509,0.09251624510720649,-0.09254299576050086,0.08117090828023173,-0.04292052780339765,0.03611051296776853,0.14674524672253408,0.028445548768044737,0.1356731625200688,-0.00436194907950237,-0.04762914265832649,-0.022724833616052653,0.08977409190813729,-0.03643807473396575,-0.01872221633636492,-0.019892421638630947,-0.012917671993380194,-0.032233450828992705,0.00455839723641382,-0.001556196487018903,0.008291255236335098,0.019304089807612612,-0.004403620121082322,-0.009497966287775534,-0.022401072239934185,0.03956978790503188,-0.013080373266462117,-0.006349041421326388,-0.019293895973820707,0.012916183714490409,-0.004495173518751471,-0.00022071325174058667,-0.006197940697088795,0.024708295944202808,-0.017245229513397454,0.007798458850277744,-0.012516433011776977
2023-12-25,0.1398072003159189,0.026003109325783574,-0.21539999838855087,-0.06355045316314568,0.060011342127738454,-0.06011090806741064,-0.050327457098188894,-0.13549582418137496,-0.022235996582332378,-0.01612575031662884,-0.012403142773571763,0.06237636946881141,0.060559647369156394,0.09392127094218308,0.03993778786969044,0.14278130472333894,0.03954604227596412,0.0352316746529847,-0.05048390313717336,0.0431110714952165,-0.03941270323909537,0.0333520845393429,-0.031257718156293975,-0.05981242298793662,0.010122938141909264,0.0011446784345351723,0.10271823085435605,0.036314884904088185,-0.0011280463927780043,0.00023831025352520578,0.0052442976952501745,-0.01800902151668163,0.02687887742493438,-0.0112410357981498,0.02037817568547579,-0.025271593076293855,0.029718280654477642,-0.013131732433701667,0.039447662429717284,-0.031930185255273434,-0.006407597200651682,0.021235500157551337,-0.018648675301316663,0.019486269981312348,-0.024275907133079262,-0.016190701033361184,0.039813403334637384,0.0794164778508214,0.00435394752577389,0.024559291193766018
2023-12-27,0.226553699236972,-0.13322218577265751,-0.3054415722129227,-0.1191399822839207,0.053528582737910384,-0.12621828768759158,-0.014663950068847626,-0.17845944732033037,-0.04822903859618098,-0.06326301981115329,-0.061026938875492126,0.011462317579762172,0.029714633770091873,0.14781526492070654,-0.024552503088529295,0.10943601445393461,0.07869178095893754,0.014208205206627699,0.02874807496107604,0.18400953964129585,-0.010903420115145213,0.10736517719374154,-0.00454499690494123,-0.08155666535110934,0.017655943587635947,0.018230831429415405,0.09757375712312974,0.10212061079670208,0.09549842262593022,-0.03229605739377755,0.07345484344881417,-0.05516819286767711,-0.11322469022349653,-0.021131244138388915,-0.05370928323891687,-0.06930886513049635,0.11099067269426106,-0.0008924486968243722,-0.12538438682066205,0.010217322596407001,-0.051755288638304996,0.01681170883537696,-0.10001578122455118,-0.02307861250226697,0.0729758053891513,-0.020508712520961137,0.010635739318666532,0.05531898401744637,0.0511421128314319,-0.11095249400881295
2023-12-28,0.10605080171721662,-0.1355522419632253,0.0552484548835017,-0.2705944996590179,-0.11278738956819655,0.17133556404606906,0.1118976387210331,0.0723471643930694,0.052792445396323655,-0.06043169197934499,-0.08644977961387813,-0.03550088608258495,0.08386089981308688,-0.04219220454431171,0.06514521718316728,0.037416180164104924,-0.03681307403995899,0.06689637791991632,-0.034206607833903654,-0.0664679593075691,0.024838286542657503,0.04602263615942211,0.004744554838299683,-0.05412380969056267,-0.03119211752573628,-0.043703337209290594,-0.11414429013139557,-0.09763303646513524,0.061319111401912825,-0.05779664266511505,-0.04493466558914663,-0.04901529518739316,0.0057106409361847256,-0.020607009300776812,-0.013103337309405055,-0.04402308214237389,0.06507781521351078,-0.017921300486466778,-0.019430075551068553,-0.004228693037740492,0.01516071608254714,-0.01962156843179762,0.03554012934448984,-0.01248140249839765,0.057434986742168834,-0.07170579460757678,-0.040077788548634856,0.01447091907357187,0.0022604668606376207,-0.009377223144401562
2023-12-31,0.14013186446047085,0.0052366720772561,-0.21319900479550302,-0.10654330971940787,-0.01553363707159308,-0.03204290760708994,0.06874430836292739,-0.024917401386337946,-0.06802599015943592,-0.03154142803680735,0.023878634773707608,0.09950288296435195,-0.07529413643151267,0.14603576007911573,-0.06639721260854263,0.09504744598322279,-0.01659648899138829,-0.07064010527633831,-0.005840958034547172,0.03918479196636005,0.017499964664205798,0.052667028788633,-0.008023105369200744,0.008055905569092223,-0.07475766857051971,0.0012118127434811625,0.07837055696226812,-0.10603506048074737,0.05414486056900137,0.013336932740541659,-0.056971874045393694,-0.03860598932872031,0.04803627399146176,0.006919055805926089,0.03740490669952514,0.006038008011701395,-0.029729976851167537,0.07051822171871898,-0.007415742666296026,-0.08069128464856895,0.09293680033704396,0.03708313182927565,0.03494182683237609,-0.03013161632062524,-0.01562700926630884,0.01807254828541258,-0.05910178546600313,-0.09633738844433304,0.0036620963473688673,-0.021976551045859032
2024-01-01,-0.13880080829849606,0.3330005421666617,0.08654636285038601,0.003678787244216969,0.044294650867820716,0.12122396881475914,-0.03894465239328875,-0.10348284453440937,0.12278421036531134,0.04676955324821012,0.04479812681857762,0.0067673422934677015,0.038192158929395516,0.05974854827772623,0.04260584235072564,0.07716649741620699,-0.04203070758587563,0.1416357209922033,0.0027618133543457807,-0.2477470120812398,-0.13116395196822925,0.1041977564385103,-0.028686605870412704,-0.17368649415442738,0.10038257294058549,0.020667261219713236,0.0708008522977558,-0.013440106231091022,0.0086478455931406,0.029920489414691456,-0.10814648395930204,0.007352498566261216,0.04726158440721815,-0.0702766957333837,0.05822389027196608,0.03323405294195963,0.024776493022326235,0.0022866304019388013,0.12231013410271398,-0.08629485562574933,-0.002691097259792916,0.16328361370147318,-0.030188823539061868,0.07376118428296877,-0.1417997628884029,-0.1222327743113912,-0.07273705321734843,0.11197352507067236,0.008154262340293986,-0.05802181905661909
2024-01-03,0.15439181987044956,0.13716553375465426,-0.25356351197098476,-0.022372341708215063,0.23708973404686023,-0.04093608914489382,0.05101448474649399,-0.27296329525328583,0.12148028383096336,-0.015508518460569422,0.09964795347472279,-0.1289168637916153,-0.010532370855300632,-0.11549934592807307,0.040762247456909054,-0.1517037714582252,-0.024045888935965282,-0.11627432006055635,-0.045952554222429665,-0.024446021535737328,0.05888310977854178,-0.08908728142276762,0.02552582722229649,-0.04030026419711419,-0.0181825834439401,0.030229519345469,0.05060005985704413,-0.060122950581357894,0.05329126797580721,0.005749210532159065,-0.004675308590719143,-0.1614152623627487,-0.0037985166716879514,0.029483471499288972,-0.07713950577057363,-0.009515116370300683,0.0017384472010323739,0.014123313409307899,-0.03873475961062103,0.019439224917603266,0.024454094900790205,-0.009021251920021376,0.0039508764769087285,-0.010365938334986289,-0.014939661418198073,-0.015410505491169967,0.018373167769354746,-0.015567132078030208,-0.0014642145153547208,0.027331059056799802
2024-01-04,0.25385643682933023,-0.09989381735799932,0.11842603406377653,0.14980056444165826,-0.015295867718536584,-0.019789697158264258,0.05612576195202017,0.02226393913187947,-0.0947894336605306,-0.12102633017496302,-0.051818066359396245,-0.026008001495940708,-0.01543918792086414,-0.017557174249872996,-0.041250253133405364,-0.013766053267297703,0.01388869913826295,0.03210890525090676,0.015105771103967066,0.001939054037384702,0.01122770223894394,-0.0442989913411768,-0.02241548254838971,0.008787359778532615,0.008108683143395523,0.008082219833044432,-0.008570689588121462,0.005185446562140034,0.07278774118524256,0.033882626367858396,-0.03277294116758771,-0.027906418850595208,-0.0012166517640656916,0.03275948029656199,0.036256139192685284,0.008598227528913184,0.02279362469786789,-0.026600873201496168,0.07875770265737453,0.03085424803676003,-0.008748379866996035,0.004393245679294909,0.020814438488245702,0.006410711491661475,0.022534095215059155,-0.04732656899051356,0.026399931492762638,-0.049583873144788466,0.000870455374890766,-0.006374514330850935
2024-01-07,0.02883908271624228,0.33696536454309,-0.08631747755224553,0.06779328027586903,0.02861979679527046,0.11902283724725442,0.05520079308530658,-0.04250775905036316,-0.025873153207690944,0.03833942470123792,0.12628042971130304,0.04246388534806923,-0.03357123301033663,0.06597899526097999,0.06938820040850484,0.02253435345728968,0.005753699876548709,0.038688070631816764,-0.08731485088487238,-0.048379106392996425,0.02006079462273131,-0.037822111455307256,-0.07084282708930151,-0.09505711425241833,0.03669389238328073,0.07069021200256671,0.12725340879107241,0.04891389598609312,-0.06701363231329516,-0.14047105382232394,0.06471159299904522,0.024137176537882835,0.0772965449044027,-0.02525728377180549,-0.022246324304321868,0.059910840804347866,-0.14241329895691912,-0.05476446476268103,0.016170930657756693,0.06455334645033654,0.029273015001442623,0.06868581823488075,-0.15720359528840197,-0.0012085191373526992,0.0519212574051467,-0.12651297265115108,-0.10026630518545067,-0.007533493078663886,0.05254082549760371,-0.06182112584508158
2024-01-08,0.10978881986338114,0.2219754239843999,-0.14618836679598102,-0.13836258701793766,-0.23668296922431592,-0.0735390325545341,-0.048404213859836426,0.13498512437322954,-0.026618188472071317,-0.01609842789400964,0.03218348659299784,0.0015194555904619433,-0.05155024616202432,-0.014264524737152283,-0.0005526983573264992,0.01480997572218615,0.012749225037369721,-0.023263048949819135,-0.02473194421974752,0.0036534237297167513,0.07422726703986728,0.002654926483329647,0.06858017166512334,-0.012430652115729472,-0.001618098306044644,0.018940532418262865,-0.09988042032311756,-0.003379442312198384,-0.03372000853141543,0.014151834556671591,0.012413216159343779,0.03240519842516062,-0.02337940363616109,-0.03581483913622556,-0.0682631113358895,0.03457213644561516,-0.023783677958453188,-0.038320330682314316,-0.016872055545586812,-0.024761959503611798,0.06988030669007797,-0.012256149353705786,0.04232213791581087,-0.004518896317673004,-0.05965756736329169,-0.02414538268839525,0.02347816441404681,0.019666850502635193,0.04977079380015126,-0.010532627814311751
2024-01-10,0.24475963328556286,-0.19425500774671126,0.07426154108821427,-0.09562481815961797,-0.14465255809619015,-0.13372538913479787,0.03993607712151701,0.10870980221750899,-0.035619009426777086,-0.05494665214758826,0.026437242623879337,0.052016590159871055,-0.057698212559001705,0.0103946399818907,-0.015212318929394128,0.04508664025430721,-0.0608731358172208,-0.11611525297122902,0.017409504340822272,-0.05847024266388158,-0.0008504413562473517,0.06114158713478983,0.041306596145914275,0.037347273536327226,-0.009326353740836959,0.02912451965468331,-0.039046995503626204,-0.02643403348657421,-0.0677392158312377,0.03691192849770596,0.034842904165777976,-0.027806154126570313,-0.011975123907898278,-0.0807768352507367,-0.060454257330435496,-0.008113489649121269,-0.07892248225705516,-0.07245632324049199,-0.012579147375817229,-0.07325222722496462,0.04570102540246665,-0.06994276973430973,-0.0033838042870409633,0.0041752371052847575,-0.05287626786377491,-0.02314376394727259,-0.026942450136262674,0.017214848794717207,0.012656487291094235,-0.026130502102835372
2024-01-11,0.06338969422889529,-0.04469933648822412,-0.14785865149031985,-0.1369946595232584,-0.1456431202947493,0.0014808707251021673,0.023995496510852265,0.11198995953230036,-0.015997858694303344,0.21372679147819929,-0.1404778616350195,0.06618134297664861,-0.06377558152482611,0.04802459395022078,-0.12139106554004818,-0.09581331490758518,0.2231537137612656,-0.01978707569331355,0.2049008723580851,-0.02762042072817855,0.17839132125214824,0.04490773704205799,-0.06825544998939585,0.06587898773255471,-0.01791459862866611,0.032376182051260166,0.08798394734311801,-0.23297837858161577,-0.05296351005683944,0.11007330924730792,0.12836814398383348,0.003488547141193024,0.03210429183038931,-0.12859463016595168,-0.02483622204363207,0.04889058172725365,0.06011600513633856,-0.04003141038655255,0.21679531479880607,0.020512717505579918,0.09115681474235324,0.02486066028689074,0.058078558165962545,0.033271956425079206,0.021845263261647558,0.01588793315905757,-0.0010671649657451117,-0.002364279623477587,0.08683236363616502,-0.05440020918325672
2024-01-16,0.09871026987787124,0.09426021276000585,-0.09021496942823527,-0.033656963531940594,0.08536613725798708,0.0942001023201762,0.07683847640515434,-0.05719289314499766,-0.014884327993863192,0.1265356991538482,-0.0926700250753536,0.11062423002047934,0.023851831763040558,0.04734130640129543,-0.0351809662554992,0.023767367403159788,0.04717371448069538,-0.03377646737593245,0.09592910729670871,-0.07247805189783858,0.02315570260276715,0.034760978303095755,0.009372379549583558,0.022938937699503652,-0.04146263754001464,0.016488794123975643,-0.022572124830418143,-0.003079894878305896,0.011169583583833275,-0.08579896978171592,-0.03374598549213473,0.11832370406754093,-0.06340461177590728,0.008921631721822858,0.0723689717719481,-0.01802095938635511,-0.006882629458018593,0.07252456064505518,-0.06624382821386214,-0.0009038719531903112,-0.01879547331456046,-0.030159450787084128,-0.04641901683749462,0.06141502719210059,0.040376288392743785,0.035717029996386644,0.011963732178204622,-0.05288047945395967,-0.025814339576870675,0.04467685472539967
2024-01-17,0.15377124007671544,-0.24502277090630184,0.011702857796099562,-0.14308230425962798,0.2270013151535695,0.21193484075927932,-0.2065257658963691,0.19695899584141616,0.071298051946599,-0.10839707473364237,-0.09879953504393464,0.034938599567942055,0.08254919026307767,0.03795403641088291,0.08257423172207701,-0.0012617906241794387,0.0335834933715431,0.0012684225957383382,-0.03541549673126863,-0.02165654300834048,-0.019892198311913467,0.031509737825578685,0.010260221020631415,0.013882656663558738,-0.03367082137607455,-0.000750625835095878,-0.02544952656480733,-0.02404477906794055,-0.008989178578184936,0.0025930921322189298,-0.031890750430902975,0.021219706139270364,-0.006421371881138142,-0.029952473695449393,0.0338242880390885,0.007245725494322654,-0.007427413070359366,-0.004675465315345581,-0.022609633910540286,0.02626067572009271,0.033152269680309515,0.0045309242878450225,0.018531533460891574,-0.010167882304299875,-0.027199240817319264,0.007942351769330643,0.010331151633241538,-0.010610731433532496,0.008872404240344115,-0.01500564281186582
2024-01-18,0.2664523053742292,0.13613083617311666,0.11694312873822767,0.16924248408427583,0.15870952687749082,-0.07315850527253902,-0.04483122509669943,0.01974950666843521,0.20129194247462037,0.06943939311464492,0.04028563412864506,0.02950788494867333,0.07059184883485475,0.07946885358682804,0.07423276097244658,-0.050150235633215676,0.0435420405404175,-0.020236990762091706,0.02793000690774217,0.10845433915313349,-0.036468235539501306,0.04202327898956887,-0.002331055013497134,-0.008136568744042554,-0.007072397282897262,0.04939063831141255,-0.026218863501159272,-0.05146357614009794,-0.019248736737252685,-0.03175699396133279,-0.040659489604809654,-0.04280796769733456,-0.017004448359809445,0.00011692018353133019,0.0032980426906641315,-0.019264753578139816,-0.023973603914277653,-0.00649074769486374,0.020942911150135975,0.00338511171783187,-0.03535168233460717,-0.035407694876286686,-0.01287685929408074,0.006662603821197446,-0.015054920983985453,-0.02200266046639089,0.014552467954117484,-0.005652118799249752,-0.008994345687837095,0.0022222651468814833
2024-01-23,0.08284889143096912,0.2006825781332229,-0.02129844014303704,0.19573888006177687,0.44768607414047534,0.0213458230659661,-0.1349728417169132,0.2940384669793257,0.12405756490925907,0.08166809076933113,-0.021452073875096737,0.08046576665035121,-0.04465202801825919,0.056473890650210634,0.04903761776083722,-0.04466805337545445,0.07886928103742957,0.027463007141497825,0.03830723494867667,0.021256634558586535,-0.0006294388935263007,-0.06347006799479898,0.12459029034711605,-0.024885055915600838,0.0549833301447397,-0.10980620356572474,0.00666107468548567,0.0888728311980271,-0.09838769951384256,-0.12906524754296275,0.0437123268973864,-0.07469838544034277,-0.00737646326478897,0.0855352903221525,-0.03712437775267238,-0.0408066580254364,-0.026397565205084326,0.010535216056136613,0.02324942650744884,-0.10276374151747872,-0.002653863933307015,0.008341474291655717,-0.006721197995147607,-0.02897022501118762,-0.040544633960243034,-0.024423251024900942,0.016252624890666055,0.03341507556271505,-0.001819733146765191,-0.02522013989562697
2024-01-24,0.10280875913031073,0.0917232031188945,-0.17811903262546824,-0.22028602952807558,-0.15069945393633172,-0.17382657199567872,0.2677899990337602,0.19102395934582614,0.1451022857391935,-0.01724020465120906,0.054529995884371484,0.05340556484927457,-0.1048946953645955,0.13862973468144468,-0.024084702261266185,-0.10773048252854843,0.004090399863261865,-0.07116116286100412,-0.01160692002479585,-0.05752321672027604,-0.056094967829544054,-0.03507783981815454,0.04463880155735619,-0.008243566061988535,-0.11259536100676179,-0.045369578956312474,-0.12856896777038973,-0.009834790435840046,0.033848784933972434,0.03184345695944336,0.03695276528847981,-0.15850450342827366,-0.013657092479304838,-0.08480062275385354,0.005764617446003492,0.03329180359793741,-0.03176978520983371,0.022867174313713066,0.027713720985567715,-0.053630099920677445,-0.0028791393682183223,-0.01792650858883703,-0.04095436037555791,0.02610324137481571,-0.006005706735167134,-0.07572810990999508,-0.05109443441013884,-0.05411104192794247,-0.01200758873122423,0.04207524091878631
2024-01-28,-0.07061495269679957,0.021028398405867666,-0.008477521965669022,0.13072203280175626,0.03262602538483834,0.05828872893494354,0.2529075552141417,0.09974451284846195,-0.11628910668307842,0.1999150421429704,-0.09745710948743859,-0.2640184741410214,0.04329438726080317,0.0628551084707913,0.272684786642337,0.09813118234074411,-0.12156065758643997,-0.014554505255349168,-0.09076244674683519,0.052184377438412595,0.06684987209881281,0.0005455223367404333,0.010351297931309986,0.020266927155084852,-0.09190759890405367,-0.07609586898959833,0.042396121312463474,-0.08475221757861726,0.07020096546353381,0.05693390285370729,0.10294805721128208,0.0654111031810149,0.06941622473670564,0.05486045560224239,-0.0346904538715699,0.07278033430183052,-0.10308030087465408,-0.05605967060561041,0.04568063822881991,-0.1403619502560829,-0.07805695746345613,0.02207574669959912,-0.04813391364761942,-0.08946528574359294,0.10718288008049634,-0.007926311324539238,-0.05857098762367515,-0.05858454274543173,0.00025367992202605813,0.05780060025406839
2024-01-29,0.18979361681194248,0.025406749243351383,0.004449553421787581,0.00661042515673759,0.15250092377761357,0.0837068111383033,0.023746088477977188,-0.027834426924463147,0.02296675955644598,-0.019125168774086806,-0.1199382789474805,-0.02367856315932423,0.05002506823804303,-0.05677175550085984,-0.039717791938751044,-0.08630980486479034,0.041406777609692615,0.046502965994847933,-0.0059057569617145455,-0.037753879297861254,-0.032802765282737005,0.06102740986219523,-0.04546403227146386,0.020029607375888023,0.056281297268443775,-0.010067252987164878,-0.03504481009671842,0.10064692697329232,-0.056191879090890254,0.025913087589951887,0.049201208440295054,-0.09087760779797993,0.005527650735330171,0.11756996058857595,0.04937219451618701,0.04989322214482389,0.04921409156046799,0.03896003322065235,-0.01629184272005594,0.007753691518459848,-0.009253708767931927,-0.018012188619877693,0.002156287916583619,0.013520533739294495,0.04484658000300011,-0.04754329901814783,-0.07982157322476768,0.001732992939633532,0.07081090314032146,-0.052241536794325256
2024-01-31,0.004110204016456125,0.23245910622173893,-0.015232046428281855,0.1787720369098632,0.14383291098851442,0.030111360955007747,0.135558715151101,0.12084445951467032,-0.051070737227308365,0.08251088878227102,-0.015543745582957208,-0.05213370138351784,0.11172600760271674,-0.07590126081556905,0.05862105766703138,-0.0775787287474953,-0.027010826740653554,0.011871968225577402,0.017752133217021272,0.16404750107514554,0.017691166475070477,0.015631569937896307,0.07598786068449223,-0.023970105000619888,-0.07149037446330617,0.13551625181240562,0.05378675932091709,0.03583602933532734,-0.006481070431002909,-0.08297009056378987,0.15209267244683594,0.03421357218760842,0.07979194437965824,-0.029483939683340718,-0.07516784885559606,-0.023041740367730445,0.14487209950571225,0.016883331887675455,0.037429269404828824,-0.0413891050073782,-0.05599080698522345,0.07266368107585743,0.1268368737647264,-0.015883596727746207,-0.045726358766165084,0.012844654007273186,-0.06936757138715956,-0.044372761777294926,0.023295176936422992,0.10931204350403066
2024-02-01,0.20594078441663652,-0.12293054176152342,-0.24326135804798177,-0.15994367414653848,0.19247960661811783,-0.17547825944199258,-0.08065244761312082,-0.23672702118722136,0.06606895902347058,-0.043773461135398775,0.08085865372265051,-0.10849810549025775,0.03854758740835952,-0.1779062222684272,0.04705763999919291,-0.08712063835947895,-0.051929385112679256,-0.06588782424185416,0.03746019038579389,-0.07986506592381132,0.05495082265526561,-0.044591208830706795,0.13083892455665855,0.025056869347276398,-0.0642498289255274,-0.00015789476294080063,-0.018872959172910164,0.0375640532747358,0.021867302751128824,-0.04416273070501882,-0.04948794190521867,-0.06128290327026245,-0.08407406006710652,-0.02297758024908752,0.08303949342682958,-0.0029203425042220515,0.03791192857494139,-0.027089729995100696,-0.0018767220622817181,0.018521875651290688,0.01387228080849111,0.03423377004130064,0.06393788205911713,-0.019125624317324567,-0.07827001757849325,-0.007136217900275423,-0.03290655695434201,-0.008554539846070509,0.10389886605650062,-0.019494603889170185
2024-02-04,0.0893686816562791,0.5385057176687913,-0.106822371731681,-0.012297032941701907,-0.27153380909277214,0.09409331794257246,-0.2125495662047553,0.037446001507041776,-0.03167985585071399,-0.04846104653216838,-0.02284551184008825,-0.04713928435194565,-0.023355874996070232,-0.016521890450546462,0.0033934329228101977,-0.013518564044074437,0.011178659369656957,-0.022784454560721038,0.03839717691789444,-0.026483734102780786,0.015398663789762202,-0.012010819792089587,0.0034653516320810023,-0.03851510906482517,0.00879584603110843,-0.0075335660330392165,-0.029900948360613442,0.06799722769829324,-0.027136145002515343,-0.003695189713401095,0.02607039760425666,-0.02523566346749083,-0.06530703351434183,0.009761211793258024,-0.0054265307027866905,0.05292476449053435,-0.002670357739378451,-0.032332028499339055,0.00988409892431934,-0.020060238297455645,0.03679381446826668,-0.00816444000839033,0.014927669734198377,-0.07994057682834091,0.014099032889528346,0.018555692785784065,-0.0187966389691511,-0.004129560034963909,0.009001547957759922,0.01369448204903777
2024-02-06,0.2749915858470661,-0.18684011965137978,0.12269214869443786,-0.09591074899661926,-0.13829661260172377,-0.12929269432210622,0.061006796927200777,0.10563155956091934,-0.003492954030706198,-0.04518779159661525,-0.015508113375311479,0.040998117000668265,-0.0508957279524627,-0.0030899904374180266,-0.059708629907444175,-0.027037144131800615,0.050593597883448777,-0.049892981435305045,0.033357067186382476,-0.060849390898026816,-0.006636484879269448,-0.007596642303528843,0.04823294211523087,-0.05175572726591546,-0.009061764226245548,0.02922806315535707,-0.09418167869238424,0.03129186857046261,0.045979741439889456,-0.014803592999753618,0.10716483645208622,-0.05293296828856204,0.011038632101342268,-0.0968376527254504,0.003130081306443211,0.06017998576386452,-0.014524451002562241,-0.03482227969751605,0.023445231832594206,-0.06744999157497719,0.020482599435476274,-0.036622476175139085,0.01838294422217716,-0.019022208661460684,-0.021687416359908274,-0.04436165206424414,-0.04237600466221634,0.00895135940501293,0.004982083882196488,0.024500408677998787
2024-02-07,0.13220073343304092,0.3497137804578259,-0.11162184632209125,-0.06506993260042479,-0.23306402042672406,-0.06616371699957799,0.032680202249129854,0.10681353233233185,0.08798274205650217,-0.020524932129969423,0.02611899576062375,0.010001256036671095,0.0369427788220925,-0.051179594561186856,0.014886790212018395,-0.018017102793692338,-0.02450232185610251,-0.0015428007164408437,-0.043193614359568366,0.022052129058918166,0.018202612081495022,-0.0001762150408385979,0.0007175271451810048,0.016577991888984445,0.02795997284178685,0.015265535375879808,-0.011487246359968962,-0.026955668809174316,-0.02845771424187331,-0.002296280715954868,-0.034449392994221936,0.014148836432656357,-0.00158209214661907,0.03761448679974568,-0.01884334020009977,0.03432014206901161,0.015215968572779157,0.00015728136184861512,0.010095365053371105,0.005802584008012821,0.006911630179976508,0.015409110541728995,0.013475630769264071,-0.024745893071716298,-0.01268369659649437,-0.009957458691937567,0.05256970925864073,0.018347761523030304,-0.003825524795549465,-0.0024996089815746384
2024-02-08,0.07608204872767035,-0.17203251119087004,-0.012471252249836907,-0.16511457994889825,-0.019892711359969974,-0.04563081295305887,0.07142866085642441,0.04727587397007721,-0.06608972770125741,0.22727124877237556,-0.059200827348798356,-0.2238213303705554,-0.05658574226450717,0.03676240643661476,0.16148654914390279,0.06494907674934872,0.008470886481077916,-0.0232467375237788,0.03569519567607664,-0.025050458807644938,-0.008875108852073738,-0.01188655917493221,0.005351022944314523,0.04511152617289054,0.0002016465612876575,0.0009043141306073551,-0.009651108768611525,0.03453195275799179,0.024879562715876647,0.025496898571104282,0.005057397268212323,0.019885212206839073,0.00746281103364781,-0.017822972547496985,0.032247247424791084,0.04179826027040575,0.02003604958153551,0.013103174757488206,0.052088697713499735,0.004428482933461825,0.014476380771737006,0.005166485363906156,0.027892865940813603,-0.004316711571234143,0.0003676730022365816,0.020366764017826233,-0.047958891216952376,0.03108302793782734,0.00858761440224798,-0.023379007703818223
2024-02-11,0.08865743473502331,-0.021504638764814968,-0.046257087128232455,-0.004421760509218404,0.01318990454396396,0.16701694584165175,0.0518567397299502,0.022206656721425272,0.030061721590429955,0.0008529020504983695,0.14951946349423684,-0.005576531511693448,-0.11315985937457548,-0.02190658061938205,0.005161703582764067,-0.03608932448377033,0.0307195533435756,0.02646892239380645,-0.034784681024627076,0.03930479915911897,0.043654778738046816,-0.010168695129381712,0.03540309881057749,0.024335550528483404,-0.028476363401288923,0.025219959904079624,-0.03978878156663566,0.024362650007477137,-0.016389198178393037,0.025243899420788363,0.04300860896620081,0.02607353917181682,0.02751813777147819,-0.030999724515491787,-0.06305736286171766,0.06583910523518137,0.010114888177598657,-0.005391452558097675,-0.02534372331122493,0.030906043923456424,-0.012077439812726553,0.0037654045278465473,0.023173373961859478,-0.02458296531125081,-0.001072263187711373,0.005605421735196667,0.04428795953531145,0.055288310306112184,0.04623490686494594,0.0032821072027965294
2024-02-12,0.13390023072859883,-0.1025234421293759,-0.15250509748660201,-0.3760356913325013,-0.22540978265411657,-0.24330586423415812,0.18945616303757465,0.18851112530213723,0.09329273147677013,-0.03068505256694407,0.02221448958740832,0.03440436542349703,0.04956795597283737,-0.09414016992581824,-0.03238670731543778,-0.07468823010315034,0.09078593614403938,0.11076901241041093,-0.024908293323148065,0.08123308485776952,-0.04668249519762987,-0.0024563379201233055,-0.010599912230720678,-0.015065694227991849,0.06445944183652291,-0.028339728000259832,0.0988698265980917,0.05150350955942811,-0.024829555684393607,0.06251118630518482,0.038801408027500005,0.00048041959197668235,-0.010650244484072912,0.05576372564505037,0.009028203114142857,0.10998380411432207,-0.045454342419903225,-0.02598984802001198,0.05299062075005959,-0.0330208749052887,0.11296292099763043,0.066583110562254,-0.028625957109632734,0.033803234082966316,-0.004217504685433159,0.04008871931637218,0.016213483577018052,-0.034127868972407695,-0.004290157774034518,-0.018492797074737718
2024-02-14,0.13771852312879554,0.03508734619477839,-0.03996930250524606,0.030832337201867944,0.08486910852817427,0.0075886242854072165,-0.10482822471393506,0.05341154204173554,-0.03060334688353617,-0.07386965575478388,-0.018297118998423904,-0.010392029749016535,0.009455630839636507,0.04345012321272171,0.03127142409491461,0.007564610809880514,-0.004338484875814833,-0.000530648097221123,0.03626419761622368,-0.030539388786159534,-0.03731994840813594,-0.07308591561362189,-0.0305107262147326,-0.00577190957799387,-0.0009494721022672714,0.0183722111834407,-0.037363622187071545,-0.01649440505606332,0.013385201626362642,-0.02201465786040561,-0.040502190573270994,0.029029456789189893,-0.008669928663290895,0.017234398892864322,-0.014064438249290812,0.004149830216474928,0.01204575621887829,-0.030710828228972115,-0.0052501999787144425,0.025072963648714898,0.005735099619989592,-0.0016233388211980432,-0.003670690193943792,0.0015870180366812049,0.0037531779535091236,-0.00257087940515683,-0.016469971110753823,-0.006017020373039232,-0.02326080717231645,0.0009674971242286568
2024-02-15,0.16619591089457456,0.1756485902663389,0.0005553862020009228,0.1365646914782928,0.002110406040224289,-0.008589616199161694,0.09400395820704034,-0.021787954833493235,0.032566540784586234,0.02808094593848241,0.05696094110195696,0.045137871508001824,0.0245496894094339,0.037644491410766937,0.003534540840132368,0.013584067058557636,-0.02202360258304615,-0.03361952669976521,0.006135931337476815,0.02799301258538922,0.0217027542405251,0.07030224432056706,0.04690322481110946,0.01870094907228437,-0.03416530731455054,0.019853527643116795,0.0008797507003010457,-0.049865012391026434,-0.012383503206541692,-0.0033237479838212534,0.033658654222192136,-0.028117537258573515,-0.0018594577214371356,0.010869713605916058,0.040740298876182066,0.0012618129977834164,-0.033150988422305426,0.013719769489906516,0.013940919977506336,0.002504541419824359,0.04454616020891827,0.041329202632195125,0.019171356712420103,0.02484222320490592,0.02314765132944401,0.025450130774042783,0.025870850488178027,-0.031991629961662875,0.032704207680666626,-0.001279873238863498
2024-02-18,0.10953584197141436,-0.002352532648245376,0.03431962871748109,0.12309604458763553,-0.028618934464269358,0.08688373248384444,0.03576806705786837,0.07983818188358266,-0.03681964709905029,-0.14567189675645886,0.19504516599830793,0.02771057700358043,-0.2371590783669309,0.17478751105119764,0.026699661341475632,-0.04519011713861136,-0.061005552026598596,-0.07637816513161064,-0.11359940720055003,-0.06706384463093759,-0.0428555275616243,0.16653114472945035,0.07526709475312707,0.033610964425545446,-9.842711083394585e-05,0.0831503404826059,0.10024941786761152,0.0010097401362630916,-0.1432802172502901,-0.023622738023093396,0.05122160770429612,-0.0436655097087744,0.08945876740742352,-0.05334315788147958,-0.1042331821746953,-0.017467154735177914,-0.008566820902933276,-0.03181845290688289,-0.04320060969516886,0.06782150471681758,-0.012097405946585253,-0.06704980713987653,-0.02270221400737703,-0.016047113253400434,-0.01287606682953556,0.044699647901240064,-0.038204979424596726,0.053716606886915444,-0.007812184747182004,0.03276409983942454
2024-02-19,0.11678390654008729,-0.022736688252051756,-0.015520925561785501,0.0038437089389942837,0.14223129895439937,-0.010717775840013577,0.006924767138510604,-0.10084230162469757,-0.030980924710069083,-0.05029422529405736,0.04423173587671673,-0.05539076916217459,-0.01479146264497425,-0.0854819096419348,0.02744406864306475,0.0031439679596987602,-0.03056011044618828,0.008164367912540169,0.000679682258872139,-0.01544795425215919,-0.008388868900349641,-0.012554234857893375,0.036155135934993914,-0.00785151236275312,0.0530048488062596,-0.0032186088092065277,-0.04521460971717879,-0.009896709800903545,-0.007976637564175423,0.021072111754091676,-0.06183903360082644,-0.01079310832620841,0.006227881729079582,-0.02080606507350204,0.004148779892040743,0.019647130899851657,0.045493991590142425,-0.01870717342567031,0.06248964199085171,0.02952554970140301,-0.007231545924724422,-0.019034193638103845,-0.007865415938225893,-0.04241645295297193,-0.007506806133503956,-0.0065937454079094664,0.02529891557183398,-0.015028300816693933,0.009564042167420812,0.003079604955205694
2024-02-20,0.2686345130442856,-0.05337799285618198,0.0645016690088024,0.17281886016239967,0.04069607015911209,0.0039059548462787924,0.015055490971653353,0.029924625711795244,-0.081726839735104,-0.15857385247320618,0.022731571675154803,-0.11132525774160501,-0.06215240197158995,-0.01651162301667282,-0.042821986101857126,-0.04453460344183419,-0.058939570909465,0.20954928129385816,0.11718349338640716,0.030970325307783823,0.04061303933184914,0.015409621078244704,-0.05630176541954533,-0.046328832339119067,0.09482944431106428,-0.0884039984813074,-0.031172004389316284,0.00445664305398096,-0.058455143481633075,-0.02291761297561051,-0.0033738876874406425,-0.033551913965340505,-0.014170869821820645,-0.005141151384538803,0.0211115118532882,-0.021861646222257725,-0.023042568402248394,0.015074045984494825,-0.009674503937584367,0.022418570079063654,-0.008943693321656484,-0.009180674062987771,0.0013305759652131404,-0.0413196843816272,0.00815902428258644,0.013807022875536796,0.039753937414451504,0.02642796757300638,-0.008608180048201968,-0.0032509306999007497
2024-02-21,0.060461304098079045,0.5023013313966036,-0.11296440331082519,0.0009637838884139707,-0.2668699918344572,0.11409882194203477,-0.1710112685800168,0.030587626107156905,-0.04420965299827244,-0.023517454171208103,0.011046176389171557,-0.008935837965382094,-0.08735224895511523,0.01830329000719259,-0.04657863963172518,-0.02955450710196502,0.05597749986845384,0.0018277753469493098,-0.024825075238683925,-0.025788009745009645,-0.026137114835909952,-0.027133621512682275,-0.0005308654994468293,0.03648120954988033,-0.06871854113389454,-0.09972267915375702,-0.016920311994171253,0.02904626634784384,0.028045926985753658,0.07972871124094508,0.008493547218292442,-0.1110348198664117,-0.050013510264099566,0.09079552803647166,0.022392189730627367,0.012594705649823162,0.01748906361487644,0.053467736026153914,0.037198522404455175,-0.04439398166813139,0.04594350410356429,0.035718389038034794,0.009651541717762845,0.01926050719462476,0.08264291376531892,-0.026989834942295947,-0.0575590672647636,-0.06659060779626165,-0.003245270824598651,0.008762227450238299
2024-02-25,0.17732742001623308,-0.06268185101237282,-0.0757574183912809,0.04104655038047287,0.18301830241909117,-0.09648268637078497,-0.030202468067380927,-0.08640318883842243,-0.06309613952954632,-0.12297231680934578,0.012945075370370882,-0.04660082086333921,0.0021202322207445135,-0.07451625855817892,-0.011310348869263949,-0.04374795011142238,-0.08595405481997984,0.015221030976827133,0.03409738504306666,-0.02517408163637769,0.03170585517780567,-0.008720778492904842,-0.020527759400664453,0.006528971497677971,0.01281899822936459,-0.04325687298375805,-0.011446143881026782,-0.018126146989778692,-0.03367173175345012,0.006618128698741715,-0.029382208029976455,-0.01468106418041162,0.021589377188032253,0.012108926980666488,-0.009974572882577469,0.02569818746798906,-0.017195079687009226,0.010438798578159202,0.02167669386747615,-0.013945248126511718,-0.011920538674321197,0.009377808065548523,0.0008005382419617838,-0.04105725926776241,-0.03897168950514126,0.02531174340888971,0.0013143240054593027,-0.015814966458600192,-0.02439107674480454,-0.0006226437312095783
2024-02-26,0.1205117251147207,0.06760356579169774,-0.013468802051318788,0.15155747317069446,-0.0427634856775422,0.07365906386332853,0.1305826150588925,0.08076840202563716,0.0026660122871923677,-0.0845318310857334,0.18874676086686623,0.02078998181702002,-0.22769510689618674,0.24623746031287583,-0.039270529524367104,-0.12431350425977308,0.057220275869803085,0.01936214686375021,-0.05760623075898919,-0.05062369137201916,-0.05627776133554633,0.07218953259174936,0.05838293542471537,0.043380271595266494,-0.10875230559981212,-0.08209371562444251,-0.030796444349921844,0.047567163731587384,-0.03475232644352005,0.06433043079983444,0.05536595719909543,-0.11687353488048267,0.008723446315885314,0.017569740500545376,-0.07449920008745398,-0.002277994720134903,0.07680079158365527,0.07860944554382052,0.028676512978257608,0.019854258369312976,0.03198060484291234,0.022318050912175903,-0.01589527886528194,0.05286492507635606,0.07110621593748179,-0.04985195569318621,-0.054641148842506995,-0.05591732905776326,0.028859645937184337,0.04306825163076581
2024-02-27,0.016208365651445008,0.3118711356086482,0.13716876774746148,0.0235755772425558,0.047624289070968766,0.11282176445962915,0.0668004560981968,-0.06564118192262575,0.006876202386392232,0.14460421778820032,0.21977523925184908,0.030959165048211848,0.2012805550866668,0.0628503324402822,0.05126176068916896,0.0801595665326461,0.02267674011440565,0.4362575379559113,0.07949093623798181,-0.06742147592701331,-0.016716837134320466,-0.018080951520263115,-0.019346571737111875,0.2668661311469075,-0.07163064527603209,0.021319331761667778,0.09449172641664046,-0.001218328738272071,0.1041619006961328,0.04577582901626683,0.11434903955182629,-0.14637914701233418,-0.05731355042040399,-0.1076069246789579,-0.019192676713929213,0.024563948759251268,0.05553116432758564,-0.056551663514329206,-0.08677047204726573,-0.001420230995238384,-0.021386730204353898,-0.09075678614333325,-0.009503789157071105,-0.03214791862549664,-0.06868254586460251,0.04130783283451715,0.06642055896486557,-0.026048741032875623,-0.10075788427323193,0.02328150565756146
2024-02-29,0.20526065300258514,-0.21116891170823737,0.08348720279177729,-0.00498991261993433,-0.020677054479421662,-0.0225065978010654,-0.06690574192441305,0.013216196000514251,-0.06762084466609224,0.14332880077378404,-0.029875589370690323,-0.08552221099849033,-0.028571620613830978,-0.054081527446736485,-0.13088971974842376,-0.06856241224316649,0.029248787725213058,0.05317925144434882,0.04842281188451988,0.08821286571372752,-0.07092795143045663,-0.09151356698364761,0.08919062842120722,-0.020752008907436826,-0.02389424634774695,0.013271080394727058,0.06478493336723651,-0.07512314005459927,0.013805256490769044,0.08234317671293159,0.0038188575947935657,-0.02159216069252406,-0.0008717148715181366,-0.0004024155598973342,-0.029276039951850574,-0.10169292961660283,-0.006334753007067167,-0.06376971635663872,0.029793913777101215,0.02022158339329807,-0.035325805270892574,0.016767835588262506,-0.01118339175406392,0.002286799494057873,0.048337263738999124,0.0329721509789514,-0.035284673991681524,0.038202371767028835,-0.047678822509335334,-0.035464304324292026
2024-03-03,-0.0003011310173175123,0.10381581043781712,-0.07832450681275724,0.11398010718420937,0.036453844152102344,0.06110892493326902,0.16204395302008526,0.04517857208915824,-0.03484606382837679,0.06747097310983384,0.037173396089250396,-0.15313166658434754,0.061653682963218,0.04182033764967455,0.14695553019487564,0.12102440619935452,-0.16013301285539508,0.009140760464574097,-0.08189764600093026,0.056621939511185305,0.06405431889439389,-0.026015778973868853,0.1374483004130989,-0.015765128596199135,-0.009867681535559832,-0.0007567215368136494,-0.020108754978714748,-0.1123755230700375,0.05400889706773952,-0.003068132469251982,0.09054685333490552,0.06705360052912505,0.014923754881866386,-0.0025716680577257886,-0.020538104075674794,0.026767106039370613,0.0030223920130833175,-0.0230487315035668,-0.026511699599134686,-0.01090183777350603,-0.015054443855119011,0.04649615103097326,-0.021843700676880077,0.0019871684324694622,0.036766901413451666,0.028067440598921765,0.02239381166392988,0.008308826354200577,0.034837889865782685,0.03120094375677444
2024-03-04,0.12497672256467084,-0.05507740630992349,-0.18891766377050848,-0.14338075457794694,0.16732228337102564,-0.0509564202481919,-0.05786591123614496,-0.27008021419899986,-0.02129473758081436,-0.030665129489882745,0.07162170253241334,-0.05432267103461334,-0.05490941918533155,-0.23715120448972998,-0.04676456284875805,-0.0801323280979225,0.06884726361288238,0.012261982650306964,-0.015981539383450677,-0.141305142780709,-0.14844053881050967,0.08622942058673644,-0.02677657150129095,0.03962565463381691,0.07188237272019417,-0.011643200181274795,-0.0192731309499272,-0.08439491293972422,-0.1454084048475763,0.09994560118490363,0.19224978354007913,0.02069388692054059,0.05686892669438046,0.03702973476043263,0.16976308193901982,0.03672934282799382,0.036233419100087864,0.048412917884766524,-0.03368114046028386,-0.0668822016082165,0.05561025382872178,-0.03814124162067215,-0.04064434635357948,-0.032118144436027056,-0.02369082877042098,-0.01666123444660385,0.013980313808716104,-0.002674836761071846,-0.06662628589055039,-0.10607756706130972
2024-03-05,0.18826472856282347,-0.08545733200169639,-0.017320280271358846,-0.12680833470551925,-0.07514050120657564,-0.0075388481322710005,0.1291087412435905,0.06894824290214702,0.02952026012337931,-0.08825885001486074,-0.04645548335494254,-0.0225899738458518,0.05145140302840186,-0.036450153987116284,-0.0021015173518348714,-0.054595074175951004,0.028216586147213053,0.07033459049811154,-0.02854519502341171,0.05209029712405842,-0.02192048832688393,0.03047398382902432,-0.019374796319411535,0.0019921911270835407,0.02939722609591257,0.006923530723165642,0.05467828387910752,0.03103726121446381,0.026690920246814614,-0.05071060283064557,0.016893522073690784,0.029528227444487246,-0.0519464696806607,0.03058342656864928,-0.03316566112655218,-0.032857301121832445,0.05553823720004675,0.009559970781561164,-0.0656158058857988,0.007764453264436383,-0.02315387380310717,0.0439413375996137,-0.04228986868429742,0.008018518054088649,0.02871359756300665,0.017642357813342998,-0.012250814764212949,-0.002995885006929453,0.003875099731575422,-0.04878689408287731
2024-03-06,0.15822824601426444,-0.06974533947235365,-0.19941753211548147,-0.3213078435358462,-0.21567043682095247,-0.1855194136129014,0.2323843791139301,0.17418505862967756,0.14171808976036895,0.0048393825012619076,0.034508006633259196,0.12035830886774951,0.022527938885007887,-0.12073383137168711,0.03733632358974171,0.05693508501029288,0.07940810134367902,0.10556201882589464,-0.19562144930387645,-0.0008727749030602671,-0.015545957709298125,-0.1092663740001688,0.07061645324196046,-0.06886197778783887,0.02397899001769644,-0.010944509187890599,0.01569670156980096,-0.009679327970543113,-0.06494901782818033,0.04477413384249358,-0.033110968017562914,0.07697601621025851,-0.013462788056467294,0.06614283128307863,-0.050300504572923614,0.0003677616691071586,0.052854754021823915,-0.0797919991383335,0.017280131863755953,0.09240170249228911,0.04480155152251221,-0.0037714560987027997,-0.0036625178520347077,-0.020526817431763798,-0.012865713464978008,0.006370260722059468,0.06596777198174734,0.018834758999283673,0.006083776274761455,0.043339684491018854
2024-03-07,0.24799041918101883,-0.1839748634227588,-0.05304237710863205,-0.026024819799607437,0.06384610736163146,-0.05515368013425707,-0.08922706414936626,-0.09529569004993976,-0.01945885126201532,-0.08927329992538878,0.07570769622808105,-0.1046187879021695,-0.16613669927148056,-0.001438459866584539,0.00252931035392866,-0.10684318333892634,0.03530599173889858,0.007902621638968889,-0.040893829429703044,0.03388259762904557,0.08156841770602305,0.015411581757592236,0.09957219599479589,-0.007568395515141529,-0.016224230295113457,0.018175718914933237,-0.009400718035197484,0.009947079458014707,0.054467898511262186,-0.02618503386299695,-0.04014922865649093,0.03642564192492306,0.018949242782142838,0.05138960601959326,-0.0041467314046551495,0.034213283296380056,0.029869844276681594,-0.008646750657895014,-0.010350931261500424,-0.010416701624150934,0.044608032872687615,0.03308221042150827,0.06028262688812208,-0.019779426233419137,-0.04486322315679707,-0.00400263396837445,0.07481145294183836,0.03708201017873396,-0.00510064663902937,0.03168523943896453
2024-03-11,0.16168041830951213,-0.10131205758447438,-0.043394486889729626,-0.12227379701903379,-0.00963951726522251,0.0950679640361833,0.047422845396668155,0.005325704128021513,0.04247145243331603,-0.05718931169242043,0.0043097107134160975,0.02202027289147149,0.021858206485770422,-0.004036232246512617,0.011658565987242691,-0.014289918977751493,-0.00039811685155508936,0.06365126317091262,0.018843498905723708,0.08343613022090421,0.013518174125201832,0.01834254371237572,-0.04885161414584343,-0.04499715567461129,0.01937460417869797,-0.02074564690161595,-0.0043738983911016565,-0.008594930147915559,-0.04778765774953569,-0.02069193767149489,0.013189858328755105,-0.00326059629081944,0.004415827799269979,-0.004432028064985379,-0.0001317451504894849,0.005942921688829881,-0.023438686737813613,0.03227407938327443,-0.000623937370426756,-0.03400322312293514,-0.043727759967407964,0.007982330133984661,0.013196673565418293,-0.013992163693822402,0.019533714132337954,0.03233030884648709,-0.0027462114581674065,-0.00857114007444746,0.013317159738701408,0.027900283978697493
2024-03-13,0.16818700732034303,-0.013016442945431824,-0.27204912714903046,-0.10521044638057608,0.012576605497378922,-0.14632332334440026,-0.03097494553767948,-0.10739400446028236,-0.060042021934898854,-0.1039044806337299,-0.03195300164475747,0.06520500223643419,0.0565738057687941,0.16291407049594125,-0.009075736246411005,0.1259510373325018,-0.006749110268235203,-0.07132807271898271,0.03690330995779241,0.0813938457354171,0.017754960314589292,0.08130741810890083,-0.06413406860596668,-0.040758999829229155,-0.027944725640159616,0.0010245211507903021,0.02549564461323401,-0.007663019655234047,-0.04171458890083424,-0.0099447532108065,0.025731343077238965,-0.02500466990052547,0.003711539786826913,0.007927261776093774,-0.01947525879648896,0.010467619821464144,0.043229977600370624,0.0360010340194991,0.01232974476845305,-0.02649757621334291,-0.026836941222637627,0.0011788860710200823,0.046506836556057515,-0.01122657876245641,-0.018347205416207754,-0.0014881942193407888,-0.005681928652136447,-0.02878777518499166,-0.039482688057545304,0.014519379800016333
2024-03-14,0.1857308905584516,-0.22155434933806303,0.110523611094617,-0.0362399485328481,-0.07111350079650627,0.019280105113489536,-0.036502170984019144,0.06324578413112233,-0.07066682818082054,-0.021423769679374427,0.09049352322146116,-0.12256584291547577,-0.2061302761095031,0.1349301874872857,-0.11145579660263455,-0.10706410119882674,-0.0205729743734591,0.008416047308809854,-0.0023959402893059347,0.049951024401816,-0.07645712120532512,0.0285354900945811,0.12295579723201827,-0.0022090422170189562,-0.08310531111159038,0.03277765969651397,0.10304358543778797,-0.06643480628066895,-0.040292667248465815,0.06351157929004354,-0.029549292843343275,0.010008625610973907,0.03214213024020763,0.004983424493694316,-0.030484366406529857,-0.06217178499751721,-0.035416362742805775,-0.07335202057021904,-0.06654177125019471,0.004350900274026486,-0.053457639406735195,-0.004384801984888441,0.000515960172163023,0.005972581283588331,-0.04561700699680356,0.027220200118968713,0.02080112319662605,-0.016414220157083333,-0.056467051359875634,0.008467365570336336
2024-03-18,0.12440189602866927,-0.06221421947892541,-0.1417843714881487,-0.16244967453942885,-0.03272225328037261,-0.09414548098422636,0.08710247417005203,-0.019960533548523507,-0.021713987881928243,0.026057161742544726,-0.01201075128425227,-0.033643361735573044,0.029550015991732275,0.020286461940413277,0.08713669812585353,0.07589324202476375,0.008113615669303666,0.02924185254532599,-0.03665421663883879,0.02391217698526021,0.012524492711792333,0.02633727920768648,0.01332597986474881,-0.016996318869154366,0.021738936961665054,0.01732015022162123,0.038869600100494214,-0.011658226180114339,0.021602100416878562,0.001506450951411907,0.02843763425413062,-0.027961530049549665,-0.008902616578555284,0.05408216744174643,0.01122646219099434,0.023885642483305995,0.006158892187690933,0.0034835217799654068,-0.01607657625314009,-0.015253898625411965,-0.008760031511723014,0.011679883635532294,-0.01118003467690166,0.04225193891146145,0.018422963013486914,-0.01570598442119773,-0.030715406863094354,-0.03950991151739114,0.015021860722044212,0.024979127466109988
2024-03-19,0.053369498104405146,0.3370540710706708,-0.11715424981565296,0.12536147883825874,0.09827789715881846,-0.017843716385229427,0.2532552928246168,0.019931570613814703,-0.08573131935384708,0.1506454889101359,-0.09716710669032312,0.15792583248080677,-0.10376957346421747,-0.04969893891285953,0.01304809329156436,-0.0190775769448965,0.05042493589625139,-0.03144128509596679,0.04830857652133783,-0.06627726339693171,0.16881348425051187,0.06794514061959427,0.06785911489824493,-0.05791420590999925,-0.0006839955234555946,0.026327869268012713,0.1264768783869851,-0.07940376256584351,0.07971112270794287,-0.03216853006651011,-0.054986179956218455,0.04669593969622439,-0.10990499077158147,0.07964372158052213,-0.001036145361690161,-0.03869406938622853,0.033391434107052045,-0.017737074006621167,-0.10063318826835103,0.02809948670272552,0.03470614391450312,-0.0100124551946856,0.001899331180057962,0.09772808278378266,-0.0765468584057373,-0.008777846422078179,0.0076712168974501175,-0.014585202118335576,-0.05175866978730326,0.008233724177566414
2024-03-20,0.16504125711386547,-0.04469499659507524,-0.1468734798860178,-0.1289055032914402,0.03870657057123751,0.03309055386312929,-0.13009847466938532,0.010308848145871474,0.0048721423309052506,-0.06751101485678733,-0.055669295593777215,0.008780788831178107,0.03139578326206833,0.05509309778820201,0.021095569058560866,0.06332119383797156,0.05039697803093459,-0.005320931354809975,-0.005594231460293817,0.014908543229579912,-0.004149658718912909,0.003142093603180755,-0.023141832046883724,0.0029438479280096187,-0.030569477685762514,-0.012343076797298605,0.009779241506625258,-0.03185171637173691,0.010435292658459399,0.014498740123199958,-0.017978199782807708,-0.007964177473135364,0.0013454880252171198,0.0008092941034274367,-0.010273716605448405,-0.0033541534087381457,0.027293867577055177,0.0208987021361437,-0.020063606535929063,0.01630575892986684,0.010651180642472715,0.005264542977690806,0.013168757641321503,0.0428818339019602,-1.3544592223811907e-05,-0.023627335053167428,-0.022123250768673837,-0.005476816201698137,0.0025434667488229415,0.011655155110405187
2024-03-21,0.26589430996626195,0.06542413181231661,0.1451778818895556,0.15755586135549318,-0.03312337786943011,-0.019958397861929725,0.06159100472441354,-0.03652314748332548,0.06461850834793831,-0.034899263183735284,0.11397382404173924,-0.007552284393375516,-0.05413779304542766,0.1270200080748156,0.018548154487195375,-0.08684270270099352,0.056380096874261744,0.024188518824950715,0.00325649558633637,0.04156796504830022,0.01100450012203268,0.067919520390025,-0.005148603729434883,0.000251200354804511,-0.0538231168823048,-0.003577829171473425,-0.012928030902918147,0.019819624230326113,0.009558265929148786,0.018144645842605445,0.023181033736032607,-0.02847909521019983,-0.001650745242009517,0.03773905661002367,0.02089984442015216,0.011236063293494913,-0.004583310805563265,-0.009147798186606944,0.04087332110366117,-0.0045809478417387535,0.031099920035318772,0.020748035077066778,0.010566597536488651,0.013384359979646104,0.005035357718008904,-0.009307058714427208,0.02588582848756244,-0.04289713557896247,0.01615371558906328,0.011815676585212015
2024-03-24,0.22684864986847195,-0.023040256319356082,0.08198958511772608,0.06468439371662195,-0.012644369755117315,-0.09265439436568106,0.08571603045777786,0.02954678754270467,0.0638705733483739,-0.08517160355737183,-0.005231373935471983,-0.009212190103128695,0.01353276398072908,-0.02903040080523996,0.012387014182099169,-0.044374285633137195,0.005494108196338098,0.06208254474642717,0.0021345304338444503,-0.02325706200199492,0.016077116736209127,-0.034523274860250995,-0.07062233376687167,-0.021586740701242106,0.01877731048227704,-0.049801051235679655,-0.02590269805876917,-0.005985155307699069,0.03554387333597031,-0.01473457882109584,-0.038131863838255765,0.009502414178632321,-0.02166296050908022,0.06848291349098326,-0.0067387429029610296,0.007075377132185531,0.04905438729932206,-0.01326942481881046,0.022949334058895106,-0.004139578907886587,0.003058662130657245,0.05072509118702161,-0.011225330282669302,0.01662194161686778,-0.017499216875916268,0.025833301710948015,0.0032660712260490538,0.009033134608831093,-0.007863255710615916,0.004113840781934067
2024-03-25,0.1583072765339329,0.03300325386803413,-0.047706380142894245,0.04739883986232663,0.01260419756887122,-0.005587990194690039,0.02918621507891541,0.003981142967864761,-0.05354782830781518,-0.053997475322572784,0.0286545997210137,-0.0026175232524483115,-0.009273328259459744,0.057029041152061456,0.00023371734685029456,0.08098876315612612,-0.08422031499257453,0.034024533616120116,-0.02597558148094405,0.012457502300704781,-0.0360958520666989,0.01900269482210532,-0.02554144260606995,0.005118287613849666,0.030642830059276083,0.005628479838847526,0.08948874423317404,-0.036592301927393524,-0.05619036782805667,0.018211394323783627,-0.05157071556758354,0.013322588074535038,0.03303653604093925,-0.050890708059109904,0.015846032363450203,-0.0033218271991506017,-0.03135662807442536,-0.015088037307068489,0.0019151440701836722,-0.05575261540095492,0.07401962647148486,0.016943935998499565,-0.0025010262193513656,-0.004573687042179113,-0.0036602788233237597,-0.02400751502332662,0.00589360448553006,-0.029944624164059564,0.03436122704364418,0.02849942720966649
2024-03-26,0.1616188845749334,-0.1397055973600928,0.04426918585604832,-0.0729293190218213,-0.0023825541849701094,0.03556280739915496,0.08403738176199492,0.05426599375541863,-0.019679774628576355,-0.02874632690549336,-0.04646300222083138,-0.04118330339292369,0.017185107801035535,0.013722975731289458,0.061990719201068904,0.00011039531186159795,-0.05448422499003111,0.015669119661487693,-0.024333996371908327,-0.039964870152401515,-0.011881314343194532,0.03483123497488527,-0.015280335792274303,0.03975314180802067,0.025990033403783034,-0.004647974886633312,0.051427002998736905,0.018321106629899112,0.015391674377455858,0.013343352086523081,-0.013550723593319809,0.0306730394116355,0.005878851209613103,0.057564538844402866,0.03687403813877701,0.00931101599988683,0.015281228373406546,-0.014336148683354788,0.02864496638843109,0.004137349941364772,0.016956328165380775,0.019789205620378558,-0.01899486429397107,-0.04780608883078418,-0.007566976720738668,0.011856469168759138,0.0035605166462343795,0.008183360219328034,-0.007862867723398859,0.011161731450749054
2024-03-27,0.1901060946741918,-0.10123665328350316,-0.2709042691178123,-0.12156300875513588,0.05271148335815684,-0.14749258034941812,-0.04474121042741135,-0.12138927934585807,-0.10663286148341365,-0.1009022144829578,-0.08282817631262844,0.04300360175387391,0.08128447680403651,0.09316979336465267,-0.0281947680542667,0.16058913939749322,0.026164010238756252,-0.025929921541716094,0.04951112565628026,0.09634883757301937,-0.01147522593817214,0.04903878336844416,-0.0751708470614004,-0.017728830384140498,0.03202033896316357,-0.004420187059932784,-0.007154569035256347,0.06115402579436986,-0.030311373340825367,0.043068653420274834,0.054848334063201,-0.029061628726216884,-0.024216082995319067,-0.026944514472961256,-0.028146713625268084,-0.04546525584723225,0.03238099292597691,0.012970026768428278,-0.02041232349806486,-0.030964474451726044,-0.030268803527825596,-0.005670182489474427,0.02890226587148927,0.012306470349871288,0.0157347400799365,-0.02675826214126908,0.020416162962914482,0.0005686847730386203,0.009986295463097794,0.05184523080283024
2024-03-28,0.09551847935455035,0.049438750218531835,-0.10106676427504288,-0.15338479739369038,-0.03475376414323289,-0.06822844336152296,0.15979299318776372,0.02815370074047467,0.06539941656451723,0.0022646081744813642,0.01352894569661786,0.03646589320003036,0.018386090865153536,-0.06852955230477899,0.014214576008399543,-0.02440268974340759,0.060175928938159845,0.13387597445291463,-0.0983236435178234,-0.030752245960437113,-0.10063066655641893,-0.01668600859467217,-0.014516432297054174,-0.055849668449434446,0.08385535733493901,-0.006441496924020838,0.0033364405340735102,-0.02232984884974021,-0.02650159430594311,-0.025126370595630762,0.01914358014725256,-0.047342390914409456,0.036865431904382476,-0.018486808644232616,0.05239895538557192,-0.023835661479921076,-0.028969941653322423,0.015396935296051777,0.036725003147454326,-0.01852803497399825,0.03692993655807951,0.04020113423778804,-0.028059257059335107,0.0655969654148297,0.046887130092597436,0.009152673642532017,0.005854987205933919,0.01658458809360482,0.06864914963450314,0.034596133477521794
2024-03-31,0.22925252075110558,-0.13489379968200066,-0.2992874020783693,-0.22496824063596607,-0.04084583645513329,-0.07103240053047759,-0.030052716150614472,-0.10716101067057711,0.04864480469368208,-0.08547110066246973,0.07575674264890243,-0.009626507838950504,-0.009238500375163355,0.1586025020987855,-0.035165422247887684,0.09877656330724444,0.06535117253707382,0.09600435936289835,0.0691814623763862,0.16527942274527987,0.08230643836621643,0.01983563236506879,-0.0710859556366356,-0.08575885224819743,-0.0012359632231065932,-0.042043837651657374,0.007779198794352995,-0.17512413159810458,0.0051877667538419705,-0.02311587929301136,-0.08055836989561001,0.008388193532662964,0.20412397069166877,-0.041592450070499394,0.10761483683974599,0.034120378880734874,-0.07160403844502357,0.12763985178056023,-0.01707902793841664,-0.038090731235083726,0.08064092027935758,0.004167119190498575,0.02488566324318193,-0.002550900110744078,-0.019894811031245508,0.062065702645271434,-0.011419731858776035,-0.05851859214345815,-0.08564449064902259,-0.012521703876883507
2024-04-01,-0.0024200922689754855,0.17828978766811568,-0.022378380627212584,-8.410042254426368e-05,0.07705365689927533,0.0905385387610996,0.09295947268282587,0.03427239978278526,-0.02905678189902222,0.07929303066443344,-0.07919091162814944,0.010670333429578974,-0.009462163242401003,-0.01873427760875203,0.04585992075735009,0.006542749917391843,0.03574405034032731,0.036320721592756205,0.022508510082712534,-0.0899401537012928,-0.02508638121079184,0.03966584551247705,0.006572613310576737,-0.009794573225793399,0.012592261488478512,0.006138419566713355,0.022156902554679808,-0.01998706344009542,-0.012419887489397256,0.017107897327909866,-0.03700447287556889,0.04111407772942571,0.07368735902021585,-0.030143814654997235,0.06046151264613021,-0.014885087383094561,-0.020033516664390273,0.0023552316991224988,0.019117516052901063,0.02091683669670329,0.012392823712046787,0.06813827199921918,0.01108439226502351,0.009261210214667043,0.004099189274351668,-0.032623024098726014,-0.022642458043533566,-0.0030619856686018893,-0.0033257641654661006,-0.008564877853320524
2024-04-02,0.1968144207463724,-0.28646749966930996,0.08531121771710234,-0.15322137960446267,0.03326987359348852,0.32225462569667374,0.0002929878442417436,0.010419378718871027,0.017506128405360824,-0.04595642338562621,-0.18826334275152118,-0.04065241278583893,0.11912978480057292,0.00854691884684277,-0.0332182964806646,-0.0550673048382107,0.0026754292419398635,0.015365196567381228,-0.036867762993909835,0.011377389056786128,-0.0014210440069276535,0.07468537909201924,0.041267275952389416,-0.013165925064101506,0.002398024535972778,-0.0295132267417952,-0.0513278227061421,0.10637177772429948,-0.048371677920386394,0.029893811331662468,0.0071530014372296466,-0.03422124069823581,-0.023939653283508562,0.11114450119919345,0.058346285568029316,-0.003285345860813674,0.057463084757469696,-0.00102771317267871,-0.07108739017030806,-0.023338195939956664,0.02347297103111346,-0.026131017130512104,-0.021197228375507467,0.029701348979898713,0.037964369954366035,-0.051540481631378435,-0.040767864751877304,0.058008216113196655,0.05872935406170443,-0.057509383038866255
2024-04-03,0.12677709700606563,-0.0687979761240761,-0.183242832824051,-0.07886444649586156,0.15631809094583626,-0.0018696993262805718,-0.02541306326504853,-0.2368826347673134,-0.11515127132698819,-0.08618816837803296,0.1231245045882761,-0.004657494130450216,-0.12387859198491918,-0.21574462192335353,-0.06643931079226213,-0.07152364358218499,0.12622759927740462,0.014295137583345259,-0.09852060782278588,-0.09942304220380352,-0.11175602244157748,-0.024479770149030775,-0.09200347439968945,0.05250940080143439,-0.06854973905131996,-0.05341908728988883,-0.008375607723142978,-0.17946697863496322,-0.1774633824307531,0.09575523872572148,0.1211460128271372,0.07206083356678183,0.04066585045942825,0.04956992160573609,0.12172495080377306,0.09565558408725967,0.03214430974548616,0.011480970188831617,-0.10140809231034979,-0.12501012517870638,-0.12207816719650026,-0.0358739322014536,-0.020668850712035287,0.007413849391216648,0.002001090024720602,0.06429259350461419,-0.0355812118370039,-0.028360176161943692,-0.007776586228879531,-0.04371362925154739
2024-04-04,0.11032522425005538,-0.12172791968483547,-0.0956369962864992,-0.2674346844441186,-0.1517197505052576,-0.15690077710665087,0.10314251907155193,0.1242295497498254,0.0031818014043281727,0.08984849669432489,-0.01965245419443846,-0.05105208566886534,0.01616178884879585,-0.033351746025772434,-0.08694554982186772,-0.07109298165353117,0.045054538781894575,0.023879371026562318,0.001493278003256492,0.10269672426762884,-0.06943533615404772,-0.07258279813414284,0.07524674153709096,-0.0012251909501675277,-0.05019560283272302,0.05926898328821714,0.10660919232962707,-0.021517735654175803,-0.02013057404106862,0.0364177809970033,0.009998759107020137,0.0031559020428980266,-0.00972607696568129,0.03122652172726349,-0.04490089518289682,-0.0707889238397981,-0.05744557876875521,-0.050575017371361095,-0.009041204374592455,0.044402128710421845,-0.038847837301056586,0.04897146241096212,-0.027623966049349344,0.02934766704948145,0.022375757587150092,0.010572059669108272,0.006491870032282033,-0.020366103938964188,-0.005046994180374872,-0.03788453688034085
2024-04-11,-0.30404529898022686,0.05519892069992162,0.3252495226523115,-0.3186642795588478,0.1013245684814734,-0.08021250331640939,-0.020070990254915648,0.0019589165029123097,0.15056026736387115,-0.07436871448806208,-0.07672302299812227,-0.10969825345517582,-0.10647167871552325,-0.10535736043091683,-0.19014022750797874,0.2888277666225342,0.18987343217624691,0.051436300493828045,-0.07668645663790884,-0.1289027110053808,0.36326939484414195,0.06826469307146764,-0.04144632419908342,0.1537617282256668,-0.016412908420285338,0.26513947690872014,-0.12301931689161923,0.09665785849597598,-0.13375184101145757,0.024082672379301125,-0.078441978352684,-0.15601280706791024,-0.1068928558424287,0.009418855098263665,-0.09088697857628167,7.905532695819662e-05,-0.08586332232640205,0.06909200479469954,0.07320856981453769,0.00731326351752045,-0.11613684082941995,0.12701907726634012,-0.1060369712115476,0.008085785612685567,0.008536841998695706,0.01623461536571818,0.08449769363770934,-0.10589563900023397,-0.08547330795018504,-0.0863271720717066
2024-04-15,0.14785275905872694,-0.22112286930848513,0.017473794627436957,-0.14749076770001832,-0.03361041934339092,0.5068772653131086,0.06832438775181929,-0.07358057274195917,0.04825781573540927,-0.1663872389904653,-0.24878287543926628,0.030860894748998138,0.1976824777744546,0.08075885408616604,-0.022997892790591796,-0.07740622373851558,0.022460695590875244,-0.004880315798312367,-0.08379342604926628,-0.04987121716101646,-0.021145147855639174,-0.04172929913891391,0.02268202964076745,-0.011832053293607534,-0.06332897084122703,-0.09509250975426037,-0.029494532120874786,0.01142606561629109,-0.06290270261654195,-0.008877907192565308,0.015245599910379649,0.0534160319965842,-0.03267480032275993,0.006169952438318084,0.007174873201817832,0.049950615905560256,-0.04650194927419236,-0.017650014429557832,0.021815595709424974,-0.03552999491366229,0.005711927917280058,0.057702064793069205,0.06706756070191507,0.006440400194961567,0.007021156386956265,0.0461335378144863,0.00946314409088443,-0.02729082132089381,0.020594445996545092,0.014905737945433005
2024-04-16,0.13724996713629115,0.021659564635465724,-0.08749003891370626,-0.036566774641411316,0.046665439840492755,0.2917282736826095,0.12965995889721924,-0.009076652886106793,0.042072566590367344,0.1262979448823577,-0.014594352166017375,0.21345891706880893,-0.15134183298927723,-0.0911169523309728,-0.00043422145927178335,0.04532511329045082,-0.05978502249377476,-0.02005249988928194,0.03801593624672869,0.03214740536967477,0.045527316014275905,0.029115783724159853,-0.0230092625824172,0.002278414824996719,0.015741544325089937,0.040180465774839136,0.01053527668135026,-0.016197743971453182,-0.027261654509892107,0.045327805128865216,-0.019934221359391456,0.021120166848403052,-0.026867068309440287,0.003786088210286055,0.018221463881995487,0.001120679146559572,0.05988850256821289,-0.019334176253127635,0.02072293259357415,0.005311807969080217,0.0038366295962167,-0.01955272682818713,-0.003994374467807406,-0.01206553365825436,0.005132905547010775,0.006029753382788667,-0.0015187098876677599,-0.025849504848535848,0.007001603559355989,0.027088745912880265
2024-04-17,0.1424550227991167,0.24119096405147605,-0.17611046267408778,-0.036111906929825306,-0.03247256513923824,0.0164548868154047,-0.12156183665666717,-0.0999675171682342,-0.007166358662868884,0.007607474965007019,0.03686224385380729,-0.034739391124576115,-0.025988499381336207,-0.12525025092496841,0.017293343707652387,-0.00966914530839512,0.06124752412247591,-0.008562801556584771,-0.06050302785221536,-0.02347631072629121,0.0073196845549882315,-0.020262941336898627,0.04994176592683373,0.03218861572508485,0.02271443360085602,0.042931073539474125,0.012791597024341989,-0.06960275051569739,-0.015342027613175263,0.013429876044493787,0.07333040170125464,-0.014347216454922176,0.013988418037020446,0.06804420240124831,-0.0016760328286228845,-0.0006174515186123968,0.058431295474424355,-0.0019311209906872776,-0.022428295226786275,0.02383669215640722,-0.004288410190088767,-0.025514396873624424,0.026205888725155488,-0.009860340838234493,-0.01148096542187305,-0.0011998984111507322,0.004679628697188892,0.015187521179329758,-0.034234216698239506,-0.02428579521185999
2024-04-18,0.16346710833741182,0.08174554506860912,-0.12260760357520706,-0.11753068783650997,-0.15718664630763046,-0.11454372972535913,0.13380090305240014,0.06519032365404463,0.033282772603105006,-0.03372944627687749,0.08383846982122004,0.042010469919430866,0.03369802562989982,-0.0017822947187451884,0.028692883214841224,0.00271396216027494,-0.01590006254557892,0.08519274781034135,-0.03359354839561392,-0.0031840497849886656,0.011472895430049576,0.004942794266651647,-0.053818660742938375,0.052694719292996704,0.01329385797564585,-0.025264410619415166,0.06815324398884397,-0.011675596582336559,0.0033548056256088943,-0.048660546515155285,0.04074448618577909,-0.02220032438680747,0.02012672282979229,0.021821783171920094,-0.03826943774748845,-0.02369906446796374,-0.015345721273328996,0.0006512431770044862,0.022396570115401127,0.027889555887549534,0.04018105599603335,0.0367436136254328,-0.0047860894598316375,0.01335080776284222,0.056066105518810715,0.024488785404971205,0.006175166043762659,0.02639259615486798,0.07712478428087514,-0.008568535783052443
2024-04-21,0.3804616756322268,-0.2550951173658793,0.39758804708560164,0.1894570906337111,-0.12703583144744754,-0.053777321493476,0.02638537621045466,-0.03863133719256473,-0.025214960743360184,0.0070740536280826955,-0.014551855098074225,0.08472252455206214,-0.02438090639578207,-0.10999110652375188,0.00037984258902323364,0.13836579925910025,0.07477931136604597,-0.005013300788955448,-0.10813383924598456,-0.01414102660748645,0.05143253974257505,-0.08009901409683026,0.1309681691803344,-0.059566414755308175,-0.031011597557133074,-0.03701065795975975,-0.02834681715509516,-0.05908066082910823,-0.017122832559787568,0.047506254256367286,0.013374183226297456,0.012488633804463864,-0.01945780892357943,0.027377507461413257,-0.03882761500989015,-0.012240812060814408,0.07850546260234086,-0.10172781170180462,0.03243294900579555,0.04735010991929678,0.01076176115568029,-0.02910898905115809,0.032239239997785406,-0.019153866253288715,-0.010301705877385398,-0.05376910176292009,0.03512110576846344,0.038658189579501165,0.006148975643084166,0.007920746066922455
2024-04-22,0.0823844024739762,-0.227763463850084,0.003161436933437789,-0.24419636428762154,-0.009880775726953816,0.5393013567762975,0.05740495962542716,0.055731680274623795,0.1202498857016877,0.09627439949224037,0.09403255079013316,0.18050505010213044,-0.20803007375228652,-0.10650516137010517,0.02298092423302299,0.062149660800173874,-0.20341573778096528,0.04780012914025177,0.10011051878452298,0.1839450391620433,0.02058492070862188,-0.07818938161780227,-0.06951976544857424,-0.05382112122530543,0.008741539207151601,0.1047976510686188,-0.11488001471291198,0.06091139704253947,0.009914524509925679,-0.02450884928363445,-0.0022448989496694476,0.04045174360548877,-0.03443860277606325,-0.060374617321771414,0.03634289538334714,0.07660664447360568,0.0728052225530519,0.04100650622510422,0.06476794242196736,-0.095139478718722,-0.003993552109852085,-0.02737388600841941,0.03513649518410439,0.10192286572419462,0.035029234295791814,0.0014779723523262215,-0.027620126968849787,0.048444391856918366,0.02468238732964731,0.024437364450621574
2024-04-24,0.09736233068652901,-0.012813406052381373,-0.05052408857053796,-0.13647993931146546,-0.023907456466734235,0.03982865175553763,-0.021334671902798683,0.09815186407697389,0.03555611081276187,-0.005796816419986007,-0.05768685043347151,-0.03386113351214573,-0.010352183534479772,0.018716561709770183,0.11004553811313851,0.01554469174353733,0.019501820091010664,0.03802690865781003,0.00025354638402121414,-0.06651668410224129,0.01782257492763415,0.045088380290977954,-0.01639708058729493,0.011190021249945042,-0.015542486013513084,-0.015830158012623708,-0.018085926586944398,-0.003692545375913317,0.02884557511639288,0.007518644430183449,0.028275239461673294,0.008752853678676991,-0.0017595774458733307,-0.008164306325558203,0.015653079881973016,0.013351178531397386,-0.01556131728774048,-0.03768843385646017,0.02850730754399313,0.027312316153173706,-0.012206023859137355,-0.013929738652824722,0.0023513796422317064,0.005008949653174684,0.02092166310172041,-0.008419213928826027,-0.0029685788273209218,-0.018338019919179615,0.0064810015007123,0.01683193459679215
2024-04-25,0.19106410219713127,0.1891790156183478,0.038315904853904736,-0.008108709770095417,-0.008862723838820192,-0.05706366620534516,-0.051926156902915965,0.06490670497816199,0.108867642150127,0.04366442680871504,-0.015388322731108638,-0.0008061269140152058,0.034292958012744866,0.00178348864613293,0.037334457093880904,-0.03357692606617606,0.03954887529973348,-0.02656806615271691,0.016173947849448783,0.018896380953252762,-0.03363257319189457,0.036540156313382186,-0.0018117690791834493,-0.01903524317447916,-0.005654922402003392,0.03343184642703042,-0.04965003988048083,-0.008101404714571063,0.05167259959365086,-0.03191317575569261,0.0018045058274907611,-0.023741597018008438,-0.008107302810129202,-0.03286282776330145,-0.0007070982752327888,0.004806110745372668,-0.004332947875813367,0.01614669483793306,-0.005705986830191218,-0.028948168562541617,-0.021178953550531534,-0.03031286695701353,-0.006912309218102133,-0.0004651776769865382,0.002733268920611785,-0.027083641730841917,0.009539432799693118,0.0029769207482710177,-0.03834892836962856,-0.00031335661537657363
2024-04-28,0.2301008822389766,0.137365118498015,0.1694994395434745,0.0652970746506298,-0.18266574497859078,-0.011360611758031058,-0.15628615115025202,-0.03326068759024944,-0.00405884281125314,-0.028816625958413982,-0.004281818373546908,0.03830487040931035,0.007184306822337862,-0.039243507891329375,0.01083593617448334,0.015211367277635276,0.004726664094642789,-0.02323172970262682,0.005067861361260907,-0.03312413154034813,0.027898764183451642,0.030620495662657815,-0.006182100392379518,0.038019745084290305,-0.024161419627540804,-0.03990118905026749,-0.005398050635591382,0.015353931292455218,0.010410426143995984,0.022634851496984968,0.009650366567069257,0.0064342491604960275,-0.0006567169193090784,0.021452163651949435,0.04100563067836408,0.007507093216590975,0.024327755384958957,-0.015378455085818556,0.038439834951552065,0.007524404478298896,-0.0042063119004985446,0.0069262648456964605,0.014980012508287247,0.007771391282492973,-0.01924641763379099,-0.0029706540435771693,0.0018813153765732337,0.008249623760163775,0.0013442554006668761,0.02052480445284331
2024-04-29,0.1615703017673694,-0.1512747462683253,0.1523803643054108,0.06524732874666411,-0.12330641935033447,-0.04527463912883683,0.11386033999637996,-0.02525634391773648,-0.05662645005793802,0.09473398398992465,-0.07193450547238271,-0.12480355752853163,-0.058853872646223646,-0.059609111432400615,0.1565213068243217,0.09951583189630607,0.08718941575229698,-0.07088610745729391,-0.005199284750958965,0.009368658166290547,-0.04166770506794155,-0.026456494963110165,-0.05179006258328349,-0.009513856300097484,-0.033643953721567185,-0.05799302566201568,0.01897133433588294,0.04539891953376183,-0.004196307146396491,-0.0052097781549398136,0.01188073360420587,-0.031524553217101806,-0.03349909017964205,0.009214120994730289,-0.015073716613160884,0.02624969276808982,0.016527896886989277,0.03956933307359394,-0.02503776697795853,0.011117160067891969,-0.024141961137886234,-0.016283192613137473,0.04212043790673256,0.04257377694671045,-0.030323541944013665,-0.0059340106393824185,-0.016333949004075473,-0.01952968795617691,0.011436661026627987,-0.037087855842632085
2024-04-30,0.17493567040449615,0.3691375237343881,0.07928987268228259,0.08847928246679909,-0.20277622950730217,0.027750214151671157,-0.12751532195394277,-0.008914898091660316,0.012806720416577893,-0.025743013783607962,-0.01145136439497835,0.006034009251366263,0.008378255556192083,-0.021716582996820805,0.022011276779274513,0.0058126241129911205,0.004898744836550326,-0.04100894675464572,-0.02508448762370886,0.0161755966907686,0.00384440223667916,0.013111093093062364,-0.020487629414055745,0.006133472197998025,-0.014116857871813899,0.001877409408246593,0.020629458602804317,-0.00599184496876626,0.007821047395231524,-0.018274556607583804,-0.0027531255448631385,-0.015368244515530476,-0.013395680084403373,0.01058111032901757,0.004820227620274873,0.0068762651644734395,-0.005612496493516202,-0.003901711476958965,0.011938479795658194,-0.026943521424931647,-0.013739940090052201,0.016925708713628335,-0.009449865844781377,-0.00030262288820164467,0.002634904669322168,-0.0022194214546517993,0.004752045237376794,0.007161132973770339,-0.0005023742828332739,-0.019373855646868395
2024-05-01,0.10319731290906159,0.5650566110925993,-0.09707010077184008,-0.011510756488121256,-0.24193889341951724,0.11975338476654034,-0.22217010061714915,-0.03187881988755572,-0.002043378764183647,0.006968571178332857,0.021008344170126748,-0.04808821849006119,-0.013897286537287735,-0.05564559534304037,0.02946567718435189,-0.03976922189864808,0.060401260935149824,-0.004019766869747624,-0.0411683612250878,-0.002317600433261563,-0.020138199292704623,-0.00945199065206675,-0.05647397679450662,-0.009513989118413438,0.005802340677830856,-0.004342522956515311,0.018264920764129493,-0.0059697648105116255,0.0566433725115016,0.007244486704769237,-0.007451511753720618,0.007045264933637936,-0.04173405825677682,0.05290187055739136,-0.027794159180347052,0.0168188470685254,-0.01985592763704826,0.0021978156612879,-0.002915804805347367,-0.01676918672412156,-0.05199993970065535,0.013852184534826322,-0.01725780935783443,0.015338817174616798,0.007454920157667016,0.02061648768547276,-0.005000553657998245,-0.003338572195470743,-0.012461494325431395,-0.001718565005439461
2024-05-02,0.16319350250698977,-0.08682650904960162,0.11265920458031621,-0.011406990263894039,-0.09074029696783009,-0.07391650609848369,0.08387287747351663,0.04592510635120214,0.00042378968614034446,0.07062368042134565,-0.02658990012664031,-0.06414080142543874,0.018276725356264397,-0.021452628441190606,0.02747280456526331,-0.009682880857879559,0.014737800090874158,0.0006744010918443565,-0.012785941147927644,0.06820142108117101,-0.008489067251219493,-0.041221015003649664,0.04617597413857752,-0.0045190540200972665,-0.050731436599938416,-0.017186520761090264,0.06377592856383933,-0.030531269393378482,0.048102405452329425,0.014925883431703472,0.007138087075091791,0.018777145082731008,0.0064927142777685045,0.03192013371567315,-0.0318333532360509,-0.027797543372386643,-0.01875048558010155,-0.017839527942051996,0.00015597668118642793,-0.013139554551362079,-0.048405643957204716,0.031212589684934008,-0.014227697132938996,0.010502993827237893,0.04107462855720351,-0.010025624586794814,-0.012680132171760068,-0.02992913828401576,-0.011644310475567693,-0.032775435852698466
2024-05-05,0.3680190920972794,0.010235415379199432,0.3702352020703234,0.28148651249737244,-0.102787359104067,-0.04990183888069898,0.06888168597146548,-0.11230121287671115,0.137070660669402,0.03681661570367665,0.03594064473664947,0.04779432301648125,0.04701200021718618,0.017729789267175586,0.025050889010508778,-0.003915562423464493,0.04890040700108738,-0.0625409954910338,-0.030328840519782182,-0.0006146438343877129,-0.0010236620734607475,-0.03927098192757885,-0.08639853888134037,-0.0197022950135005,-0.046972047839343854,-0.07104882864231085,-0.018094370944480027,-0.0714797924980767,0.04999494844746546,0.007144063575218927,0.013628401554521722,-0.03696195947251833,-0.028635535929431338,0.035670136109182966,-0.056286245606120416,0.005572038571748153,-0.00905973277521191,-0.028235030798111984,0.056488765104739574,-0.008933752118477129,-0.05605344665461693,0.007411381813469259,-0.010525547591284845,0.05219641551252966,0.0062045919152604965,-0.0023140410946640958,0.019928883985781177,-0.00483367836604695,-0.04082154695885376,-0.0021519762575256014
2024-05-06,0.06795419891495927,0.5228040058117818,-0.0878220710036168,0.019667472671410512,-0.25304678410411857,0.0784574724071242,-0.2240614177978806,0.011432646925628077,-0.058749801188991,-0.0450063988751257,-0.03111010840734772,-0.023239331844968715,0.006227162807557625,-0.04913939938343849,0.039574786434994035,-0.014908526702350045,0.002070138120991075,-0.03806515909464539,-0.025771886245113486,0.06410255877034497,0.03034693145750438,-0.056252006717433245,-0.03857948376588882,0.003433811643742879,-0.011658361834629658,-0.008839075691250916,0.039654147455747905,-0.01115758909714155,0.017398688895215245,-0.027046371904477645,0.0032614175405356947,0.02767276617159639,0.04435602482664937,-0.01586536314289537,-0.01817187915691347,-0.003299747158154975,0.042594354389368184,0.030405837166060035,-0.03137650586342464,-0.013173130647362108,-0.014536343332894677,0.04478030899119044,-0.011204651500251179,-0.006448822093493949,-0.05445330798083672,-0.013765602444675028,-0.035795220405579635,-0.01568180223395391,-0.03736348442925369,0.0016089293956816925
2024-05-07,0.1781413295253816,-0.04202477847404812,0.011224961894788782,0.1397242389877033,0.03311656353289326,-0.009965983786759626,0.10738656573923924,0.08405034712207957,-0.12269643621958762,-0.13188113265339785,-0.08376494319849752,-0.07027283615368639,-0.016984597252439747,-0.004578841390815745,-0.02335069847188717,-0.06091273037366823,-0.023823001339878348,0.09055984350012616,0.07191404944225362,0.0447823686651656,0.052783600574598556,-0.0019461767091576757,-0.031192876006544117,-0.025131585883384693,0.057868524468317514,0.09319553834039272,-0.02053979846072508,0.022766197076455243,0.05060155064093,-0.03916378423117774,-0.005179654918142865,0.020549688884987934,-0.007100400639173227,0.02497620129745609,0.03116762522180601,-0.0404227172363703,0.03972929288173516,-0.005602341969662782,-0.01548978566145893,0.0722567360352482,0.008272255237831273,-0.05415642622237346,-0.025069896526831965,0.013612707133335837,0.06882688613161042,-0.053391921869499204,0.039759214187501155,-0.08965168720506736,0.010446598367778387,-0.05012412951455296
2024-05-08,0.2252831010897644,-0.08704700504634497,-0.019463052083851223,-0.15632795538683847,-0.17148690869030384,-0.17742908093232,0.14175826718495826,0.07365014659934743,0.03847843580828313,-0.04610232508160936,-0.027929980584257018,0.07504988798145046,0.06314056248799074,-0.06590677232901282,0.014023675199660341,-0.004666424883103817,0.030954600117891633,0.030907035491010613,-0.014154688569583638,0.030243803471399853,-0.04462045519378962,-0.07307769742920388,-0.018540570799434396,0.01217048269684714,-0.017248596514248035,-0.04358822877479359,-0.022756375557422916,0.030397301118719734,0.017041900630565286,-0.04847423211726092,0.013191237981948205,0.06353022257642946,0.0038508111098663144,0.030376539579015597,-0.016809428218993935,-0.01826838561312982,0.01345085831853722,0.0047741286351939945,0.025132988259781008,0.02315073549697366,0.008984903186321745,0.019737005658134067,-0.005316500220982053,0.025877651142844457,-0.009031904006186503,-0.02245051781224546,-0.0028918034119977125,-0.015898824841809003,-0.054114143147912894,0.004259758683549866
2024-05-13,0.11220030937693536,-0.0755980393688071,-0.06259309726008849,-0.34032478165868724,-0.15021964428550652,-0.22313827789097157,0.16847947146904513,0.20665947247110159,0.07007811374585189,-0.060650226112855275,9.520325894072935e-05,0.06398345862046216,0.07133034970333402,-0.13402994924767966,0.003523544315638202,0.02719690215930291,-0.0326922048544139,-0.009946072844311617,-0.03956473156166404,-0.06973374980233511,-0.025617164240662425,0.021921883245398135,-0.013668710701488989,0.08306122317394143,0.010981049256399502,0.07541192404319279,0.011304297539960978,-0.04270780213095583,0.052976826228264114,-0.06295583512362814,-0.04388049203687955,0.021501473870403482,0.023626895921672896,0.044885645082314345,-0.013693898001156798,-0.06429429114831049,-0.013582598844084623,-0.009273025972811001,-0.0012277884624639897,-0.031516382492975316,-0.056478106684065985,0.003876322493421051,0.018775443415691647,-0.03406202351014504,-0.07242731176995411,0.006816656436243184,0.03839535877688712,0.007686462877674901,-0.01188027175810289,0.03784240234220795
2024-05-14,0.15819544491520612,0.10880365657580367,-0.1447840362436176,-0.2529886309456988,-0.21295488446112176,-0.2348313563886663,0.2695860453433894,0.17735115812525068,0.17411073973470997,0.009737167527849575,-0.003922634164360954,0.054926008567262645,0.11263712882104869,-0.08098496515755786,0.020579344812510992,-0.058561208418511555,-0.02444082263241639,0.013382936972841713,-0.03514886922044441,0.018727327573331034,-0.06833403674302849,-0.006133944206361175,-0.059095635951391695,0.07879884280975431,0.03330286650841667,0.027035783567597907,0.06996728315943936,0.00010936784432927708,-0.003893600058215932,-0.04072214279656332,-0.027617464298903674,0.023875715722647826,0.019117615658329323,0.006884852829165074,-0.008323497051494794,-0.036346161463261265,0.017776702294025518,0.029406881807360778,-0.0023408410920772527,-0.012092589905395978,0.02188478920799769,0.029722668859067356,-0.022506837658589494,0.027354658858250513,-0.015575020432179992,0.018239879662506096,0.056017812445221006,0.008151453610285405,-0.003728360162531721,0.02561989628538074
2024-05-15,0.12176602495788855,0.027177720838726868,-0.19435118328728146,-0.09974308009181505,4.03653043831738e-05,-0.1182823952294008,0.10865005248119197,-0.08630778504833825,0.1186346262900717,-0.053616469867136606,0.019136869734375925,-0.011058417822050887,0.062278053305809766,0.01654930376654393,0.021122276945557152,-0.0026039877566179028,-0.07195418961436541,-0.02244594951865736,0.023525250181675807,-0.04195897398362103,0.01713494663330595,-0.058769475933988145,-0.03467064277340239,0.031774159610258285,-0.0677827423469324,-0.045598525650141775,-0.058091005613885756,-0.042958473130174694,0.05660276082294758,-0.008010859120270268,-0.06347861433400838,-0.040322405107253434,0.013083706209368114,0.005055879728903305,0.0233133950562825,0.04834173018850354,-0.03957744394975665,-0.023590143067388786,0.04602058523758441,0.050368584907310374,0.009335188551991266,0.03180513572650504,0.000518704999206955,-0.002429349297329821,0.022028503290458884,-0.016451859167159556,0.023456002412484547,0.029555790020394646,-0.04145729676080064,-0.032668077873141514
2024-05-16,0.17114930535445896,-0.01772924673823606,-0.024003661506022324,-0.023720517735208897,0.03492423719397525,0.2200132828882715,0.016989719907936334,-0.04357451173988032,0.028849631871888246,0.06293595382494424,0.10453294602635654,0.06625998066810462,-0.10537285670560945,0.0546107863296301,0.041662929018696636,0.07176438335507611,-0.04382897249292902,0.007097793183601173,0.034930476933227456,0.05573496073087479,0.01815772764600986,-0.04216650756284577,-0.010280693690230188,0.0067543426916610635,0.030398599923600007,0.027967432922544135,0.010966277187122436,0.012786574755028682,0.018650354471326614,0.0006606190211556056,0.08540159889452516,-0.043205446812050345,0.03128169859839812,0.03312697701977183,0.0005956038603328816,-0.0025107868179823425,-0.021240397950496436,-0.030037712291271324,-0.00277377770742437,-0.0026824423870638954,0.04377749838202868,0.020131850296420332,-0.007393844055089165,-0.0038860913877348134,0.013019492545587312,0.013416806730036398,0.06558276144585456,-0.003073178557756283,0.010209522273178256,0.009037680157149116
2024-05-19,0.015290407882655037,0.27175736308874654,0.026561373641926064,0.22018627290993864,0.22796088241629553,0.015684282269027232,0.15890285228863052,0.02207842792868914,-0.019209175038803775,0.06922930318070686,0.08950077364415598,0.09483814992172042,0.13483656512799813,-0.0869391780155497,-0.010564792825550996,0.03328621004301968,0.02198609475973244,0.19633952927566956,-0.07441093449793146,0.0031548300262035692,0.07308002135932211,-0.02229270172710755,-0.011654276378431801,0.05253657916795874,-0.04160346143490863,-0.05051870286273779,0.005131737977081543,0.05052019055358023,0.08024807400440644,0.130197452303257,-0.01906394752739915,0.02219931315961659,-0.030968157564066973,0.006754151034231633,-0.09380157025678022,0.08788595746809734,0.024494436579278325,0.03353479318581551,-0.11260873122331547,-0.121295817730568,-0.01758748264065486,0.010361390614746769,0.12443501019720939,-0.04998041478909108,0.002653742002184695,-0.039359142581109,0.018615330659850205,0.11868831454404528,0.03302203353973883,0.05795606673672087
2024-05-20,0.030395354961672557,0.2630438157894437,-0.07404494103683378,0.0609921991679704,-0.08263721704127092,0.05970276346340421,-0.04772530756007117,-0.015945848694092893,-0.07536426006838615,0.02745923712073783,-0.0057076045676054095,-0.07008776857351785,-0.03541460825770265,-0.03844448563070048,0.07887969812092335,-0.013162249289291798,0.053975383176457885,0.0971387577055075,-0.000915531350031654,0.004331415471938418,-0.06736177625832888,-0.0019875570006000253,0.009302334388748805,0.006868047052184263,-0.03860700786907408,0.06340657148843491,0.023317179288094736,0.04349226949630606,0.0010381789868419116,0.07107980472780179,0.05702615060081813,-0.08064328449519124,-0.02876250504865704,0.028239395423907247,0.07499739352311834,0.04667638585380342,-0.011332360575762646,-0.023920357272924294,0.04363491187804482,-0.029834241129039134,0.1162472222162298,0.023049446835660604,0.04710252000896975,-0.012540491002620188,-0.003558391640812397,0.04617884271044792,0.04910855636301973,-0.0009363246959522769,0.022953656933881038,-0.010009720930782062
2024-05-21,0.15692811737215437,0.24749558558274362,-0.00940015637909474,0.06754094439607598,-0.08883844784356104,0.023679590797645027,-0.05981375844793333,0.01924196760209951,-0.04549995087660463,-0.07286184794669558,-0.026395521528354112,-0.05933983335542232,-0.007707947236703165,-0.052865482365786635,-0.009507547125711188,-0.04550383352580845,0.004753247768907063,0.035508515292705066,0.01042495897607542,0.01613958755615645,-0.02208162710932957,-0.028158369359242194,-0.004700755248434751,0.011740456271572294,0.03207727117337755,0.029109316958793322,-0.009528515141440451,-0.015299800275946369,0.039127196158845974,-0.012627963433294562,-0.023006153024811727,-0.011976286802256314,-0.017812157743495018,0.021528777635555957,0.037412307169179954,0.042097238575351095,0.010492180401503945,-0.0026721893718248146,0.018825271243994624,-0.022498509542966536,0.0016923149231062853,0.01119440595753961,0.0033909854709891813,-0.003334138015233287,-0.005723341401473338,-0.0017437510223616247,-0.02693866253006032,-0.01938783396357029,0.01702851546211762,0.007480232120663267
2024-05-22,0.1710646003057748,-0.15592357615904384,-0.04156159725770646,-0.11081707736528407,0.08780498641200216,-0.10387407511978397,-0.07684575693611218,0.06784479546938518,0.04305087792661451,0.01292286707965796,-0.00806297407368623,-0.001446347640639425,-0.054442907724278754,0.017360540164156675,0.04300019744178385,-0.017557582299908742,0.05852420008690598,-0.033524769247285056,0.040383355457199316,-0.03487955612489432,-0.0064542043032850185,-0.007180828740321206,0.0165494114467268,0.028541874478858167,-0.02662449448524744,-0.01683319703771932,-0.007347837787894513,-0.021233142977962957,0.02432421825220211,0.02816724255397045,-0.004912078936778679,0.020089136454176225,-0.00691403960076891,-0.021068736719801032,0.022140796134365082,0.0281001802743961,-0.03785585175338924,-0.015130472975825334,0.028019308776192475,-0.015603026460288836,0.02533230306601176,0.029071790121780964,0.000808489662343419,-0.006595934181625946,0.0029126867078494365,0.008733795195787144,0.008450917653812689,-0.008746093116752857,-0.006665478881239941,0.011427308451015274
2024-05-23,0.17578326800919478,-0.04234470994689513,0.05355908609573845,0.00781606410012768,-0.03567196308339018,-0.06929010717926393,0.06458195368647147,0.04111807619944009,0.04806701619605237,0.044936167419988106,0.018434403283436752,-0.010828068496673253,0.020581543257960903,0.002430372240866256,0.023075465691884133,0.010003497435586371,-0.013355873998589405,-0.0001805558942699556,-0.01991613460370038,0.04327480013071792,-0.03421113402729402,-0.030076651614094663,0.04024964390474607,0.007547870962807853,-0.03268112063935812,-0.012032131571950455,0.02354036944914925,-0.038867581535243875,0.021771514960293805,0.0024897500008430737,0.015916277925507295,-0.005315274965666693,0.0029319235750681445,0.04252141350205217,-0.010669200975478941,-0.03220339125864842,-0.02324268905121565,-0.0081766122164231,-0.0009184580322720244,-0.017779421330071377,-0.0302199563312397,0.018375334011130614,-0.006060374489950047,0.027582028439650814,0.02509784962719535,-0.009379571574077749,0.003976982058081221,-0.01129215982261009,-0.01573830751368883,-0.013603189119980496
2024-05-26,0.06532708315226977,0.14382384880363486,-0.09397799228899106,0.0033766819081600973,0.11674352589062116,-0.0022794307515165437,-0.31814880974865956,0.21532976154459538,0.04161827732325606,-0.06217677851885386,-0.024775631088236886,0.01981448260283572,-0.002964551027579809,-0.049816601805330825,0.09981927488211093,0.057011677967239015,0.026944091136522526,-0.02567013689209522,-0.008172415916008436,-0.015006888067855252,-0.03433390205552151,0.0018719986562341984,-0.021016321662702574,0.015025627087057982,-0.05358245263992481,0.01970771320791267,-0.001013103092176485,-0.05083472391146689,0.026467457239458623,0.027849641798500344,0.004007508780642668,0.012948182671784788,0.007664403615856472,-0.02741255778551051,-0.018406940044827607,-0.009245480702828733,0.037866379862176516,-0.019387765879625624,-0.006975468738213629,0.0562238467214846,0.022172731923070763,0.008166784575716011,0.013812539482922624,0.01822338307058526,-0.030378241890851646,0.01414163735836538,-0.0010497137812072231,-0.012361340079322498,-0.016303508222798958,0.03608584662486918
2024-05-27,0.17498862852927946,0.09128987480876612,0.00431281314512595,0.14773678553306047,0.18414285451622864,-0.051913585235719324,-0.007148945624950778,0.048860572841201606,0.0803550925297696,-0.0011482776220070228,-0.005956709304361585,-0.0005398948118527615,0.05080155994990106,-0.018046390029119102,0.03030242133649393,-0.05475594264490957,0.025658895214762445,0.036700157911227944,0.05399588985022915,0.0452733368624148,0.027438621125327783,-0.01353601601523835,0.003559937752713278,-0.01847411308039182,0.012777504587257677,-0.03689045964863409,-0.0544232586836892,-0.008968108822217507,-0.05627278568048176,-0.04241272323239782,0.007743162968126079,-0.02617503457573991,-0.020000507700142424,0.0065042770752631145,-0.018416051137862956,0.004191428354360608,-0.02298384302987486,0.014743558937882924,0.011117477806562725,-0.02235036490326667,-0.0029099298903023066,0.0026241943632294338,0.031051377513244157,-0.0061207508761952035,0.004322262348473941,-0.0036023675307255533,0.010408243771540607,-0.00285860692224328,0.03213417123704353,-0.02091239527519583
2024-05-28,0.3216109045932933,-0.2947039208011701,0.3898856346819924,0.1828211023342856,-0.1388802692517402,-0.09075328931951188,-0.042068320820133995,-0.05305447481302115,-0.049522773623829085,-0.058942167245620423,-0.02284715449438698,0.10099676709686255,-0.0015454402423598042,-0.1071658227692421,0.035670598304900485,0.107631655837757,-0.017857048030217877,-0.06941919511875606,0.002781728487887482,-0.010932291041296472,-0.011245538524455354,-0.017460320628282743,0.009326597623343008,0.007002301938969479,-0.08164195919528015,-0.01830721265813251,-0.03475164067357426,-0.043487572160680096,-0.0005118622513936954,0.04867924908150289,0.09220346053257183,0.004451284797612756,0.030137634392860293,-0.008486757806172463,-0.04143263131201667,-0.09864497300326223,0.1259380885228529,-0.0399521072886681,0.027509450536674064,0.03215230335436917,0.06427340924266128,0.03126290947873724,0.012447971041058454,0.026202980938209053,-0.08552638459200147,-0.0417935654252799,0.032421027571084456,0.016306038313162328,-0.04480210044323857,0.03913330162340732
2024-05-29,0.20317645873323753,-0.06146119506365039,-0.056063159988020486,-0.050476535205129396,-0.004724804725604707,-0.07381290419043163,0.0872293613172271,0.08757833126847517,0.001375088818223528,-0.12201569831704363,-0.005798779884441532,-0.01987018653361475,-0.011875249054372166,-0.026317890163819604,0.003556839563791177,-0.018868391542677426,0.010213744076794666,0.06742588633011155,-0.012118976369188189,0.015133378301266948,0.0007124865501102162,-0.04393973788037102,-0.03291080206229744,-0.04201433537703298,0.07777183210392884,0.01934543961618878,-0.02186181658094113,-0.0021165046685788537,0.0012256946444317762,-0.03961320213467252,-0.08582415061810962,-0.005615283293424498,0.006833780391132468,0.08446202060815632,0.022835726434687228,0.037472507639900274,0.04392193037158708,-0.033022013129775075,0.028775086174192926,-0.05091694789214381,0.04088564933128581,0.0264678529212212,0.0032101868003449703,-0.03545289202339726,-0.0841940648362951,0.04918179046109806,0.01637022745891007,0.03269900397508892,-0.05096752482109732,-0.027458776466114287
2024-05-30,0.06285116118144798,0.3880890631488608,-0.12597085271782618,0.06682933649286996,-0.07630847674054983,0.0763211335819022,0.00872314708487744,0.02080881868389376,-0.05962395702262001,0.04307824371046974,-0.07102796784419953,0.056016473367641685,-0.06327295757282443,-0.04733575117123581,-0.031060923459341704,-0.022876618620994334,0.05684738981173018,-0.004335690972523543,0.04577449441896522,-0.010803039340226079,0.08838133568833,0.05027003664841256,-0.030294314203679673,0.008956936669211197,-0.046220631582114285,-0.012780171245561805,0.0026117414925147828,-0.0660722669832673,0.047824555679673975,-0.03164351068132273,-0.054906493034072454,0.04949554439464646,-0.012375357581829947,-0.007574467012541043,0.03233569566568171,-0.013884357680588167,-0.006504970956748724,0.03831698673705578,-0.03652447248527978,0.0030057998376157016,-0.016881845737915124,0.019254822371716006,-0.026143590663269132,0.051374436240278966,0.02079213286034272,0.0004415848963769654,-0.01225569372635344,0.00268065328948207,-0.00979786468740071,-0.017453970530241045
2024-06-03,0.24835958307009431,-0.12488347064205238,-0.023502723164439264,0.017781084437796274,0.0005157928428478621,-0.07332770963216714,0.0017803001617037126,-0.04438329198771648,-0.028527013951425515,-0.1140976789383604,-0.0004174177210614731,-0.023302744189221455,0.0022116797380080087,0.03746728442573365,-0.02578575949841774,0.033815622306273704,0.030961211175217912,0.07766240150055605,0.055304012451909475,0.06733831581280542,0.056500646982985805,0.0020800999723629165,-0.04277947692276844,-0.04753507620342758,0.02041119918236757,-0.040688854862277996,-0.004852587848422744,-0.023369725792920838,0.016601017505919913,0.00829462022614782,-0.006095978997520105,-0.004151821665866669,0.04030109234533265,-0.021561760478742774,0.0309870972813649,0.008737828191196919,-0.002054406138677494,0.026261359093332486,0.013436619590420305,-0.012240622318801566,0.028698602621021682,0.008423190749744812,0.015091898521508613,-0.017306037583861344,-0.0038432953986089224,0.00918402320027365,-0.006895661816696624,-0.00348277015790202,-0.034004266587629915,0.0025876529317214463
2024-06-04,0.14487611523740457,0.23113108193387108,-0.14933993522979555,-0.19383335314650957,-0.2546085721965748,-0.08072825455975201,0.0034586277410658217,0.0994346210828548,0.015644922267925385,-0.017231731894251225,-0.03670249198169855,0.029074991050324236,0.013240563892862328,-0.030044746126049734,-0.03650683771533479,-0.027083137327010655,0.03424992611536297,0.009788885591300074,0.004333580864590195,-0.0018559097594905982,-0.03871532251722609,-0.02222443705399439,0.008810501904921159,-0.03529449099029883,0.004886935748000833,0.014644091369789992,-0.04084065919429261,0.052441957412006183,-0.008846832993760904,-0.029549596156509633,0.05671658952846253,0.046291853763545214,-0.01638558624956333,-0.028280715126385983,-0.03878163926167851,0.05657534045691534,-0.01559459514939405,0.010162366701876781,-0.03610884052493393,-0.01513404210592348,0.023555595840946197,0.023422647952860108,0.00618494548603809,-0.012032889069364689,0.03842528458899985,0.023580676202720786,0.07241582749847915,-0.006155476745482246,-0.052113311378441315,0.0038845429436867454
2024-06-05,0.15967446291166726,-0.13138045528155892,-0.13570960330990003,-0.05644565360773621,0.04441457885302383,0.05298040299257407,-0.00040200827838348123,-0.026054464449856245,-0.01245550483015707,-0.058558009859078525,-0.00034139329390333846,0.0805577874157409,-0.05478735983798099,0.00517052322433272,-0.0129211693407563,0.08487125582005249,-0.06442031056854196,-0.03140456156066005,0.06443113527031381,0.07924893356577131,-0.008395844612057468,0.017263616028859226,-0.06415852015570009,0.02894994853168755,-0.0006075900489183097,-0.014930654679312387,-0.02200618498772182,0.046189812695390534,-0.022323899481608546,0.06369018895032058,0.02964846615642752,-0.011547133767633739,-0.05124022811120562,0.00709873126640928,-0.00805666268066819,-0.03295586755402658,0.04929645898299525,-0.018534601618099056,0.003671512421584034,0.02639421144411107,-0.018039605729099982,0.009893641811764917,-0.021567212517697554,0.022537301046397052,-0.028313474966481626,-0.052448804119023425,0.025931872374009676,0.0007174172646231957,0.007180395062377513,0.0413182032894304
2024-06-06,0.19159576880814572,-0.10821177356228381,0.052905283314090015,-0.029790674014449348,-0.012090379527932607,0.00807596822641619,0.019676049207124787,-0.05000615296294789,-0.020465545631582628,0.042357764053622744,-0.045557124374899866,0.055806412690084704,-0.0027498743351896068,0.08905365626120815,-0.04694939913185254,-0.01635462832444849,0.05026823013675812,-0.0789471648146125,0.053784567188382114,-0.09296988475824501,-0.01910870708713639,-0.06167575254499447,0.028982262406277003,-0.02734749706651182,-0.002654326062693233,-0.0004811181603831545,-0.025732329629563275,0.014290069442646767,0.04690195877092994,-0.0354174392429419,0.06549569036704012,-0.026721323164601744,0.00045228030727211883,-0.04113276185381483,0.0015813988444960253,0.02905705847913621,-0.016177963472914187,0.02065969179276578,0.019013435987487063,-0.048777977300738774,0.026261901862340148,0.014809305999812694,0.0145350461862771,-0.033631350144591114,-0.006837120957882271,0.006644306855796801,0.042122108248352955,-0.02076804136165362,0.013470752462113761,-0.011092859280407003
2024-06-09,0.12453660563317624,0.22954940164274606,-0.06244056654916136,0.1239886107732852,-0.017416995482301623,0.02539029619627069,0.06769885366719892,-0.015404451011545093,-0.04335137090302444,-0.041039939324830035,0.010922760055756311,0.0009356240767547067,-0.025575599931167595,0.014785852524351576,-0.011551386807652308,0.01721565436816749,-0.05379204071225833,0.0005686191384132066,0.02310300390908775,0.023761158705395666,0.02558144622574294,0.007123144930415763,0.04262818922099645,0.011355838888569102,-0.016195914434184628,0.007473621091434199,-0.015926297090916176,-0.038929803325490425,0.052037269873218876,-0.027268645134347,-0.001225525391645546,0.020756796899478208,-0.045057895113892875,0.033469342332228404,0.031735620441682204,-0.0012907382445617687,-0.010976358740549676,0.012408655587695902,0.0012493851471889015,0.029515297543208627,-0.00024767481644192386,0.02411416377062513,-0.025901949631133833,0.02722219852534355,-0.0026282851396452014,0.0063837188770455395,0.010683217800563275,-0.01825967613765314,-0.01692629852312104,-0.0019024359678389807
2024-06-10,0.11587566283982544,0.5325070674635346,-0.10093589123231192,0.015885200377468454,-0.24022665405076513,0.1016374949835523,-0.21748674388749104,0.018150627708349073,-0.017546702458811344,-0.022465129961152998,-0.00108151614762703,-0.04594912380113208,-0.022798103167172897,-0.04891197159918257,0.03864870660460899,0.007151487015741782,0.016031179599309622,0.06585444897668975,0.02460965737649577,0.02162335154781745,0.04389681444579439,-0.02718908568848408,-0.01460820033587277,-0.008727768581532767,0.019196044497966913,-0.04556197423407903,-0.008520070155517532,0.0007770508614140135,0.009449358168494142,-0.005199403215205292,0.0014063762166857362,-0.013176197601923905,-0.008750271691815959,-0.006878748006386246,0.002570846382799386,-0.02320225402086153,-0.020908290453121727,0.018948806664919764,-0.006513431643487119,0.0024817526380802196,-0.032399420559598234,-0.0075902316565014906,-0.014259443582707013,-0.011983279067093589,0.028938719907734254,0.005835147836493613,-0.003359777149188295,0.016692659102399574,0.003166319100519498,-0.018789910668697427
2024-06-11,0.195472998161386,-0.005624926702069282,-0.00028760707266180995,0.12219489252721545,0.024380305052127297,-0.05389993401511376,0.07268519147271267,-0.024634969837441185,-0.052559466443454196,-0.0602161715266818,-0.05023929658867724,0.01504306605416749,0.0009804343145896001,0.023532270685916658,-0.022329515497066542,0.008176244350128694,0.032763973516061556,0.010639773453734416,0.07328636472212054,0.02329200139689067,0.03500260843142646,0.010189801727054172,-0.0342058678200513,-0.015792026291745125,-0.01532463097802894,-0.015214147900323802,-0.030174737537384193,0.007053428544170184,-0.01887155925726541,-0.0025278564420977254,0.009431025088344848,0.017314001773107764,-0.045025494045063646,0.013788708628135044,0.014370314936517577,0.005463138787668042,0.014443233082238965,0.0007713684607575309,0.04055875035004227,0.028141409739847485,0.02355990047983435,0.013801330453731253,-0.0035772037716834937,-0.01928330678110508,0.014859753093297475,-0.00735406552260828,-0.004477190164782782,-0.014915074068777024,-0.022763480040555797,0.021594132754837316
2024-06-12,0.2522055005139838,-0.06070524882408249,0.04502188450920939,0.11237594827227476,0.04255031223708156,-0.02270049673264471,0.009279036875961832,-0.017469553709197734,-0.06386585467281605,-0.08909465564951179,-0.007573247886229392,-0.008540731374927597,-0.008123259543849229,-0.04027888573903269,-0.014079583549230865,0.022794335468550146,-0.034783359004850134,0.019499648274026546,0.0007831383140121697,0.016946142740846465,0.023079793424480195,-0.027574710268527307,0.015549196180778782,-0.014994035441777855,0.011353525211587058,0.0038801880253280653,0.0013922193005781547,-0.0025628599549039153,-0.0019574816646274907,0.02318289364076182,-0.01242261338413124,-0.0012750207065773045,0.006187214283180348,-0.0204787570944409,0.0296238974762981,-0.0184761065632983,0.04646848833770741,-0.04063177105440285,0.026098850926874133,-0.0013518746715207633,-0.02132971607095473,-0.02596897792442435,-0.028227159752337118,-0.05497737406187516,0.0010688884401657936,-0.015254990736590835,0.014527484949682137,0.001219448924161812,0.007851623461126831,0.0009923003374616372
2024-06-13,0.15892530099134017,-0.11889463679224327,-0.04127186372932314,-0.08337874362466526,0.00029786441928434325,0.006600786036763181,0.002133048107725401,-0.03317167874646568,-0.05633703491138899,0.06515729105123555,-0.07272758956727951,-0.04837599201833216,0.032341016222243474,0.045021724598725,0.0006539484693434138,0.0239275267648112,0.04818483346274802,-0.016367320857465804,0.02682025055585798,0.017578623634905585,-0.026211681141516598,0.014841435298678096,0.0011459987622903756,0.01161972901023318,0.002817496475100325,0.0029212401485924715,0.029514512587853415,0.0013065564698657532,0.006740690008480638,0.060086067335591166,0.030595145997923637,0.022674387983760383,-0.006941032296542281,0.019825601368185092,0.005542864950452494,0.009817578326819447,-0.010606071364136202,-0.008464116868900582,-0.0008106671442193683,0.017810634184497496,-0.023049043399345232,0.011677284985339433,0.006540665692428985,-0.01796934375733099,0.015777033549250696,-0.007391023663108389,0.008715088734196776,-0.004347827227812414,-0.006726649554651647,0.00925510057934952
2024-06-23,0.16790516599004454,-0.03929394969275083,-0.06972293629652843,0.09573324948942796,0.05013361175937194,-0.08159577214502949,-0.0041824669150371755,-0.017358528357194935,-0.13770495262980487,-0.15869285138565106,-0.06714276574474683,0.005900987624586776,0.03897908744784683,0.025492996353270486,0.01214496443703416,0.027252459029692477,-0.07569646777469376,0.025589680715967275,0.06291662800781105,0.06842830622714882,0.030485390290059613,0.03326098706771191,-0.0763606935110601,-0.008496262108089502,0.010564808473687784,-0.028397688520915336,0.015593557302736677,-0.02532410314334919,-0.09077660823188384,0.012565797824329952,-0.014285234092881042,0.03574819702716989,-0.002061002881477077,-0.019800975982836803,-0.0035157896954398525,-0.024128678410015748,0.06587242528353048,0.000949618230559258,-0.04771806982878498,-0.01773286882780917,-0.02496149001756379,-0.011113632947418461,0.006478463045844664,0.026205083517188334,-0.043838884710090405,-0.010947641678352686,0.040853729197144424,-0.03254509478619541,-0.01016644471018577,0.01838498291365243
2024-06-24,0.1566426222089624,0.04491478376152631,0.02630746426802795,0.1283248808469347,0.037342117185142354,0.06245740218303389,0.054823018781638234,-0.0016976922857059886,-0.02164824410634652,-0.02676898186795812,-0.015398373834640235,-0.04883787052883385,-0.05620204131078439,-0.01729370943463956,0.009673372255527961,-0.011796134859385429,0.006138925727789207,0.1296604884253736,-0.01925658989042759,0.011147602276599501,-0.06364751625779563,-0.013571935417889728,-0.006107860750995362,-0.06004169154213642,0.048523292877771164,0.052643188798602414,0.03370778987728366,-0.04164305202558077,-0.04680977412423702,0.00945916589979158,-0.03455044341711844,0.022487786664552485,0.0265817029884705,-0.054298979960051515,0.055723505343111664,0.0010351860526886622,0.04473441887505925,-0.050907434818358195,-0.005548161494450044,0.0279906147075076,0.011310059269586973,0.00108034409367568,-0.05035154015186821,0.0356370050773626,-0.015339919940664816,-0.009272665950510987,0.02820337994270986,0.029476846061275184,0.007316220236539498,0.02404710629473431
2024-06-25,0.17944317906289695,-0.10067958114416636,-0.11141960977386983,-0.0639529682159152,0.12653280978942094,-0.061851432055460336,-0.015326036556018692,-0.09889522392439234,-0.04217845018016313,-0.09114604280783731,0.030500170219439897,-0.06987884474270306,-0.012298837098636106,-0.06061144198440737,-0.015360912607489077,-0.025147092755477624,-0.0475097192958941,-0.02432253729300236,-0.003431757501873345,0.0033943776324588146,0.046887420078986775,0.0014052869384808882,0.012077337819644448,-0.014550130659150643,-0.00013162343430705,0.020504726762255676,-0.004873338508594151,0.021001711434348376,0.014194592231223916,-0.00892440587514192,-0.006476995825055787,-0.0003686455292535484,0.05947140278368075,-0.04411282984001523,-0.01796684317472757,0.009738187772142234,-0.0021862257257360415,0.04157526396846299,-0.01960600308492982,-0.030929430269839586,0.06592199314196215,0.017598131789102165,0.037974319714067166,-0.04502741041902363,0.00035821991830074383,0.022718890179222063,0.0033478414307292806,-0.04928411092837385,-0.040025725489135404,0.01489984610414269
2024-06-26,0.1224816662838418,0.22435373914790047,-0.17323331571001768,-0.05152720898938169,-0.03481249445403283,0.0032759169155955558,-0.17945026765685534,0.02912011467743454,-0.00940454915325975,-0.04293313158911047,-0.006069166044150698,0.022807032578999485,-0.00920522919021044,0.03369553810923824,0.03135404344907317,0.06971290786825815,0.03475430659258224,-0.014222438025755273,-0.01916606995202578,0.04102156801973885,-0.007756978483304933,-0.03966870091223805,-0.013507955900820212,-0.026030317959967526,-0.021292519092862186,0.0056115558033781035,0.009267492429292087,-0.02645874037474543,0.03715217321368218,-6.163195418730842e-05,-0.022425584148048513,0.0009574726599129513,0.017093117194051006,0.005452636734329797,0.0028902462065065753,0.011829023826913275,0.004132352951791637,-0.01045790892288694,-0.010470232750802754,-0.01119662316648417,0.006189381067405834,-0.0002954315596166149,0.01603140917357323,-0.003939776269486632,-0.00914918505433563,-0.007720673797496885,-0.0036823351050179537,-0.021467768779365366,-0.014003886257931765,0.0014851847393307304
2024-06-27,0.1345810564142099,0.34872054019839366,0.020425177410181055,0.09954780394656931,-0.1119674978967922,0.04555416418043014,-0.0746394779695388,-0.02859962897132069,0.06027279379040363,0.028966321793263486,0.006042194942721235,-0.017123833803665774,0.03880327243066321,-0.030897175813970685,0.04471538825479344,-0.028483582348856853,0.04609659180846292,0.04211003624623921,-0.02473528636130113,0.03851186050397916,-0.010286996840141964,0.02417522775467225,-0.010393692012403167,-0.0426992094988315,0.0015643876344296759,0.02943384483991409,-0.00614628428921863,-0.023944598207700694,-0.022220325793794033,-0.010079425957432109,-0.006019173241875018,-0.009692149254301206,0.02079290893462519,-0.015465776042314873,0.026412797440903447,-0.013497920112719034,-0.002979053906731776,-0.011404485287943387,0.03418013224218956,-0.018544280715671314,0.01566316740728566,0.01454458308041206,-0.009062296297375537,0.02336602727538321,0.008655715826915843,-0.0012179941238253382,0.008615333205185684,0.01716287599124255,0.02827312801828165,0.003052385265412456
2024-06-30,0.35934124502534437,-0.21281758667586004,0.21900732702451348,0.05873403536466764,-0.07528161843172514,-0.05944819477380431,-0.017184124024169488,-0.07873785087282292,-0.05319142274432834,-0.04075272414633237,-0.002353659889207968,0.06903061842245399,-0.03035531711994855,0.018111745006151023,-0.02379284893384706,0.07545278544128375,0.06317709704071611,-0.030329048799727438,-0.004514433919572219,0.01767610621362687,-0.009758385892671818,-0.08225076245767138,0.011220520615204456,-0.029330827455851808,-0.01213797510819162,0.002452257223856439,-0.04558109319289676,-0.05698633666355539,0.04903771345597915,-0.03871150325418578,-0.00977956704246865,0.003240079117088269,0.05253385765731134,0.006506584850816058,0.011146479844531832,0.0062354651519067085,0.01317163311197455,-0.015309187731432888,0.003979739898583912,-0.05901378946217892,0.015754360141686415,0.004628712725814219,0.03146944891866381,0.005866810097607596,-0.03453483689092394,-0.020396522154081397,0.005163854389944279,-0.004445137376557711,-0.03744981067410989,-0.028250096140906213
2024-07-01,0.10042860921642117,0.19794127057984168,0.04868357370399101,0.09980934379016664,-0.04282128248268416,0.051297470640979975,0.032038172435807234,0.006112496410362501,0.003144496505370238,-0.006766991294167657,0.03462764302208739,0.025842798891513887,-0.06935325615592823,0.03695038373133427,0.001959927002010517,-0.037185981596477645,0.014491036458070504,0.023178894273006716,-0.013819458038541127,-0.046741642016903395,0.011982096659308784,0.0839252152720879,0.0036227511627269014,-0.016696145327025805,-0.010864116438291709,0.019812621387690597,0.0076571677988140465,-0.023731420656816028,-0.0026611155216312594,-0.018390064289735376,-0.020190585077890018,0.006469796721743963,0.054500755800879076,-0.038466840269696295,-0.024836140180094897,-0.009651772332296941,0.027470159833634263,-0.0010470927081674937,0.0075108970357512595,0.024507323879850385,0.005919927788863678,0.025776678355234638,0.004622988777847242,0.026603906142409244,-0.006017555925777579,-0.030841317738901978,-0.029163651693738146,0.03437943749883379,0.02838530253505293,0.010978096848942007
2024-07-02,0.13681713613616808,-0.2808217561985555,-0.01502850212770161,-0.21202718720991498,-0.10276663809006907,0.48920984170925313,0.05273628573363304,-0.009847210762872219,0.05654579252020694,-0.13696781853235762,-0.15929296031931198,0.039534681110985806,0.17681315968074168,0.12492578822754853,0.06561509465593227,-0.07644904731658753,0.02948243366213792,-0.004699078502403787,-0.07115542479016906,-0.08971044709013251,0.007541744005645243,0.1023140960156911,0.020898186424427406,0.012286414322097901,-0.07778732287312912,0.028047837046607484,-0.008203473738447362,0.01834430881590483,0.01510652488005751,0.012058567461679392,0.01298819921266053,0.003919835347356593,0.05392729343784358,-0.04716907206911432,-0.06150730798364469,-0.01690496482536456,-0.05373976624131151,-0.03243230295640667,0.03246520222340568,0.04350661006204234,0.013967650204928583,-0.028569659660291572,0.002742160012520348,-0.015751476343149173,0.060865252491852345,-0.01524565909584978,0.0762506152140039,-0.08042377420792438,-0.003325762045424649,-0.06730396086818505
2024-07-03,0.22962825842862616,-0.11449335014170356,0.13440655020941544,-0.01615681875012512,-0.0180908612348228,-0.03281225478491841,-0.028228562369772617,-0.05644317389862259,0.01792477155323944,0.0713397564785536,0.014770122078342425,0.06541870010527326,-0.030112245491083538,0.022859987027230428,-0.042032477629808745,0.011747750910279957,0.011265321855984983,-0.08888886633691696,0.07706726201667062,-0.07437254617592737,-0.03419207783911331,-0.03447845791118358,-0.001021602104544007,0.07311189729188977,0.05255231797359432,0.01379064309774236,0.049316341267998685,-0.04799385619121908,0.05153417626547518,-0.01425913471295774,-0.006464637668513302,0.06851560136886987,-0.018904883388239927,-0.009212832586289545,0.04940617383328653,-0.10321515858191344,0.020589421385174805,0.055394755562100495,0.014040298620481588,-0.0007623426466296811,-0.03719302637092351,0.0723266392388938,-0.0013601235958592933,-0.07646263641694957,-0.030416504493484695,-0.03376666339864304,0.03749916671193664,-0.02209232303851639,0.057532207932948796,0.009609649409936758
2024-07-04,0.17377616383911418,-0.16408546871371255,0.05782506266472806,-0.23469109922210166,-0.02127894430305026,0.3183424703154914,-0.030368491544870917,-0.024563403173849512,-0.031107561267591132,0.06662110511174005,-0.06668561341319759,-0.11007698800691373,0.0832551379719505,0.058368326644564324,-0.03845967674853577,-0.015132993838491387,0.049155565961729375,0.01481911696654275,-0.02677781088163829,-0.0038789976916849076,-0.032430987954964685,-0.008065156638001501,0.13463689218340877,0.017592584117069633,-0.022018015240249208,0.007161394531246704,0.03084456074619671,-0.02374327077121936,-0.06520622424891476,0.014209219889877108,0.004411873480468921,-0.00912591104125282,-0.004090560970660705,0.02925918850360855,-0.020997887027771365,-0.09210942133847577,0.006902048026406436,-0.028084700422548188,-0.048397561064601774,0.015601939410763996,-0.007085262344498893,-0.010364826215068498,-0.00881335806127174,0.014791989085884557,0.02656322892435234,0.00019313943914241215,-0.005556182371477214,-0.04034644005581007,-0.0525757630574186,0.003065945569196287
2024-07-07,0.21590900327407234,-0.07993452696435716,-0.2734986058397135,-0.12497677321225714,0.16003153278189822,-0.12160628946147133,-0.02491903946861823,-0.2708834017574352,-0.030980071530704693,-0.042930430321812145,0.014537505301466939,-0.0029070218853469486,-0.011632951398880176,-0.15924268111477624,0.0029942583407020574,-0.04059975721455162,0.025089364252339836,-0.057028190450381266,-0.02748461377083739,-0.039271950096779716,0.05017048003704671,-0.08180769635060217,0.029769278677700163,0.0853856046493657,-0.07681552786266671,-0.06135966439356792,0.010396408202963536,0.010147063869342925,-0.037126815111588635,-0.044571039774033774,-0.0735779285307922,0.027530224813702785,0.04115941492604118,-0.02280767966835736,-0.03625297355565092,0.012087628865079105,-0.05966165058725978,-0.10142398470607335,-0.0090033812138851,-0.04057825559476021,-0.00951020177294462,-0.01233779324406678,0.013435454736507856,0.07843339510590842,0.03078308641056078,-0.09102574400099112,0.0393894190421743,0.05291634944785151,0.04080260009047609,-0.01859529409651004
2024-07-08,0.09580790961903364,0.19480853606728327,0.011382893821635875,0.14954642923662873,0.10712997843595504,-0.03812635495203333,0.005682932956522817,0.003993652160755389,-0.061430434697269054,0.2043185447220367,0.08209456838835573,-0.04984142076975989,-0.0290384449153378,0.23254797314774697,0.1773541762012156,0.12403787493146691,-0.07129360642781483,0.018819114116370477,0.003746128690621436,-0.10994986423088372,0.024348033586307334,-0.005023316878877818,0.06941807673430495,0.11856887217384132,0.0659710454576645,-0.014956719184189126,0.060179583977223255,0.019353125093723014,0.053382743334666714,-0.0002656111984547571,0.09970982315958392,0.10709687064680386,0.03268669003756618,0.016779983962875153,-0.0001272736809673486,0.07349035135919997,-0.03091758392236467,-0.056394940788301415,0.01224734725822234,0.00234184700694866,0.05173098880577444,0.006453184386353131,0.0025668066821613895,-0.05502821899021329,0.061845533763684436,0.0028044855674742406,0.12025562207362309,0.07862300147039372,-0.0921299882719565,0.06545705283630451
2024-07-09,0.07646941664652311,0.19652584167945303,-0.04886184952346752,-0.09586491539002712,-0.05941255014638122,0.030947016198221797,-0.16993556947827748,0.04949245485416871,0.048281509809806666,0.08235933941576302,0.04716438426513217,0.018480288926021732,-0.11284965972403525,0.07776458563703471,0.0018008230213320605,-0.016310984239104247,0.06084655639829653,-0.06425851692221171,0.06296378772384947,-0.06798968033029655,-0.04868874477954522,-0.07011931638157788,0.03479853159194302,0.022225730222409555,0.0037562390753495367,-0.07634395331382031,0.024617364773208538,-0.016410011494998947,-0.024813195858731107,0.0001076851107547798,0.014922973728045363,0.08869131315837672,-0.08900699507924356,0.018008009775668483,0.039133799554163566,-0.03907466995571596,-0.049433838745999076,0.04010792906089229,0.0013271631112956516,-0.02808188691795672,-0.04091911795607219,0.06427623600891581,0.0003418627913249414,-0.09555025212884721,-0.03849491562138009,0.0026638695428368112,0.00471129873640648,-0.012205320109927227,0.002260094456668008,0.004675728987251986
2024-07-10,0.21641263201796473,-0.2826689818251412,0.10872532768750272,-0.238220327156805,0.005211780874702702,0.5205603917999345,-0.01654768162099169,-0.05795107662553165,0.13614275353470437,-0.04881831788358104,-0.19601427196700552,-0.10838640929602356,0.19798456625489214,0.034111829853713214,0.01886191815949545,-0.0659695823922161,0.0177696423268789,0.05162847087083707,-0.0448075054594161,-0.031137776391107052,0.009164739514413602,-0.0025531141262774342,0.04255656861667467,0.04005670285451789,0.04569969903043307,-0.06645377834166775,0.052914095194224776,-0.0850134275909253,-0.11145316205733725,-0.05587543573208955,-0.0005550830457982548,0.06487208830178753,-0.060357589039457024,-0.03718358345926512,0.04606358408432406,0.025954268932795427,0.00584962370923108,0.021288459334994,0.00871134439064659,0.0026221784065644537,0.01626007939245176,-0.010859279766225772,-0.03370708858056837,0.017815503029308885,-0.10332395644542655,-0.021258371547836424,-0.059488449680072705,0.04424498517218168,-0.08177914712516579,0.05050060431268898
2024-07-11,0.04503150714953263,0.016076116749317446,0.05679693240947279,-0.0700972115722357,-0.05303158532449849,0.12351702939064312,-0.01261043221402215,0.018180335482541766,0.001492387213722029,0.012187093204235267,-0.018524002795285797,-0.06123668042400518,-0.08857966327471249,0.07274855045173963,-0.032968868714320386,-0.06242882213070869,0.033011555075595674,-0.01190491019567946,-0.05056183899184332,0.0191869834996871,-0.07004818018896387,0.005619119211345497,0.0678588023907688,0.02878952331451656,-0.0641995049853633,-0.03633729880395212,0.01835722601511571,-0.004486001345450647,-0.014219322508104548,0.02756048393592191,-0.03630217152285341,0.0023833681800538484,0.030057424211177512,-0.003670359993807887,-0.015012739542699492,-0.032117284005168174,-0.011868241925345259,-0.023923319889135614,-0.028833349551694348,-0.006829897011318998,-0.005152245243284266,0.022457985063642178,-0.01716497719597216,0.015647926712417076,0.037422826207749796,-0.01210330718086567,0.011867095899690821,0.0018885322615249526,0.0005651689930717713,-0.014598923260165713
2024-07-15,0.2198278252832258,-0.05737730004157645,0.17237068173187423,0.07879073492825812,0.03731464002003821,0.006546403445824495,-0.009712838474502052,-0.10406939683683075,-0.012691679193204162,-0.06564735206781931,0.03285524392636852,-0.056673251577840346,-0.07257106385530564,-0.0845896043110494,-0.03758688340396949,-0.06264086637408806,0.05206383862308536,0.05803951077668837,-0.015803684067709062,-0.08798274150561626,-0.09931687661297611,0.006942418732334692,-0.040281836754085025,0.01411017876350195,0.05643880705726246,-0.015773684615850752,0.029875712822473983,-0.08190905477369625,-0.044086909803522936,0.0669553161891524,0.08059265556625499,-0.013153338099248952,0.02535369788242532,0.06016535496606361,0.11798056504825838,-0.018951994479682262,0.012940060804930818,0.024580160769577142,-0.009960893772703023,-0.06552734872142883,0.010931184397091207,-0.0013544872345881598,-0.008567723207680981,0.0047760200272795785,-0.027783182957413784,-0.049543168752377686,-0.01444396824649625,-0.04195771437059746,-0.06520074939676736,-0.038758287053372385
2024-07-17,0.06443858860623453,0.16426996758179235,-0.0028474044309569836,-0.2138095549577383,-0.06831708742208491,-0.19986257475751107,0.26478598052863955,0.1840756101067347,0.17059567207180262,0.009888695674009821,-0.04123266111961235,-0.0034442553108730255,0.05059564629104658,-0.05471633315428006,0.06882645803902646,0.07321976499535328,-0.18099136077437286,-0.10962162997956026,-0.018008681124170832,-0.1284741878107245,-0.09702143446138188,0.12573467362660817,-0.0013566200830690135,-0.030222768053133477,0.030442188257918223,-0.06728400770658982,-0.14653438758076168,-0.06087863460688179,0.04171362813311677,-0.0005479156689633916,-0.04947406521553148,-0.062397694513563993,-0.05109895158288562,-0.02144527507766322,-0.05646013833860008,-0.01056631517731477,0.03372098303957331,0.020252644166681592,-0.014982882580063495,-0.053067133894193076,-0.046714463567417736,-0.07000429805857332,-0.010353488260272176,-0.10173742018780399,0.05680972567802409,-0.09482536700860104,-0.03351137217463729,0.03795986605481924,-0.1299804962931034,-0.023433188042761188
2024-07-18,0.25481464069508564,-0.06134482025198093,0.21723119894325923,0.11264473899706784,0.04063023688769914,0.01876868163124042,0.016030991202688884,0.0022567665673892093,-0.017347832808197287,0.027068435119248745,0.07113040319809939,0.015031007533054351,-0.05997822971893925,0.05094209384677151,0.043605137382537094,0.060044791974775406,0.07246629671519068,0.009264920280388049,0.0291734128777271,-0.06986662995650997,-0.04105207857655865,-0.04429688123721553,0.05691190105729899,0.02098945437666813,0.022943984966679862,0.0043894407852484735,-0.05421532463965061,-0.049175863483465934,0.036685712378392535,-0.014542331795037704,0.07699964038945567,0.008493212919047552,0.08208296285794034,0.03774164418927118,0.004875794009889111,-0.04420721263377524,-0.00020816093698231475,-0.030326087330033183,-0.026768601098568823,-0.007910521221871613,-0.03242398794751566,0.007435570888540089,-0.017149178219057763,-0.062137776174242605,-0.06900614105154283,-0.039909328167902394,0.02592714754600121,-0.020491479489897275,-0.02976832553401488,0.021296579486345165
2024-07-22,0.23302955011188672,-0.01943896835001424,0.07460584276221569,0.13267513161929406,0.07578930340670634,0.0031796912931420966,0.08060189445839325,-0.01420191152467388,-0.03219893200808892,-0.10557743006187144,-0.020945068543859278,-0.11404935001962845,0.0021070089368967477,-0.060491791062243186,0.022848676888584194,-0.08452926824782545,0.023829335073092206,0.06519764705079646,0.009149237175871386,-0.008330835950360358,0.009432399697633372,-0.01473816428258081,-0.032516995435084885,0.024978587686916423,0.08324442176139923,0.06940492581323085,0.07500668545047416,-0.06189789974143716,0.021008061236307985,-0.009757910073274596,0.030527551992004645,-0.019979950412458713,-0.03158581558188793,0.06709114625014456,-0.008418753023194725,0.0016489474998541774,0.040029988824605275,0.02251224963065112,0.015869057589993803,0.01865272029868043,-0.04192489004222977,0.0003969462819538904,0.023431073211776093,0.0057772841514364915,-0.003910753610480638,-0.016768760750870183,-0.02081451829955056,-0.0008915542517511799,-0.03692272664152368,-0.0005233501068472587
2024-07-24,0.15323765577970494,-0.1901016687417677,-0.14620719223423573,-0.11381524091734617,0.2315835797550498,0.07827326162127668,-0.1685691110635897,0.034520686919766876,0.10990973538248494,-0.014598377656302692,0.05132323486822601,0.06565703490245653,-0.07017602122884632,-0.11700181463206909,0.06068567785214577,0.02017665628698728,-0.04750332038057168,-0.044671475457270474,0.015897141739309145,0.024321155414074664,-0.008912260432582926,-0.034671246683018256,-0.024395178730214934,0.020394628171270652,-0.04295253766235008,0.021151860118689112,-0.006229365692842482,0.0005772869305946595,0.02154496855214374,0.03803296354329187,-0.014152896682663086,0.021518507892608854,-0.018635863498904868,0.0020527041592548903,-0.004013845994048404,0.018762999453963654,-0.012388346726344649,-0.038494122188402216,0.01717377058698857,0.05145229842262938,-0.01204871881986754,0.02486183407454505,0.01724468044894721,-0.0017622481887696329,-0.0011516531659279943,-0.008788314635651865,-0.0025900017994411858,-0.0005683991214229382,0.015494294066194186,-0.017504235008594663
2024-07-25,0.30968704717940715,-0.06776024682664773,0.27661001631982157,0.14294192616322657,-0.057854402249385435,-0.05121592192511565,0.025173130524885828,-0.02937156806642706,0.09090316512317552,-0.08228049334280903,0.11957270002452464,-0.06539003010150998,-0.07998768338338252,0.0738825124569375,0.053139725080487824,-0.13083254289981694,0.04995089328106628,0.03820808560140582,0.004757424226720738,0.08818511229781884,0.04531332661938325,0.13999808393064747,0.01116138883188387,-0.05337799401503166,-0.04213482285013388,0.05396615462901594,-0.01819594774194629,-0.02183064250191139,0.02696956880282202,-0.03780276364975369,-0.05344083534414781,0.05047109204608175,0.03418132333064752,-0.013447396336709126,0.004643033302944975,-0.0153620321301228,0.021457741734036744,-0.019461909331966634,0.02086162958620306,-0.031706283549193005,-0.01667530587043115,-0.001859389127370686,0.03165072343759426,0.00193434120730708,-0.028878815619693788,0.0059796131890059315,0.016643719918459324,-0.01490868568301234,-0.013953652350430685,0.031303905316942264
2024-07-28,0.11853087027539984,0.0653883541130609,-0.10683839603973196,-0.0764609412225706,0.09881219100795008,-0.11837736265410949,0.04922620277429451,0.24053235050951574,0.1279739653201358,0.04106747061450601,-0.010849486628566779,0.08563625787541626,-0.001774433044865832,-0.01126004871020988,0.031024214951312495,-0.03231340701611227,0.0432680955112993,0.06126256270236811,-0.008186523507502482,0.007669005370437928,-0.04363073264396608,-0.07837386866872226,0.052403195843870876,0.005865214159564657,0.0404076402950079,-0.07179719792437225,0.005764945373625477,0.04359336357984017,-0.04831361558718981,-0.07290415757828332,0.028825362758260056,-0.04874670768077832,0.0036362929772327116,0.06488698909766175,-0.030303360300659412,-0.017514299570342416,-0.01223454492977639,-0.00038954411832702664,0.0022959862525158297,-0.053962875075900835,0.00024106062190050554,0.006056946442068362,0.007885794669709645,-0.012236693066806048,-0.0055905865367224215,-0.004539979328873092,0.003665284215654607,0.011993602216782698,-0.006549848665844515,-0.026560060911638848
2024-07-30,0.14707810449286302,0.023309047427366697,-0.08373236460876439,-0.04141629471113061,0.083143036442397,0.1669995146642092,0.08355309017151168,-0.05227375015169805,-0.024109266728680752,0.017909728885215068,-0.11585693352593963,0.040838286753882326,0.04293311454502225,0.03107039105310598,-0.03150852478479798,-0.021402732139645764,0.024175644670955797,-0.03834859598483478,-0.011826089782942225,-0.037802294407719254,0.06996198251216473,0.03325508600898915,0.03927067123342366,-0.005349916136417076,-0.0403665946520104,-0.012070105113634402,-0.0019446472520228413,-0.0019940167873460993,0.00704115208860756,-0.015643207998461472,-0.04884382031623102,-0.060908321493453925,0.0011755879822854466,0.017307764123351374,0.006999238446759948,0.04407782392438546,-0.024656004065625334,-0.02107780167028595,-0.008130881382413385,-0.0023886623570438083,0.06664872758536593,-0.0011877341098417231,-0.01663250619998992,-0.001753951231159858,0.024392464902650218,-0.008349425485045442,0.01518792062259412,0.00574670362050659,0.017862119185193454,0.017736018071524477
2024-07-31,0.17742718183625683,-0.21160429276179987,0.011662337450924756,-0.2661687161073905,-0.08065468259670514,0.2720168125704475,0.030573533965241803,0.0954386948821662,0.07206707207869058,-0.07081294247165731,-0.12342826144878573,-0.039334675736782364,0.10859042259507375,0.04636492295847052,0.01856671346980139,-0.05106712035741842,-0.002645029825555814,0.011950742605626612,-0.0248632105178154,-0.038921817238699336,0.010188933636207197,0.0822411592752905,0.03962741011226357,0.018137585658728736,-0.026120667351615837,0.04446043371816208,-0.04029922704913287,-0.007451797810664577,-0.016081737347423453,-0.05047171895488659,0.027368489617585548,-0.0005092159466220619,0.024697572449827496,-0.06510778201784206,0.03705214439473637,0.023053067123451676,-0.014875762957227704,-0.021756848276580497,0.010101721445579668,-0.027096785236152648,0.0014026051354833918,-0.012190611404771312,-0.01695213900367692,0.008174149262113599,-0.0264187735858504,-0.03123416240459996,-0.04542754936069355,-0.018872130011207213,-0.00310926427826976,-0.0024809468763988232
2024-08-01,0.19600424385332824,-0.2063936378658689,0.03269327612678517,-0.05360600165370785,-0.04062638205250621,0.02304170729734514,0.035805622242674875,0.030776421442416955,-0.06256903909042433,-0.07419671029067204,0.08544110408667098,-0.13976005445444714,-0.08464858686067935,0.07020025837498138,-0.0035322615239967037,-0.03338544405872398,0.01037309985378126,0.07078706125595886,0.04526097083210957,0.04609755496616111,-0.028574329798761955,-0.06037776531062126,0.019561463894823734,0.05449860173294951,0.06854737210668138,0.10092792060004478,-0.029690316725486245,-0.036205685717008225,0.04750092077966105,-0.004318328168541365,-0.0049474573988163234,0.04291973558330258,-0.1312740903021847,-0.06944983954063609,-0.07090515534997889,-0.04379524713633874,0.006216433546563636,0.08827039199658168,0.06678266128359002,0.09244417674892548,-0.014952573652580823,-0.06155359479125381,0.04823713287833811,-0.0536776034661324,0.03602040694071599,0.07324024356337282,-0.12216001627116509,0.10952202736787399,-0.06096524856698783,-0.12332320611759831
2024-08-04,0.15097216648344683,-0.24694773065093334,0.1030250189712465,-0.22498233405472454,-0.020749042405972758,0.48299196683884205,0.04806421805138246,0.008490321465452706,0.04181236129355047,-0.12081770881047216,-0.19733167676818947,-0.020688835170259764,0.14689034062558853,0.008185750757524295,-0.0025843253864699513,-0.013629187119441935,-0.01462043230605804,0.017693496957312,-0.11147175331727634,0.07650922425194304,-0.008720170034751838,0.023026377379866517,0.16595670128126375,-0.004715228456736259,-0.01740263107485121,0.037593472905367555,-0.011309527251294438,0.0044011337445836836,0.01400778594548861,-0.05850512540746928,0.003225253054020489,0.07492066208000318,-0.030596929198059543,-0.1412420415356362,0.010932777871892391,-0.008156833036709195,0.004952161847544002,0.04103360285786189,-0.034663352491921096,-0.14723768994028197,0.05823146888470732,0.039748494927022045,-0.10558522511418897,-0.08826142699391969,-0.029830741556392686,0.09056874811812372,0.051023826970109376,-0.00032623293847972886,0.07893131484421441,0.012894257750053041
2024-08-05,0.17753288732322559,-0.10789268554993248,-0.23062906846621997,-0.22586151783628639,0.02209881117674188,-0.16631019624151785,0.02620988440549152,-0.054053331465412455,0.04920272909456158,-0.05296262518385218,0.048709956493537,-0.04042132773094428,-0.05712876746720265,-0.09776052533696186,0.007268034357855245,-0.09276690834342595,-0.03210812829528029,0.04040255415100244,0.03353731758406566,-0.04950804753169431,0.0761314569124991,0.021553487853995315,0.029986733912114056,0.00186531688289723,-0.03330289116831922,-0.02546883538108414,-0.10263942291239471,-0.010844997011049936,0.03845259667150327,-0.045573932622887586,0.015550769961549232,0.03546987784403265,0.058889526063423035,-0.11899712915514907,-0.016419241741773227,-0.03682038446848264,0.009527019217376208,-0.00221452191102699,0.0020666732613480922,0.02208493506918925,0.004956483953537676,0.016259711635726,-0.014614695862632853,0.013615184039021198,0.006640223525300543,0.00011982379232873482,-0.05332812217812999,0.025636558727538433,0.02698250063562298,-0.0026955117826173705
2024-08-06,0.2623829961389384,-0.27209085340814004,0.1878751784458492,0.06507520433689791,-0.06531631237386903,0.020327464885314103,0.02231483393884628,0.036090565720778824,-0.08030476382567654,-0.23151117729528603,0.1505885975661391,-0.10020851966839835,-0.3499567193057188,0.22038612909370148,-0.06038332342415846,-0.1766259531692749,0.08577180454664562,0.03881834975683836,-0.0743153885376233,0.029686121473551687,-0.023997504307219367,0.0745053221809042,0.06129691693822209,0.011696522878451717,-0.15505350575550111,-0.010755535431190769,0.02476019275921526,0.02892274480103464,0.07993483335390589,0.011090843006206956,-0.12570085758201446,0.04762119955041075,-0.00014900968023712398,0.015979338961799858,0.005412302499940154,-0.01720554775446205,-0.029547039425869816,-0.05446889991336477,-0.032315990137542834,-0.07977521488285412,-0.018270719990188287,0.08472718743768394,0.01834749997924098,0.044682221195288384,-0.018958378002580677,0.030192343102925578,0.0547466018187514,0.023510417910462215,-0.037726640044300784,0.03662966357196203
2024-08-07,0.08819689394811997,0.5848197944354964,-0.1127894840565985,0.0038613558154002503,-0.24933995877940235,0.07165478244026918,-0.19881405484543901,0.014296021483963936,-0.049092238512755085,0.0038501679211264232,-0.028516936110365546,-0.041248513374610406,-0.012265880390240257,-0.01271842616370804,0.01120702983919193,0.0010932578570249428,0.017913742328318355,-0.01463174888470545,-0.006801623265644395,0.0025969833793129072,0.013252263656089064,-0.025338578592031445,0.01745681390230331,0.02645364681610396,0.013906353309124512,0.0072259815281112225,-0.011712856688447248,0.024394738096137743,0.0256341376026826,-0.019018631358363257,-0.02584523493641337,0.015688085640863655,-0.006218647166721674,0.02578515069714349,-7.094725391197365e-05,0.0101352193095478,-0.01937575635204133,-0.013785263863081485,0.001313270696977193,0.016369981657834452,-0.0013880024295840109,-0.01596209369898889,0.014705283972299074,0.0003120767313441603,-0.02006837463463726,0.016872670664001325,-0.006647563258139663,0.017813572121322993,-0.016066511264403605,-0.00046454952121176513
2024-08-11,0.2643567718842131,-0.2739395810234154,0.2191194316402906,-0.026145174393586806,-0.07679378998132803,0.20270406185999357,0.016018237255097503,-0.03367345165368731,-0.04442257600775917,-0.04935718414403741,-0.11863510807267741,-0.011033600427787912,0.08188225898241921,0.034857934047907956,-0.04864252839408266,0.02175191199010253,0.01970804394517101,-0.042520331180075914,-0.05319584722841239,-0.031692860897008145,0.0028403720932923386,-0.010940289677930991,0.05745110419706513,0.03146605742160044,-0.04102907581579042,-0.0631918718774512,-0.03723121952481469,-0.01472461873339687,-0.015626647378826717,0.029050987302262587,-0.011179905389520387,0.028794277778346505,-0.037194098636196674,0.02738644902419341,0.00566226514603233,-0.023373922506847684,-0.018171114620644885,-0.02057626195278552,-0.005853561702653936,-0.036637767066199825,0.017384817994308195,-0.0072283002126433266,0.029253458578760716,0.03744043151884619,0.001139279710249764,0.0014166631354121757,-0.00037878599028348583,0.04614209596561613,-0.046126526921349796,-0.01590814672330491
2024-08-12,0.16003933036775778,0.23219410357674303,-0.2073053826913336,0.06437754776779558,0.17402568733589824,-0.011215709111275837,0.13000271709274955,-0.1540245070786611,0.038592301174796166,0.07211719068473811,-0.03377637696306242,0.06224800604385568,-0.009641895120699706,-0.050401252432357414,0.012301901298848911,-0.08089217953437573,0.006118216502946136,-0.021754719009823505,0.02647204778516688,-0.034715079885037456,0.07731711424957619,-0.01206185711322689,0.009126978704775078,0.0066288572093591855,-0.027059352351488847,-0.035640643849085635,0.05599255071241917,-0.023155354443159765,-0.00826271788953627,0.012016708116377674,-0.05964196965084771,0.029138645417965663,0.00271427502782889,-0.0040912762358801145,-0.025033783008476907,0.03055673049271114,-0.03698026471731601,-0.03403156740881921,0.019321857468127264,0.017818271636328438,0.018232260441229407,-0.0006239885523643076,-0.025581169476253975,0.026552603832525293,0.028512849007490525,-0.020245622036708356,0.019215342141139277,0.015968763403658312,0.00044142149925709904,-0.0030319366475082717
2024-08-14,0.19661745398163255,-0.09002469594665356,0.11823578835549256,0.13508543603542095,0.04482798685743122,-0.036591087424248846,0.015048528854515717,0.025710456558740574,-0.10313090955409164,-0.10284427309890387,0.0350929265889986,-0.0938692078908414,-0.017508410691561577,0.027820021047446502,-0.020038637668762634,0.012282779186645417,-0.10702070921480526,-0.0031988301073438683,0.040716437413434926,-0.05061216741197428,0.021284723113657717,0.0248989682931805,-0.03487337710792576,0.04552314604049135,0.08974252992976381,0.06105437986548265,0.02455289712817204,-0.026468931430661587,0.013051407420879508,-0.006077913299288858,0.026889111612309054,-0.006574241505015017,-0.07038470610298304,0.06450644413088089,-0.0031680127561102265,0.007852756777657543,-0.01880764034166786,-0.018908066330769597,0.02226679739318953,2.3314108144846282e-05,-0.023038415345685983,0.011812881776885322,0.039404817981252394,-0.03495378735859075,0.023606257049798768,0.01527277435206159,0.01929545089055233,-0.026252595536439202,-0.03229662756202823,0.006963998648775667
2024-08-15,0.17026910440840975,-0.11590247888271286,-0.13950408509570308,-0.15121189266529433,0.08451080628176047,-0.12325896826608386,-0.09454765501507788,-0.0731846710392744,-0.0046609099094953735,0.13660773386054129,-0.027401408424161416,-0.1641227542593298,-0.017401388172074442,-0.1194615489167473,-0.07809038161632832,-0.11671070238502267,-0.010928220657159529,-0.011640240055860491,0.058282929781647466,0.057910370425133896,0.009543780431774939,-0.049836183342913905,0.1380742391936871,0.011977850260460271,-0.03347645449241879,-0.013344087694957565,0.037413259665417885,-0.00201185961062435,-0.04872614916506309,0.08293509797599,-0.03472262746766078,0.029546363241019488,-0.010377991105505661,-0.0995418148353536,-0.014136502585612637,0.01786021235442215,0.030987406827704796,0.018300328432261828,0.039136424811874924,0.012012937360879456,-0.03400078257262166,0.018784963130472457,-0.07733719139363786,-0.03288713693076375,-0.008474836411745734,-0.01736005814940648,-0.009337608016963308,-0.010553866474722994,-0.02362679020521307,0.007592982225618433
2024-08-18,0.09304043949575909,0.5399468203121195,-0.09755533432037572,-0.006536393520581874,-0.2656203149658295,0.06801907093294378,-0.20939937404554337,0.013570097672373375,-0.07224737460894137,-0.017833669118876263,-0.024018576251711245,-0.02996146849031776,-0.004916108041847515,0.007483530501905367,-0.019495858059252365,0.0383468701487827,0.0020199966594761764,0.0023632226400672474,0.012120787704730985,0.05152464434978906,0.004472202531038207,-0.019553558162886023,0.0459253364966819,-0.04647389305638519,-0.017944896887434485,-0.020237244160525476,-0.0832874991449895,-0.014010512562214417,-0.058753944846926004,-0.008678893219203883,0.003874241799907599,0.08569894826089587,-0.04384292051462761,-0.004904414062625752,-0.03205901672418262,0.06597602220684178,-0.01947143702735251,-0.01797400104862862,-0.05798098613374875,-0.025499990217031948,0.06296168192144322,0.03603446647338387,0.03734911669760598,-0.019456938257639098,0.04794220325577789,0.03075806671711528,0.08683641669925507,-0.006134732657664217,-0.047245996960820456,-0.019776929753276568
2024-08-20,0.38362890597509114,-0.20961490168058783,0.310385347941471,0.10584088502892611,-0.14922236245720671,-0.05935632318012534,-0.030763412529766766,-0.08679650056319106,-0.12040046107847671,-0.017527673218015214,-0.022252059531517633,0.03417326747073945,0.017234013754638875,0.021652102299960046,-0.06824613779856378,0.08021781429993106,0.006175601216547486,-0.029593997207907057,0.0446171810747933,0.039439856977777,0.00022402962963496246,-0.0472422979596941,0.10633576674358657,-0.041637806120797725,-0.03649688858834999,-0.040002202903567555,-0.1325351792012638,-0.00642229908581106,-0.055021078543539055,-0.0035176266836350317,0.03150212378386886,0.11437190031306552,-0.014322839928492228,0.0054478137771175935,-0.035129767861331776,0.05676242913817259,-0.03969332870781435,-0.023897684305123124,-0.050919501916799975,-0.013368722147030724,0.07127862203885803,0.059921718072635806,0.09549369006234427,-0.01085454514770677,0.06290610214187022,0.039371209839512505,0.09789612838182674,-0.007037292673598715,-0.06823945284818983,0.0037346895928725703
2024-08-21,0.09933022278819129,-0.2160232487249212,-0.0912420268495121,-0.027063278834773184,0.4836804527147005,-0.08197594245191456,-0.4131811882029864,0.40672801855349444,0.11533167485245766,-0.0846974687018979,-0.026649946709643393,0.03435235627038562,0.0051438728926563645,-0.03365068595766942,0.14521842529917617,0.06388055101536291,0.08187532271258108,-0.004051113379758387,-0.0010019424417086079,-0.01594567411692469,-0.058914669897216644,0.0055439035988214674,-0.017655528530636382,0.009418156552037463,-0.06684527608823251,0.013611062390127916,0.02728340043560915,-0.07211404349970742,0.05809555427233562,0.03459974085043019,-0.02256077777353909,0.015627077990333266,-0.014658435147925078,-0.04076571343655261,-0.01565140306175395,0.02004090235807166,-0.01338762489429493,-0.02651798451831278,-0.013183382928714895,0.07319612346196261,0.01224600582775492,-0.015154698315050855,0.023160111388876435,0.032575272021165454,0.030816757811420577,0.020850908553856067,-0.022496015132387213,-0.02584593336034513,-0.007811395764237062,0.01941000939624908
2024-08-22,0.26684383100687864,0.007495073508960714,0.21679611469471033,-0.015237763140826413,-0.06043933287905062,-0.11456605441830858,0.021661606245763024,-0.05555777783035869,0.142273440973722,0.14671241977697577,0.05020623506481705,-0.07345756529772644,-0.010200885440334788,0.09080405058028684,0.11416355234701568,-0.01603919604085445,0.0410103449012126,0.00869826622123041,0.09814126122480966,-0.014278236202146879,0.04472255647417077,0.046799327135038295,-0.01466085144240527,0.05614190153448263,0.024278607111905725,0.06768444277314081,-0.044150121464327285,-0.03574856657702663,0.03133742037977323,-0.0114321055547291,-0.04396761638536347,0.01392375325419834,-0.048339328289110604,0.010360214518809866,0.03544921047940313,-0.02052515554401588,0.005341415169033869,-0.024548884046529874,0.05367592421744163,-0.04273367994991168,0.0084915555566337,-0.006360999109511776,0.012311639987274853,-0.0073873213895361755,0.009767870111002103,0.053430858545215315,-0.013337782950495307,0.016003267516777633,-0.0023815335435135427,0.009099773006899967
2024-08-23,-0.3107306129618233,0.18380350338230086,0.26179684969694106,-0.06395656175239205,0.1448012921844675,-0.077732895444199,0.08437351604640635,-0.18635594741827385,0.1645436902133177,0.007670462533025557,-0.20054128219700798,-0.10433570107035824,-0.16150846262694818,-0.005348592348183753,0.03904662383799693,-0.008414845684007586,0.005153129526126681,-0.025701792518827336,-0.02139603815429659,0.05061185288508147,-0.15341032391158124,-0.011640096680858802,-0.0538318282615657,0.03996038772013158,-0.020874222126215338,-0.01634936241920313,-0.02966680578797802,0.007861978128984974,-0.0437008257315162,0.08354652467318827,-0.009226529438119808,0.013595953695904084,-0.004495064695619115,-0.07361771998103439,-0.02666535177267548,-0.05100584179365538,0.08036184360416156,0.04303245744710812,-0.07924207990968705,0.05567627602189483,0.16392441440634722,-0.011491090222487014,0.06334997294496227,-0.00919610737086151,0.03484071271573505,0.02139192576253534,-0.09366289257708557,-0.007942768970040433,-0.032274930915669534,-0.008547704376819622
2024-08-25,0.14542050603757975,0.03658008054195639,0.03924221987277792,0.16575763426453136,0.1790670382818258,-0.010785108110892751,0.022105495191548728,0.12363767407655143,-0.01560626731797227,-0.09531513515903585,-0.049299245827066615,0.000496834180920195,-0.06798189087449134,0.019718616852683328,0.011238921438193595,-0.06432476954700504,0.014076100152874079,0.012581071077840575,0.06306577531286982,-0.0030898253558423842,-0.023552009588517112,-0.038915193397436265,0.005877339253867425,-0.03356585445834756,0.05771493550894019,-0.03475280268023138,0.004516363739444764,0.06523104955230048,-0.06215943289717839,0.002593936197242128,0.02452503678430918,-0.02052942284044564,-0.0233190753151776,0.0008474129494530919,-0.017021254757395656,0.018912252336203646,-0.02133275306932403,-0.02909646473119332,0.02694237756025903,-0.055439404292269186,0.014212611259453766,0.027155129368573422,-0.002951942277454663,-0.08749432404712272,-0.025131625172636642,-0.0005913340092158014,0.016048213011752716,-0.011385595054137155,-0.013746857227191775,-0.00872527469235755
2024-08-26,0.04495815203380577,0.3711372442046906,-0.11539607715115943,0.11030260281559502,-0.022513633791029015,0.016758346827945338,-0.06976732304718986,0.05821857672426408,-0.08371509701241953,-0.05489551729551626,-0.09355911969804567,-0.0255977620421467,0.04620356636324973,-0.05948633862077553,-0.01867481652005049,-0.034256398072037786,-0.060747680205192715,-0.05576221156713174,0.02569476967900425,0.016118070586252732,-0.02764930334294084,0.011364516710384416,-0.036470156028124784,0.04109669434610551,0.0008791237898526096,0.05277136354496601,0.0077460944772905676,-0.007652061798778143,-0.08874757067167277,-0.041730305289413065,0.03734910023775606,-0.0021904154298678868,0.021423943725650162,-0.0004147890894864244,0.0006349154967525394,-0.002401869291485935,0.029801578917365217,-0.037970259173398836,-0.022503863299687916,0.028969037011342805,0.010145569006565788,0.023351508426091832,0.0163290303147762,0.04910242257050818,-0.040437053966724784,-0.01664961917230105,-0.03320815834536485,-0.024927245414560643,0.0035307401699775764,0.012572511718900899
2024-08-28,0.14334760499037089,-0.002014140340424834,0.013000799824265117,0.0708437556830559,0.0063099126690739134,0.018694679512122274,0.049386854225778216,0.016139293209787697,-0.03621962862474247,-0.06664224860111163,0.14074419415853648,-0.09595332954038233,-0.10864622946537594,0.04095658923774285,0.012247750887403642,-0.0644632772189614,-0.011499034279659528,0.05919195356611107,-0.021208658952771374,-0.012231343936060896,-0.014837386393657987,0.0774771329443551,0.05319331796204318,0.014629541546986655,-0.001504337102193711,0.08061634892620737,-0.016453890410354076,-0.012689971974272485,-0.06088376581213208,-0.027469788617260647,0.06042089097037678,0.04255952242296704,0.029152066770775777,-0.034136177784491545,0.00032792828945025403,0.005113056560304233,0.02317080568692228,-0.014572382357498494,-0.015473116498045312,0.067060604980388,0.02249794623716481,-0.028377791856527387,-0.006076324267338311,-0.00903558186216901,-0.00487652497313426,-0.0008706121294300495,0.005465411306549062,0.0038125767718880576,0.00104329812233601,0.003285445428653904
2024-08-29,0.024068057167980682,-0.14816892286727645,-0.032150478435211335,-0.13744738625870362,-0.08683679099527918,-0.0796745133596107,-0.07719737833269198,0.1871247707677205,-0.08689164954846094,0.2625747089193081,-0.04282263556354552,-0.2390455201264456,-0.007768238192193698,-0.06282803603461777,-0.17523956094991805,-0.09726287625167589,-0.06184816044156934,0.04955041594204505,0.012011984010615732,0.20390701696953611,0.03590384646942781,0.036806215485661084,0.19417832029155818,0.08273232320182829,-0.01386727166123422,-0.0738118621568701,0.14885660607395862,-0.13943097106016328,-0.11686723855928476,0.27002365693749625,-0.08527681508192435,0.022362966969663615,-0.11318644637963386,-0.21397351670276055,-0.1494481547025485,-0.04413000060731044,-0.020519973547862,-0.03945142188317647,-0.039777010625126494,-0.10315089416807956,0.01172144436326043,0.030810672618608412,-0.03840496775848916,-0.024505633047007567,-0.07177927958261213,-0.08283055510464814,-0.04244040011962421,-0.06919763297069353,0.05747255632846988,-0.04100990871711336
2024-09-01,0.045233361338800814,0.20395369962791657,-0.1113330046481221,0.11705555210093094,0.1614167953395639,0.022149343587151732,0.14630552997049437,0.07614551621841509,-0.11374327675158476,0.09798700022985259,-0.048829851714754055,0.11961531220758025,0.03984617776371231,-0.06155798469098261,-0.07309158183063283,0.02259535582021975,-0.09443087876234772,-0.12276137822184477,-0.02369592827275593,0.06192051206077176,-0.07392000553392723,0.15630612534379348,-0.020161327677630958,0.19026175986370453,-0.10164899577971759,0.07985362766197591,0.004097826196339047,0.050807880705459676,-0.025140431494524856,-0.06564104709333154,-0.012697133171975537,0.027976248365164727,0.13237308398194775,-0.030264613097241103,0.04850012825236136,-0.2354100239457671,0.09673319655900536,0.015605528831321385,0.0693765526403545,-0.027224420231228952,-0.017650810673940857,0.06025477378029226,0.038551458941970464,-0.0708904501151876,-0.056962213785069625,0.07730347414619736,-0.06238388626322694,0.07486446907082014,-0.01691491598051832,-0.1357140467362265
2024-09-02,0.07874264617372286,0.059826258831774955,-0.15064447216648427,-0.03772542295170281,0.06876206539818895,-0.0028094246499818253,0.17076412082257578,0.038938945866955677,0.016597288782382046,-0.015407572644105923,-0.08790693120097405,0.0012966034806786207,-0.028195630722664285,-0.09330369061050081,-0.0019355784731875558,-0.07963774267733352,0.03436775312814622,-0.06320724506065067,0.03593221242287573,-0.03511055492608149,-0.033946723217469645,0.02616822680140295,-0.0288612037088902,-0.04232319809483794,0.002729994274429283,0.02214820292173512,0.022924533557480895,0.0065333188200463405,0.05211455698368128,0.026947551654788637,0.0501040011204919,-0.055553122212054204,-0.019589402715231463,-0.02226126980687374,-0.006641178582485816,-0.0261578012148466,-0.003143975131901813,0.0007293996551455379,-0.051788006392005,-0.006428427498415027,0.011487341432702441,0.006076400302576786,-0.041891505496068945,-0.05927892516900257,-0.022081634985561035,0.030621015141396885,-0.01610748919174284,-0.02235442925992892,0.002325683969858302,-0.007836484316541338
2024-09-04,0.23038350688443812,-0.10806292206612715,-0.2786274625296883,-0.19418369499510163,-0.015987488449447595,-0.07986582475195335,-0.0069972548097610235,-0.13046601043115105,-0.01069040826958261,-0.08717282940815349,0.000675490167233849,0.05905592569127262,-0.0011609851706421335,0.21263717387126946,-0.03813696002492742,0.10590217106991404,0.041192891210587966,-0.04235486913341568,-0.011797138812176628,0.08841633943643791,-0.009204018851461672,-0.0175282759061374,-0.036860010413498984,-0.04451257316862759,-0.04099747489889234,-0.0028889863743534767,0.03730522771562078,0.005665613874954201,0.05672260221449546,-0.014943837391461995,0.008654525590563764,-0.055616395222471054,0.03295650069344964,-0.007255645085597108,0.03444746821125117,0.037975723062884575,0.005295848496783463,0.029797088461146516,-0.0012636186777714587,-0.08330688390504858,0.02722763291999108,0.03135703128489881,0.031030659158539402,-0.06108210975856216,0.0408621446947144,0.010021091829763813,-0.061928297174740764,-0.03711439443035372,-0.013446105084762886,-0.02625142378035794
2024-09-05,-0.11204130961380648,0.44951827536829764,0.10665427849696021,-0.047524052273464935,-0.11745261460845022,-0.011393283679983025,-0.09853576908937525,-0.051889775733478354,0.039288260542935285,-0.022475775124505867,-0.06362677441943038,0.009054335609736487,-0.048343032772098324,0.0016231094034312213,0.04284832089961285,-0.006952360091267128,-0.08555505158893477,-0.03325987341293034,-0.0071304038212034225,0.0414114286943517,-0.03100001583988116,0.006849405277917315,-0.002032472480874435,0.04166367641167238,0.001756953268856501,-0.04317597257981401,0.012524941972918814,-2.7114719681256736e-05,-0.004860699014047328,-0.02649739792146228,-0.02911912611594049,0.005789615771593224,-0.013316751797015206,-0.00993813779796164,-0.0008446160214690777,-0.006257313960446057,0.016004715188001437,0.00787327354882404,-0.04199650805112938,0.0070407649814092825,0.03721587433943062,-0.02279845396013653,0.017885488397795423,0.019632357991496884,-0.029961825904585387,0.026693365562398267,0.009959325377816238,-0.011726630345160397,-0.0035359866670093775,-0.02200676641304986
2024-09-08,0.002897462208911492,0.24938328751678152,-0.06666711246474677,0.14441472923866788,0.21473651481466924,0.061414618871577294,0.1631118422174206,0.052968449409946834,-0.08490813973195527,0.10331393705113119,0.07133204526489409,0.10312338600775947,0.05414029256061103,-0.08784195415406355,-0.06341614219764556,0.0643748902531655,0.025817558578623175,0.05170435972846554,-0.12407032390276178,0.04204928337844236,0.05988923450252576,0.04525009617405599,0.04604528977291607,0.030679965521927997,-0.017632497638774183,0.0055202660350036886,-0.09864433491031208,0.06890536400160222,-0.0016442422717722143,0.05482783537955665,-0.02418547048479105,0.018085564484731934,0.03808318554341776,0.019327927748226125,-0.03388279536538617,-0.03586488362931839,0.12013007169665696,-0.008115367423771528,-0.01618580702979626,-0.02366220336891259,0.01273519046802985,0.019630077030154805,0.08401257872245117,-0.05425709946229952,-0.03853936925271889,0.01693662885612966,-0.03613146005715377,0.06523145713836175,0.035384935120677405,-0.049109022652482494
2024-09-09,0.28490563491993703,0.06373330345960192,0.06628181802638773,0.16107458617524253,0.042685189519979815,-0.09453964910219846,0.03322003171668939,-0.1616308507595429,0.09447362908345629,-0.0046127519057754035,0.03508093039673914,0.00662785709294248,0.03828397253664022,-0.0262272263181711,0.018761150889467986,-0.0444686279172573,-0.05575455951823779,-0.0889866682153971,-0.013684968242862566,-0.02707929854196537,0.03388570662537194,-0.027489956816072234,-0.006009216191288918,0.015205991976975315,-0.02994556305660809,-0.03934220097015114,0.005278572341688385,-0.03530192751526837,-0.03151405898238258,0.014576801582827066,-0.027889956809991644,-0.03547623181604273,0.007687130059278265,-0.024624874768056474,-0.03485000701064395,0.019404621037390445,0.005267718862366445,-0.05616488959584897,0.03628383185775953,-0.013671802085819081,-0.01913920940307209,-0.0037164692346217847,-0.02820766516406692,0.0182584233731088,0.013008349534875886,-0.018797326114494087,0.02184333330844002,0.025042691788056345,-0.02252245197283599,-0.0012566162211600014
2024-09-10,0.1002756909073932,0.00606917970506021,-0.06702809686184466,-0.13323137135017962,0.024233897014167987,0.21100452960900082,0.11002638502114914,0.08432550246981692,0.11093294690263773,0.05340096691016265,0.05163014415308699,0.16346443883854117,-0.14423414851152458,-0.06952996918016227,-0.002033297181901654,0.01486825957090692,-0.10754253779723481,-0.051816532217514845,0.05953987667689894,0.06369418661570392,0.03198946044528657,-0.012958717756580293,-0.030067350910079543,-0.01757653749035652,-0.017104827318111613,-0.006222049209017144,-0.03454021583549756,-0.04979879500535662,-0.001954485142395704,0.018257954318179066,-0.00871850010724545,0.01998360260440054,-0.01157594957122739,-0.039650444784647916,-0.007755867492034265,0.008001294313426296,-0.032682372267086875,-0.019725425019173643,-0.007825086154347885,-0.005037602686954376,-0.068604034648605,0.00019766667877391038,0.0013195870849266101,0.014009866228549201,0.0044769072798210895,-0.0012980615188245225,-0.012139020689311867,-0.01384361357949097,-0.005176707590586561,-0.000828717966168739
2024-09-15,0.18661590491533608,-0.13992741340043233,-0.18589365489578474,-0.19371376618207223,-0.01361100320039447,0.066304717644376,-0.004034471599511672,-0.06334860358775408,0.02544331636588047,-0.03746633231049686,-0.042867432038089945,0.06660033146374296,0.02799674256278023,0.03909516727899183,-0.003585465218663759,0.08177188670923637,-0.0010508212849984879,0.007095038108993514,0.015444272101382668,0.0722103766988384,0.025940534280057024,0.012924926351031917,-0.026287729577802992,-0.03928386503730945,0.02045220190884723,-0.006165703789504235,0.021679316484885868,0.04748686739977969,0.006065786064295213,0.020910029024366228,-0.0056594537030477555,-0.014433463641464523,-0.0034268304787231025,0.015519640023474451,-0.00044232580481133734,-0.00023964588671785328,0.002399529971311148,0.0061117585539901065,0.007767581970819661,-0.002551651302195345,-0.015727942823594524,-0.005966674356950209,0.0070454251506908904,-0.00037002803986864197,-0.010311408297736158,-0.01810019140934659,0.018847359898915145,0.005376314969399894,-0.008461838073028614,0.02125365990984675
2024-09-16,0.047568359643772595,0.2210521640555885,-0.09417274372875732,0.20804229209571465,0.19794992805658868,0.010620219813681348,0.07389666917019536,0.13381306499635948,-0.11390814322653911,-0.031989437247075356,-0.06534473043492293,0.008035101037619733,0.08004528811224565,-0.07563566126076844,-0.029868369217846365,-0.0033529357869467153,-0.0533842731085404,-0.04450279688813507,0.006838732646284087,-0.022084647279593445,-0.031111651935436906,-0.06440822024099876,-0.10939505874440687,0.061208709449070774,0.03971813583260706,0.06913585020056119,-0.03977148478892502,-0.0575046870137856,-0.011221004011086222,-0.022530316042187276,0.04215415916635807,-0.013324269432228981,0.1263319599228398,0.04868282247639367,-0.12595064192579808,-0.08259162389608572,-0.02256890618821099,0.04253325624674779,0.01604700559598362,-0.07912388591645082,-0.03551943915436301,0.10227722412606143,0.051759905057987256,0.07126292421534465,0.07220698727145408,-0.1024861766412736,0.031374378669708984,0.020500325977561053,0.034467288453342924,0.011900866261980662
2024-09-17,0.17370292613259813,-0.031086424025559334,-0.25834027889951117,-0.07778233787875923,0.0988183057889432,-0.07650861876038735,-0.0329440271811549,-0.20593339701018903,-0.04428218685893265,-0.0766561870082188,0.08203239263064142,0.0644488677907702,-0.05534608577103029,-0.15439846745304017,-0.01919380662420711,-0.037866172218616254,0.13172368963264916,-0.054544623424652675,-0.039499120313870845,-0.07870938132590466,-0.09434431778179365,0.09289831093245386,-0.027943000501311474,0.12075005083573727,-0.036968770038366974,0.04351737089220225,-0.009589472911481708,-0.0905791226494942,-0.16247862477538802,0.035135863676803804,0.0836044731543793,0.09969401337953468,-0.02669015919194839,0.05886424624245716,0.07255716781800489,0.09703141404297112,-0.039502170271805505,-0.022248043521867468,-0.036143787059110824,-0.07608418569704928,-0.060964810240104646,-0.03469881628671799,8.211871585841008e-05,0.012927394130754414,0.1348695898903933,0.08779282080840621,0.05502000131745682,0.04943006582430541,0.06352040351703425,-0.16907461781808947
2024-09-18,0.14351323989876813,0.04040785643319679,-0.18484144463590013,-0.1060868054575974,0.04980979977081327,-0.07396279051964844,-0.16097698680051248,0.052028108269571736,-0.003033446652885234,-0.07753544808687533,-0.026001312533996977,0.046930343021637635,0.02740622314108994,0.05527739632505385,0.026388845024477928,0.10611952651920695,0.0040403341870643514,-0.053051584904885006,0.015824126759352766,0.019835034557675952,-0.00903520106074429,0.05142260017868112,-0.05422928852150579,0.02216509374916261,-0.011700716935715975,0.03550465282244695,0.07436111293164985,-0.018770971009602313,0.0158114405970038,-0.00013003765190750503,-0.005400812831385473,-0.029922334924333188,0.00892358129947714,-0.0025896233734640528,0.01041199321503112,-0.024724575863953827,-0.017725216821467864,0.0011881295057120434,0.006817057887045292,0.006140612734473969,-0.004289092478999246,-0.004198213317055212,0.012219699565147037,0.024874696447094006,0.023303197426327294,0.010210566988923751,0.0016433569283333942,-0.0002539688378259169,-0.014047153676956343,0.019795951467695395
2024-09-19,0.21391683669528577,-0.00915511553041515,0.0880179445281555,-0.08942253323328124,-0.14830527838012458,-0.1491521961022751,0.04814781016859987,0.09234830168003216,0.09502970584252672,0.09095654040453616,-0.02175387733623383,-0.020442885116159323,0.09439725624027386,-0.022133073702359483,-0.039426619434049806,-0.07670569487886025,0.03908274477822014,0.006372648469651154,0.048528248782587935,0.08684186462651163,-0.03860964996172002,0.025430446217107557,0.011019038855223467,0.015259598538086939,-0.019653313052888616,0.06257855369404926,0.024551045252110958,0.03186431112309258,-0.04059069644466438,-0.0024383217596731692,0.014036480732153765,0.04347985807313084,-0.019373761699563553,0.018703180756999355,-0.008563836802008168,0.053882551340860854,0.030258420546733483,0.017276831303301064,0.0037572339952407618,0.01762682888112485,-0.010487861793735623,0.009671962834893256,-0.010820191974070676,0.0491197624860387,-0.0020746720022044476,-0.002268155901164572,0.02990884263571599,-0.010898117146973524,-0.01486337732667519,-0.023048860935452452
2024-09-22,0.13754000545015277,0.1977559699804613,0.06899304833671062,0.11866738387070987,0.028484819800988655,0.04164875993789435,-0.08852153771252355,0.061581423221019733,0.032312895844891276,0.030915646620760046,-0.009531953320318167,0.039306825619686264,-0.00867597471077652,-0.006198745661677278,0.03307484261706447,0.027775150835131695,0.008799920521894121,0.008924308615748111,-0.02771345619461129,-0.04074915945191149,-0.03119716645648837,-0.005040370505463224,0.02017224227840733,0.001621807855959005,0.01917051195347231,-0.05548683913450678,0.052811294168657215,0.008605962535698307,-0.0423164975519023,-0.03331909231257797,0.03437111856231398,-0.023768797412543185,0.0265073747642553,0.007713667287384771,0.010544225680922338,-0.03811884205099119,-0.017648163783237605,-0.012139602785002134,0.03987390041178082,-0.0384325293945444,-0.01696180324568308,0.018660934844867826,-0.015254804414487046,0.020098582057333687,0.01279703628744282,-0.023760456243545468,0.01807124531699467,0.03267413259063887,-0.002804032924435231,0.010185190534685196
2024-09-25,0.19854495451698997,0.07490571961080304,-0.033117757082600036,-0.06210236327289105,-0.14751648265187833,-0.0539754910868739,-0.0015837587275214812,0.03179100609294972,0.02560984981451568,-0.06836991241570252,0.02627225874080145,0.013626501660153468,-0.04568966901857623,0.04853001278716036,-0.031200027132684993,0.021264906342794012,0.003792392374110757,-0.02713603545209675,-0.010799659862427662,-0.0073093856250611485,0.01634274409423017,0.03168887292953719,-0.010871261683625047,-0.015341277895959203,-0.031122769852997806,-0.01327447986867091,-0.017924198502288703,-0.03979204708953377,0.023020506308583356,-0.009796442315818584,-0.01919960766263898,-0.002210693225641484,0.036135196805928964,-0.02289451005588076,0.0080980327660455,-0.03637593439981353,0.018652901396641944,0.0006682291442964181,0.004610727184502139,-0.0350747622751218,-0.015839547374064917,-0.010739096474077272,-0.009136137598425107,0.0021172441132881296,-0.03249157631380335,-0.013428693617443444,-0.013921604432048916,0.0020002928287248573,-0.004084310319066493,-0.009308135404313871
2024-09-26,0.21005168718179842,-0.21182644644974774,0.05648773159185115,-0.09439153643784205,-0.004611592688551014,0.2022673876466599,-0.018211111501849207,0.0053886935050845445,0.03895994218950689,-0.06050424065955089,0.1689343894537666,0.04213872374969812,-0.2642851659729927,0.0019319879551723533,0.008292138768183467,-0.06043940211949485,-0.07615537815713855,-0.0028564563401383514,0.023847811465697803,0.08618908498050211,0.02302041541502084,0.05951677369285388,-0.04809113827946776,0.03219318295571622,-0.01081237123656993,0.08336272117289639,-0.0018071781659302552,0.030612291442208006,-0.01677471178115635,-0.015541732497267131,0.0007061590148614331,0.09447121159552825,0.036154016612378166,0.054206344067880455,0.009720750180770382,0.009340862237835016,-0.005953910701631544,-0.04263652093960832,-0.01739607790974412,0.014368011536497362,-0.027185134493009876,0.011531273507560046,0.011949248564893664,0.04243390894313499,-0.07450690466744353,-0.019806703764992113,0.01497900652720091,-0.010398906499897978,-0.03368560555774887,0.009449092651085289
2024-09-29,0.3626879871142225,-0.11188297187529314,0.3870342063504848,0.23734007307237648,-0.10749737188131994,-0.0915392430153842,0.023046805999073664,0.012301241864719422,0.005828818470602453,-0.023805037879988156,-0.05206148901961662,0.06845136506465974,0.047150913188819005,-0.07474213260064065,-0.012812508426806373,0.05132910413499816,-0.04336514046674718,-0.10572662898729668,0.0051548580391206225,-0.008514855183958302,-0.0381876573284189,-0.005934388668617912,-0.0009399916266067337,0.11463634421731637,-0.02772257049720479,-0.010758703888185782,0.08479734031952064,-0.02337287568706217,0.04866595760919411,-0.021121337326384375,-0.02862123797058888,0.0011254649011993962,0.03371745481957282,-0.07554271894956595,0.06066570859367802,-0.10562987503377795,0.029586770041386448,-0.017300814411405668,0.01589371192309032,-0.04697515428068207,-0.04238228446975633,0.018520950178272107,-0.022566154806936363,0.006395444924047728,-0.010670692041377154,-0.01642232507491088,0.03583403860674512,0.04973557402722816,0.05633340384855664,0.020966500121973507
2024-09-30,0.19244641220793812,-0.09410299678781128,-0.2952430382324614,-0.1684531266003037,-0.010073737374381648,-0.11911710168063715,-0.011873713287267463,-0.15267538707328104,-0.022332672479721333,-0.09357466572259462,-0.006037626191343973,0.06335349308637453,0.029794992959463338,0.18127252235690888,-0.014626682884556217,0.13073236607451,0.04347406852935814,-0.012201431726143401,0.024112780066283392,0.08844716612852663,-0.00143668521248696,-0.011132554239553194,-0.05203093087530535,-0.060165797001427865,-0.034619458694912945,-0.024421069658741603,0.027545946674553488,-0.016924686488251888,0.012400070325705382,-0.010179800877713545,-0.016289011483070763,-0.008721714834513412,0.0469443105258652,-0.0036822204439136133,0.02157923518462992,0.02960509017546647,-0.008767483055455074,0.0025254571863869914,-0.020322908927377367,-0.027864722245433307,-0.0060277298924703146,0.00346263426270776,0.03813766437363117,-0.02647179982152682,0.0033498884260914044,-0.0004136340774443665,0.0028501093439692797,-0.04389354995283153,-0.018823543767623702,-0.003827284330924466
2024-10-01,-0.02428836111326104,0.07994408076397741,0.06212139844965924,-0.05405553484819476,0.12931485808891485,-0.06537201494148678,0.0055957087718308375,-0.13217653390229508,0.05841593358428083,-0.0448707220986497,-0.028159086255018444,-0.05281629067309477,-0.06627344569235531,-0.010170387820811672,0.010541985585141368,-0.018399130967893338,-0.07311605318911386,0.03799856876879908,0.0002803907772143688,-0.03771329890801693,-0.04477805870810058,-0.00682430666413425,0.03259794877399297,0.014290465991637219,0.039825726572606565,-0.04040135999867783,-0.005799827327147716,0.015299133132080207,0.043219841605963684,-0.006065569476986641,0.005219771882928192,0.004266178471123131,0.0225169648887793,-0.004206857995917298,0.038302044190860085,0.04101966844599856,0.020996238156662125,-0.012741996083196256,0.01210488180831549,-0.011313069465414488,-0.0028692480951673914,0.008968381930027452,0.032970402829973426,-0.0012430352501266746,0.013392001586896492,-0.009757918835234263,-0.011798138720399651,-0.0027267040139575976,7.182599171741385e-06,-0.0008047284842623265
2024-10-02,0.1351911432122149,-0.136228140101835,-0.0013801579330918218,-0.1590812045372934,-0.03148078459388142,0.2669967345256938,0.07942025923850694,-0.007188082405918146,0.06514821848411818,-0.01848869991913104,-0.16813818046475834,-0.018238963939041692,0.08999735351923695,-0.008387793368006598,0.0033142071213375854,-0.048296755590896065,0.04958578310179628,0.0049093075062606505,-0.02795753924704735,-0.02056191385158205,-0.001886992882182019,0.06578973178792565,0.02114280215574807,0.018864447263198126,-0.016614346415906,-0.04328349226289869,0.03355951194913588,-0.021771012604448334,0.02789225844786524,-0.018680079813174127,0.009427460682297195,0.019919316558357894,-0.053124912044481644,-0.01597078424603892,-0.021735410526348357,-0.026347771940797387,0.005216621091808748,0.0014190145691353176,-0.05649238776019635,0.0021383047223164425,-0.015288811167478262,0.0051437295775192075,-0.03134675788227066,0.004632246914734719,0.0325470228090462,-0.013284134829332397,0.002507389691479566,0.006379754983252403,-0.0318733206690331,-0.005539840998590194
2024-10-03,0.10171939923085471,0.1560155601206816,-0.14029876540529507,0.2258672184768011,0.20839876954383202,0.006831695759346445,0.12886443985793725,0.15286450147265135,-0.08496178252319297,-0.09179419767505162,-0.19217927120450543,-0.03271398926482793,0.10099966533056152,-0.03100582463586207,-0.09124526759437539,-0.0688038236146027,-0.056899686876157256,-0.015627378530857015,0.04627565708653048,-9.84121752368772e-05,-0.0952505701591893,-0.09027971058883058,-0.07290842133672297,0.049361740359992946,0.04545139037581402,0.05383235781504107,-0.026457879383593924,0.01804387976935914,0.023260924579660933,-0.027678889144439008,0.04668741784861003,-0.08620641937994204,0.0334488462473577,-0.06363418513890137,-0.025768113378514028,0.021542896783879887,0.03007738459981463,-0.03354588820940132,0.034065645947081086,0.0055597045747393485,-0.021822369629613345,0.045563541591343654,0.04055523406742061,-0.0071731337814174454,0.03344865010560647,-0.0024839835099460627,-0.021781971380161146,-0.05175935504469657,0.05834364210199666,0.013281611519118313
2024-10-06,0.1641903096704161,-0.022706444412626394,0.04086338428940728,0.18069267450905938,0.048613578211240266,-0.0884087275707394,0.05880604423532302,0.08341741905015032,-0.13966454465559908,-0.13899639504013295,-0.015551911556823932,-0.040778030135914245,0.015104073417306386,0.022393510834835317,-0.060769140054790706,0.03051586086897675,-0.22380988524795384,-0.02914342529147229,0.05141794196860417,0.008374643720796462,-0.02806009778213478,0.029800233912455665,-0.048129703414491985,0.07619857767104644,0.02884151810709718,-0.006338077508963109,0.09698934004899248,-0.007932272393933,-0.05309024799318301,0.054831965063445995,-0.05962326703610774,-0.011859145499337772,-0.05923742634955629,-0.002302858174981479,-0.08297745285347098,0.0311171180403703,-0.06998724292432745,-0.014589211577713609,-0.027549728299369584,-0.11271770364546102,0.10499697344721912,0.016349835441237026,0.06156669911850097,-0.027598855755939657,-0.019262530665536143,-0.012140470311656108,-0.03626003408831325,-0.05942900402559813,0.05330401462684818,0.013474252277694108
2024-10-07,0.1580200952770358,-0.01478460743507936,-0.1520005196895276,-0.07870368557035486,0.12203101716259605,0.13122284713213164,0.03301570528427813,-0.1622403718253396,0.13322524433578503,0.011567851978506134,0.05733186133112165,0.020655925420053282,-0.05269918621482567,-0.05965119469137216,0.04663949091201244,-0.05678052683798468,-0.1028103471653198,-0.07052164272758231,-0.008075693388347401,0.04413405372180985,0.04598788388162292,-0.06908921239813885,-0.03550797763629301,-0.018926998150262477,-0.0334877966673741,0.00067016228722263,-0.014650932362303689,-0.0069790002674951215,0.010438977104983085,0.0010021697995225164,-0.03251410203262874,-0.0418877213247271,-0.0068983811976068505,-0.00013774628175609182,-0.03549951792587274,0.050433928590931654,0.009059376133936486,-0.020558045303938677,0.035581811861259076,-0.003029777418586395,-0.014505380621209941,0.006715875147094567,0.0036095996050529103,0.02080657692343623,0.00639834824468589,-0.023913741743218583,0.019544575515034954,0.024901953822989244,-0.008811876624809253,-0.007109300072822455
2024-10-08,0.196218680430937,-0.13566294332003886,-0.2721709918483529,-0.17272792534395154,0.22304753999608437,-0.1289436991691637,-0.07591663071578643,-0.26074476893833054,0.07230780148806018,-0.03876119623345656,0.006654795627265917,-0.06232579706722419,-0.012379093579383079,-0.16358893234319305,0.001645913164675126,-0.06705280054833661,-0.1119487351449009,-0.07944644855237676,-0.007282353702272647,-0.14475727835639435,0.03947320936480571,0.003055942960680282,0.03104515622892894,0.0032027969590903474,-0.03391336668368786,-0.08012209724140844,-0.03780193827415602,0.08943282065939666,-0.013482999638409526,0.00813811380608921,-0.035913805782712055,-0.041524432973630204,0.008852784887722403,0.032337905097523705,0.024272771378884773,0.05782846413342429,0.044095588505082856,-0.037735507416385324,0.041423653544191474,0.0008537212697211351,0.011882492263169654,-0.03284732607976036,-0.06469664575874547,-0.008605313859688353,-0.01041728399642415,-0.027613256179744444,-0.03864016721470987,-0.03880754779401717,-0.008199481516832682,-0.012294851775787218
2024-10-10,0.18660579175360015,-0.10478428045576273,-0.09969902412288462,-0.17626918072492692,0.07888273800368512,0.14708001645760538,-0.029444698145914078,-0.2150128577013214,0.046045683883555184,-0.05144374154863092,-0.10061143446621952,-0.06211735575525746,0.11078941008756972,-0.03963442045873086,0.058869606940284584,-0.09959121677176186,0.025933070186044748,-0.052010210844799544,-0.03966272743675101,-0.02412379842075042,0.04703994060122642,-0.02751605804281519,0.07161470539089378,0.013938083246631679,-0.004352635679263668,-0.0013946074135588271,0.07087760380973644,-0.05296399631983083,-0.00800141174737894,-0.04639578427884934,-0.021405140745015577,-0.03468006591120993,0.002247629403420759,-0.023604694696693032,-0.02234746057909187,-0.01753243625607413,0.040517144956565325,0.0445995531467697,-0.024336615245359974,0.03244159158318267,0.006304276084913583,-0.006323247449819038,0.03384725981216212,0.023573139193708143,-0.036489576444369426,-0.03397469000561795,-0.02019231484442716,-0.03392173742331201,-0.014957511362675749,0.022659764754987093
2024-10-13,0.09302506295010958,0.26468462231233003,-0.1819309514481343,0.06778780277760449,0.1633991134881797,0.01695136285675813,0.17666518803902997,-0.09311042223319636,-0.10853474229668587,0.04780949100192294,0.08516320526956332,0.05099880882495699,0.09239699483314447,0.0405730214347109,-0.05832976729889828,0.06729893174915087,-0.03064118267753932,0.023671805698445743,-0.0771661153994041,0.14155563046321484,-0.04947441312184779,-0.02132105277605506,0.038021559962940044,0.08643888151682133,-0.07969827501318011,-0.03864052489907654,-0.08946884640603375,0.06957553838251791,0.0743166872695302,0.12932203020811522,-0.028135348096541134,0.04390147250581326,-0.05704153177276043,-0.018773641194972723,-0.06770624614200041,-0.037103430153723665,-0.20836493904549078,0.07354253978183814,0.033634285305420154,0.04696753792101622,0.06794536201097244,0.013802872476328663,-0.04824529568283431,0.11772134097439725,-0.15069852893013785,0.048364264615724566,-0.13360543383965517,-0.06867580479286962,-0.05722787883842055,-0.0347805783059104
2024-10-14,0.19218145137095105,-0.14273650974781424,0.023463538387744703,0.05160237852237522,0.05140251926690584,0.20776975961168243,0.06054019675039511,0.03739227376347067,-0.022167669624047655,-0.16956690163128668,-0.056933995621239714,-0.009039768085264454,9.14907739277278e-05,0.053663225713042294,-0.007348080057542065,-0.09343252553058655,-0.007351036387357785,-0.005537113822285281,-0.0155870062313052,-0.01605199391526553,-0.04225516370529809,0.03709556354974497,0.006733452679704202,0.03437458175413456,-0.010095386719297165,-0.02300471787948857,-0.05277606667733177,0.098199013478795,0.027072819490837854,0.014245436337173359,-0.013527813392767254,0.017729247953961056,0.0036162580026749933,-0.004233716800082379,0.009755788027830939,-0.0032532533326961074,-0.025425211208606982,-0.015184191244863511,0.0054630680718629285,0.0327953911734857,-0.00406710226556318,0.0274704043405484,-0.03926890591048551,-0.017613992921093575,-0.04816244937319814,-0.00977445819820227,0.03157038570633666,-0.007359006462604149,-0.0035729340967717528,-0.007898619353357946
2024-10-17,0.10057251451312928,0.026581216370164272,-0.06167218312533389,0.1486588433570546,0.027165864661423244,-0.04446202906073834,0.058571527037075875,0.016046434564383833,-0.07827968629015676,-0.14928073828694108,-0.012524678417426884,-0.06156372947118477,0.039883032113405284,-0.008422888611919137,-0.028409208634577396,0.0633395112002884,-0.14800676654874773,0.036150167313314295,0.11422055670574659,3.6831477106258804e-05,0.054105779048435505,0.10509655307364402,-0.007954688008739138,0.026457051716713934,0.04095662758036928,-0.06958636355571143,-0.04176382081497057,-0.045842216073924934,-0.11515517025240667,0.012483133032528551,0.08865929583870528,-0.03921101200876437,-0.0364917841841878,-0.03154265957375447,0.029812951547560557,-0.04678849840855361,-0.007762467003026168,0.03002422485216514,0.020042311572740217,0.0689902786986257,0.023768628462500434,0.026597270169138487,0.003144903186389771,0.01701348143032335,-0.01165727499140745,-0.002160659151744892,0.03655680028483606,-0.019081213009039658,0.0004595375665215776,0.09598470574708559
2024-10-21,0.18077342290603526,-0.1138047709818577,-0.01956439780104922,-0.25891393707596283,0.07980012757114693,-0.0021526345860975412,-0.09318179551158386,-0.0804365774669543,0.04663905673718084,0.18694409240033946,0.10318602317801161,0.05153880734284455,-0.04889549574006283,0.13567944082343295,-0.06832628798070034,-0.07514309738755533,0.08229910591463195,-0.09650594214921929,0.18230601851439007,-0.16517175268467846,-0.04017684451496244,-0.03913765324890472,-0.02493145839360613,0.14496550068418013,0.0760475489975638,-0.0050852662440844035,-0.02625183922310255,-0.13993267512336288,0.01414591114188448,-0.05503018455093272,0.11602897406104216,0.15844538794368768,-0.05176535023592739,0.07011857828340673,0.0086377349317196,-0.05155174353735318,-0.03961267439471827,0.17992610258004074,-0.02042115251961146,0.005135739959358492,-0.045631097351741805,0.04721733097558627,0.0626200780506197,-0.10855916461305591,-0.1632301221799052,-0.0684110272083866,0.038018470607313656,-0.04210145095058961,0.08109526903435639,0.04969672554821564
2024-10-22,0.06486490968710235,0.23440484783015036,-0.12946156684761437,0.09585082331247949,0.07138204013966526,-0.0074856014948788095,0.2495522029680028,0.01306942743263353,-0.06654020184220626,0.09955446537865899,-0.13975232416539576,0.09837477851691476,-0.11437991789221906,-0.0005377217097311987,-0.006750675006408735,-0.08035574484135008,0.06972628167393724,-0.006452324792892032,0.10131680659049114,0.0049700766156259985,0.11013467524645015,0.15570601019296093,0.06877030350884393,-0.09587330584987226,0.025493844798673154,0.025017743406408374,0.1272187695032855,-0.009757448554441144,0.11164549628148182,-0.06999411520901626,0.02235457246231049,-0.0123563920883448,-0.15464327499680272,0.027074762756288003,0.010309271901520504,-0.08200261390680448,0.04656161377491492,0.01441872924012775,-0.19967923591145662,0.03321481426457096,0.016626469114134616,0.0018234027616168623,-0.09667375906143011,0.029812597606826457,0.06405102260792184,0.016398569896988652,2.2559695569639896e-05,0.037886594422113444,0.03972659471849428,-0.10234246861109964
2024-10-23,0.12104533690335828,-0.12792927615505967,-0.16016227559211668,-0.03747891756872545,0.29801478678318066,-0.052034869373819154,-0.21312313331048294,0.09724865631890893,0.04235761757388926,-0.07700087603840738,0.045361915155005574,0.02395217213273061,-0.06616954781108966,-0.10024958574386328,0.06846279251581215,-0.007825767357564397,0.10840576219863032,-0.02993350136150573,-0.05466712851971205,-0.03429389166842859,-0.07339021199036456,0.05242122718504097,0.0013081273684415716,0.07752561870096875,-0.06565914006716328,0.02758540381428129,0.009657459676442798,-0.07175580283112953,-0.03838782572017354,0.055968875328736546,0.009535889477831407,0.038887660213449145,-0.013473129237038545,-0.0395805989807971,0.029612529721589072,0.04366410372887491,-0.016235742130285814,-0.030711475678477096,-0.06726084662057598,0.000656225990161961,-0.02473251226396478,-0.014263097801562095,-0.007386859181469232,0.04294679594720035,0.06778215905870244,0.01671308973391023,0.02136694099681501,0.022615484771524356,0.013512127566553385,-0.06720237010008599
2024-10-24,0.21876329878857276,0.3336635525814669,0.1595916864237648,0.13317265614691062,-0.15201973567759,-0.039492251218749004,-0.09055711995592268,0.006024852026194412,0.09778346094237339,0.02799393434118596,0.02675720440583386,-0.012026649523927012,0.0740279626928827,-0.0069875517419742805,0.04621118054304366,-0.04064193665223612,0.032865807642241,-0.02598863778990756,0.024720404074926577,0.0812405410475282,0.0245555024884654,0.07972614943613808,-0.007693807811279812,-0.008567604698870055,-0.025682860296076013,0.05720491890531892,-0.03768479240779843,0.0007800973967545257,-0.024102750720597,-0.01277837056822367,-0.006086396812077937,0.019188637600737548,-0.014206230773329418,0.002250629046024347,0.014464714274830363,0.006975748380193468,0.01376834747507466,-0.0038938449940627232,-0.010557217219951332,-0.01844958315208988,0.00017384133932301244,-0.0023520464578679918,0.015199215538576123,0.01455366653190329,-0.01712831434642489,-0.01246648487306799,0.015020734809630811,-0.01661376749555869,0.0092811917352965,-0.0202724791860063
2024-10-27,0.12530658002533787,0.06739387899703699,-0.02663974794545513,0.029393715229665832,0.0985857602573831,-0.08172941117745867,0.020268827171901288,0.10544787381613117,-0.0004164523399024034,-0.029390632924876252,-0.028054375324788168,-0.002554448428325739,0.020061800538513638,0.0029762041181546485,0.0023051695575341626,0.0010536633260260567,-0.05503529791178685,-0.0040185198218348,-0.008109642996550223,-0.0015556304655315392,-0.017065301885576853,0.007056613329865484,0.047408434356831564,0.01699368168300827,0.03603453311884326,0.05198951588269813,0.021233979237592935,-0.020293185290624,-0.016663910882759675,-0.05527195386789084,0.006217669237760627,-0.013704350258775371,0.00858031503464795,-0.0020931805454848934,0.03661024903019803,0.000634458946794623,-0.021488804179407843,-0.007627662261924728,-0.0029478643776088592,-0.015983558247067164,0.0035307603009816658,-5.862955183323639e-05,0.010766972727383977,0.004472378515495029,-0.014162681365191967,-0.03936305020035284,0.0015497963088624157,0.006872314996304173,0.0013795692923356975,0.01426707772381811
2024-10-28,0.2298307599562206,0.033917571439231575,0.09224655075444137,-0.01966551646173688,-0.04335160671951911,-0.14141818419376662,0.08376917079831155,0.012601680221965826,0.013368627202495362,-0.020137523756995884,0.016528803980498566,0.03947610949423834,0.029468734951952964,-0.10493604353747647,-0.01976866681287505,-0.029789885465425194,0.0492473257276794,0.018206208992403067,-0.016090848011962783,-0.025219109929073225,-0.07163893810365979,0.01383469699591131,-0.03771487800299824,0.05505751553051229,0.0054530834768540615,0.002934894573289308,-0.00423192760887653,-0.012106536123983398,-0.05522130989689458,0.007789669780535426,0.006277824924507473,0.010689845505002158,-0.02707977570849095,0.04518814248177198,0.0163576040498711,0.005316228662306629,0.02226366285855869,0.0046553130701776115,-0.03495867227782909,-0.04601503876793231,0.0005397266384488417,0.005778859457116069,-0.009756065231844687,0.06230160482818805,0.033273461006229424,0.0023120727161423465,0.0026758963309190735,-0.023952937477954104,0.032004882498313514,-0.05699245771110684
2024-10-29,0.16299564117830634,0.08144413493864981,-0.22282784763260743,0.0009044809955619796,0.08831807300027329,-0.06388755209636941,0.03288401920307249,-0.1150253987600987,-0.055750248642476546,-0.018353972101460298,-0.028203780672175664,0.0543977627561409,0.02460370138932359,0.05760686110217522,-0.020774387908555618,0.053561941112299054,0.01930369970585074,-0.0009961236812417015,0.0067736776390635335,0.01991224081445312,0.009478855655780332,0.03748901925269421,-0.0012442326626507312,0.0021142668579396218,0.0020970208540925803,-0.016690250640925188,0.007806162263878965,0.020568155254507014,-0.026399178436463833,0.02578763722084741,0.0007091274986657136,-0.008856099130970517,-0.021445369841014354,-0.0275750976931728,-1.81012276317894e-05,0.005842670802405314,-0.013418782435468957,0.004305956025107478,0.0009586129304216686,0.002260548071045219,-0.02535145424439134,-0.02121094367332107,-0.0004629681973197919,0.02899821570852904,0.02001339908038827,-0.011616706648991984,-0.001954824752849211,0.01716078841956061,-0.0026134946428600556,0.0076183847395604
2024-10-31,0.13298898503446446,0.2827846711343109,-0.11994961710814796,0.1232875296947704,0.1728878127980073,0.06848221563882546,0.18655253387347734,-0.11018768198798351,-0.14568927342758284,0.04638931634680657,0.034088715805957126,0.018475427912987834,0.08215731801600601,-0.0011308796580958267,-0.052158094094405166,0.02524515101186597,0.003564813145611701,0.06381821578532365,-0.07103003575538386,0.10689479470493626,-0.08836304883229829,-0.04379433465212265,0.008425087126875388,0.09466920855424144,-0.05005261404398618,-0.040494487961942646,-0.041153563406079466,0.09849793445941851,0.06479586546863092,0.12651450899791566,-0.029697732963519477,0.018855354862212077,-0.04569662869941926,-0.01727881058963364,-0.07734190149820752,-0.028983356147892964,-0.18488413970053855,0.058583989956244184,0.05112806753035355,0.03726381529918367,0.03557995133452023,0.00988919664429092,-0.017428555410104626,0.09751748148473906,-0.1399712558722419,0.05278159390308858,-0.11534377239351257,-0.07177298530518776,-0.03348835953389192,-0.020166171688942445
2024-11-03,0.20501718910082822,-0.11264268098055091,0.04070909663424391,0.06826778299313983,0.05013226731375261,0.16539296932352768,0.038122377785905694,0.03403664092910951,-0.06217613037966916,-0.1114850914687507,-0.05603474583596749,-0.032761872455886264,0.0014599466121632079,-0.010235151638716473,-0.016637325525786128,-0.008860561074122001,0.036568189603224104,0.045538462595705126,-0.061859944146799094,8.212325698896205e-05,0.004524801825471188,-0.0546461382426776,0.03037702085940915,-0.03613128880667539,0.047738749620586204,0.024268449598428693,0.015836091276832387,-0.05204983249379318,-0.0372093933070106,0.029017916456036557,-0.04474298412548439,0.009309794275228883,0.006584184288155434,0.0311695911180064,0.010097582401094365,-0.017641121259432423,0.07486698705843989,-0.06475223914725645,-0.0012619634595430224,0.0018502262335409643,-0.000674153600665186,-0.047814213268361314,-0.007897664437806037,-0.02076261366438652,-0.02568150356353349,-0.005995740834711181,0.01209023325158337,0.020063959412748477,-0.005421196467999338,-0.008327385787959482
2024-11-04,0.13270746595266905,-0.06358273004709658,-0.01767372455186873,-0.0761854301032365,-0.04369336635953721,-0.10764029374094518,0.08335078594105656,0.12345692329715009,-0.0019158525946252755,-0.020775461761905346,-0.06778167793969447,-0.05971717250741048,0.06267101319365218,-0.02566811253766864,-0.03306053298101799,-0.014459072212243504,-0.0495672942608942,0.019680881163185088,0.06464395202915765,0.029453612773419024,0.018663169152493872,0.011371801631312782,-0.01648398072459807,0.034167282652898125,-0.005034427051255967,0.02118740101785689,-0.02351639723416953,0.020439524573781485,0.0266095944679908,0.011276286509785146,0.01937904865827468,0.016023456609569275,0.0049092268109586215,0.020816088669399952,-0.0031197304642025716,0.031383949683652726,-0.0012111552357442295,0.012844856286937056,-0.0073750049239833925,0.016270897927594247,0.045909039373206305,0.010719692749905894,-0.011002504641646262,-0.014967756154910753,-0.03294792448777195,0.0005291983083872286,0.04572116369675558,0.03066812629717404,-0.010506433404397138,-0.00541214828316097
2024-11-05,0.14992383868141335,-0.28541608086496484,-0.0002713746312512877,-0.24364213250126449,-0.10000056486566561,0.46558327950542955,0.05318164576803386,-0.0050933383073036315,-0.008406463423131326,-0.1831234026353366,-0.1813420758208294,0.031320374341602994,0.1647170762795404,0.12299162062825846,0.04253322592784746,-0.08046480851004519,0.005300214063007656,-0.05109452567412076,-0.07362786477427657,-0.05789813934436975,0.0747820468104844,0.03153382641489599,0.06565284493674027,-0.0649200143672496,0.009752295150261785,0.02724842746115893,0.04241977522218304,-0.018132705216558295,0.051626237657748986,0.034614431743411216,0.014945548081709763,-0.0824697809742927,0.027689409834790374,0.021170673129806084,-0.09867886771413059,-0.07846857177522629,-0.05666939040592809,0.013798043822450671,0.01763800199357775,0.07460736087116229,0.10057432630154702,0.02346976706943063,0.05662211004070409,-0.06710588813570041,-0.01586540046700449,0.06950221059337397,0.13179028702512302,-0.010559115993411469,0.02342964824496272,-0.09508754890162405
2024-11-06,0.2862226560170543,-0.2897182315982694,0.19185543717267203,-0.030748190984837522,-0.08630108330069836,0.23100601036627091,0.03571516262272987,-0.04754354537383672,0.011709133867297163,-0.09389629635942162,-0.1318192095610486,0.03474112205406528,0.10712106330736526,0.00742219851325775,0.01594274949009441,-0.021679627402396193,0.03590298079006727,-0.02179789592518728,-0.00963147035194365,-0.04479600454041361,-0.036461013129065654,0.018642388924109573,0.012378424550532997,0.022277875568119197,-0.04801012468946464,-0.034625575859621234,-0.039156401937259916,0.018808076137177943,0.015066019828280059,-0.012740219640629245,0.05239363144767115,0.011047808968545412,-0.014750549617955237,0.005348010050481667,0.012875211545193901,-0.003352049228689596,-0.008735926655249486,-0.01591475737912581,0.029295584787283762,0.017250156932081494,-0.010110477147621345,0.02631407499853733,-0.00874653015189332,0.025966762614086727,0.01909750307364768,0.0028328853356278474,0.031334065064745564,-0.006505397057254773,-0.012155895865245243,-0.022542658027347826
2024-11-07,0.1806350071379923,-0.1290073860158611,-0.03162420341854334,-0.15371153326607948,-0.07367368168657543,-0.002250414705588894,-0.07263482918434244,0.002221013474549512,0.012996072703280237,0.15228897402824973,-0.0704727658320692,-0.12066113529449832,0.003318224577623578,0.12116993550914741,-0.12183958484789187,-0.015665427735421258,-0.047210847353235746,-0.004740572874067364,0.1315597970487538,0.09554697446231868,-0.06875049530426505,-0.07771301051680783,0.09434671035293628,-0.050916470373809475,0.06873909048213421,0.019237739363697746,0.007617124581394469,-0.04413026071710125,-0.052903813449578396,0.03410094201853334,0.018057513246678168,0.057034860304823715,0.001005709900103888,0.013872263917986951,-0.01213559968414343,0.07849467679317944,0.05145232356293604,0.034381340889085295,0.06588232695407469,-0.03863302844643211,0.008915255057326415,0.013116282826734433,-0.04779126504168962,0.07403883936138596,0.026581311167031264,-0.0011357366068704123,-0.014204792206716627,0.04677195952425559,-0.05037621972780027,0.0059618104387547475
2024-11-12,0.06327409248231236,0.2730481842327066,-0.15307999004513695,0.11750606155266455,0.13961591570172793,0.09084331726198937,0.22543484570653483,0.021434185118495902,-0.10620460236758691,0.08400174171637582,-0.1329424869591855,0.1919485066192808,-0.12709357370419047,-0.0447077955341134,-0.05257879986406829,-0.04173122135971768,0.06301540390940143,-0.09248905504571543,0.08204108413588977,-0.1554325714127868,0.06742583667770184,0.1304541552129462,-0.016743005116726314,-0.09589226641858788,-0.006083454284837462,-0.07062261485591496,-0.007177165022162838,-0.02513505399614886,-0.0010225665702457102,0.08038752087320472,-0.0010446636159818696,0.036064631569340505,-0.056708563449524865,0.008962581920380377,-0.017137186720002227,0.013949405254725423,0.025949687440181873,0.04843191094291808,-0.007657205544690785,-0.00542956104673434,0.025689706883028393,0.0046266085353139684,-0.01629307561975523,-0.04211786742483765,0.020662838265230937,-0.0024718316181850586,-0.012279108779207699,-0.07136017654023641,-0.028689644289585384,0.03338178884231985
2024-11-13,0.1362662159507193,0.09684888331212187,-0.10517427055749104,0.03648206010648519,0.1104043988304687,0.005877489065418315,0.0230912632965115,-0.08571156413598982,0.021782117070729044,0.05336515297069345,0.03902200777201216,-0.015300979081141199,-0.030930907354220816,0.04626551537857303,0.016218787706980552,-0.03842335516440891,0.042428620895098544,0.021167643151867817,0.0024329392210420487,-0.05883691530838386,-0.02885823753136781,-0.03356807273772381,0.0010185435109312342,0.05576661945391998,0.0016298139159284211,0.017325745058345665,-0.01419170765167937,-0.05095737504498435,-0.04098273048934114,-0.004651987256638744,0.041799587170190604,-0.02640798998297068,0.02070315584285705,0.032235667878607724,0.00620932092533165,-0.01140326102224655,0.0021999224998186222,-0.03546911433946767,0.011083052541116377,-0.03123031012072041,-0.038637231788820565,-0.03228944094038763,-0.0022620997820354443,0.009553378033404824,0.007951812681587005,0.017413679568629555,-0.02602073663707739,-0.00013481441767226228,-0.042785686046037344,-0.02163733684624574
2024-11-14,0.2370924212200246,-0.04480348407059175,-0.07871496734778012,-0.058313194655793016,0.08588501333100387,-0.04062744494424578,-0.038448897520361895,-0.20326701955747803,0.04196102814460496,0.05635860531610905,0.09718495293836296,-0.02315986143225167,0.010581133301010757,0.06151877439445077,0.023653847114984652,-0.042049851590477,-0.046041112307951174,0.04005199727671406,0.04574197131903442,-0.06462789762642089,0.013375249155000574,-0.08083667121016982,0.0587693998936468,0.07945309233219752,0.04737966910721995,0.013280224378080276,-0.004918328154255508,0.02497252171243473,0.004610524703824342,-0.0324876301559457,0.025953159726618047,0.030640162859316256,-0.003962769458303353,0.0005238947604395064,-0.01587080218674701,-0.016418542562652374,0.04142644898128563,0.028982817361597073,0.03895106154931351,0.013978047673287253,0.02074735992017254,0.005756896038920912,-0.0063535194475569995,-0.010712929003101994,0.0006530349611978429,0.015729265334195896,-0.0037549283230658794,0.008424558993422638,-0.030974175561419626,-0.026861370465619858
2024-11-17,0.17926847482121408,0.15435179298841883,-0.03944792085075324,0.13401856218142055,0.09499860854369578,-0.031683823626287154,-0.10796961627123688,0.0014496045824331533,0.09386650109540834,0.10018410002815861,0.209188250401586,0.03909546767443193,-0.11191848381346726,0.14202632255037856,0.01722428656323288,-0.039689868525025845,0.05830828665822677,0.012253452077580924,0.04371027694839682,0.046873608433504535,-0.10785096978974133,-0.12757474148458442,0.060170135325683514,-0.011860277771661544,0.06937959159421583,0.010832673885676634,0.09469721296503379,-0.02623546820591893,-0.08221572297673994,0.01951764004370468,0.023394082059295346,0.052947211432243464,-0.09570566560569807,-0.02679921065169552,-0.016317163575794925,-0.055113196180321275,-0.02738939637645082,0.12586599865514417,-0.0022935662097364946,0.016595233567609523,-0.022607620564117328,0.04805955374159,-0.035511658445029945,-0.07847672468222673,0.025636728760299286,-0.0961487536865856,0.03912235013432588,-0.0026591104645712245,-0.09390835810087038,-0.1241045998179845
2024-11-18,0.14996128197882685,0.1280945313775942,-0.24611434955723402,0.03329148736392564,0.1995087202434522,-0.0048719792383248375,0.06629101063532648,-0.11442516857375176,-0.045722463054978575,0.021880119267595446,0.032515567586970544,0.03999212175719291,0.0011039663803766942,-0.055122807796393614,-0.004734026709238223,0.02030760535076431,-0.0030490954309458,-0.015284069978318984,-0.08104985197964873,0.036762110170047324,-0.029559914476530034,-0.03450998870969568,0.06371387983260952,0.0019840521046979977,-0.03695550827812632,0.01356590028043959,-0.0886592466561695,0.0004869129088926869,-0.038523732600737444,0.00950354306500015,-0.08595177031347671,0.022870261647783895,0.034771433083590486,-0.020201307249068164,0.027549588858212567,-0.06130350510071375,-0.0006823230249340314,-0.04166350843993298,0.0032141380424452943,0.018167123443347748,0.018639877656994052,-0.028324107631714193,-0.012019139376340138,0.034360366768918876,-0.03274227333775149,0.02421357845141046,-0.044069531527230005,0.010566014290887157,-0.03279229906877017,-0.0017938528060639529
2024-11-19,0.09623464651997017,0.1507229415230425,-0.16095663176899255,0.10251885821129686,0.019967755492161066,0.04523324690074832,0.08565284308934422,-0.003092179384481412,-0.10151034994335877,-0.02347879851819862,0.13323775862136392,-0.06419702573014541,0.09556210169976691,0.15515429551427398,-0.027807191985038567,0.1560870779821533,-0.16121746850612834,-0.06396625388211181,-0.07941681569771827,0.0753682570294036,0.01501170739139841,-0.033853037563849823,0.25314452545652183,0.010312835844584714,-0.011269339207228618,0.04306839395660337,-0.16403132396570783,-0.10690367610309216,-0.04732549246012069,-0.02779794547372997,0.12136541759433375,0.07555188611618419,-0.09163950644807278,0.033898710016497115,0.002352978349995684,0.1722951414413033,-0.04764997234694753,0.04235713294805359,-0.05728199815816064,0.05994840078478621,0.0815182241766038,0.08660838858116367,0.056212362331249446,0.0470336593418913,0.07158233501559425,0.045352063831694545,0.08743967969235325,0.049676564441795426,0.04215454037185423,0.021342444727950303
2024-11-20,0.08109213795428073,-0.015049093180820958,-0.0008626713615778934,-0.04940218186858397,0.2168220843441865,-0.014580718563193188,-0.13090232275372934,0.09145935615983503,0.044664194435560106,0.11944723569062797,0.01983855310979266,0.09957703150678444,0.036643949542186506,0.06261561214752656,0.059023145481265145,0.020303225467258157,0.0873322516350963,0.024197887826712217,-0.0013817840254421066,-0.07550315720924379,-0.017837184934647723,-0.019589662735460842,-0.006782266818516156,0.0447341188453054,0.02286387813717556,-0.018307522324177965,0.004085329892323606,-0.015100728855520532,0.029461202453369643,0.005098714194852706,0.0006595517432961631,0.05329103313308852,-0.05067570432382212,0.013344064149769297,-0.006309398093269104,0.022465511999739448,0.004111844083678221,0.02291039556792057,0.013064715809099186,0.03368681213921284,-0.011069210209045666,0.007266451375056191,0.05631988466983166,-0.00118880906725396,-0.006100311066972202,-0.02223205377003811,-0.003734232741400301,-0.01923181607602494,0.00046933111450181035,0.018575049456295532
2024-11-21,0.35271595009866386,0.10820817835619106,0.3771433318422582,0.23341697287593818,-0.04662639235166134,-0.10986667715370801,0.038014837745494065,-0.06938626226419632,0.2578273606063872,0.0798601726735471,0.07496492941241768,-0.00516275189069299,0.13056105330288512,0.01536958958341509,0.09251624510720649,-0.09254299576050086,0.08117090828023173,-0.04292052780339765,0.03611051296776853,0.14674524672253408,0.028445548768044737,0.1356731625200688,-0.00436194907950237,-0.04762914265832649,-0.022724833616052653,0.08977409190813729,-0.03643807473396575,-0.01872221633636492,-0.019892421638630947,-0.012917671993380194,-0.032233450828992705,0.00455839723641382,-0.001556196487018903,0.008291255236335098,0.019304089807612612,-0.004403620121082322,-0.009497966287775534,-0.022401072239934185,0.03956978790503188,-0.013080373266462117,-0.006349041421326388,-0.019293895973820707,0.012916183714490409,-0.004495173518751471,-0.00022071325174058667,-0.006197940697088795,0.024708295944202808,-0.017245229513397454,0.007798458850277744,-0.012516433011776977
2024-11-24,0.20783224599503983,-0.06443418914123197,0.06162421387801738,0.1706356489357993,0.03412009063230613,-0.030088437903635794,0.09827974843640408,0.05479740906694103,-0.07407466385408044,-0.16287835066378295,-0.04359820938413128,-0.08990345963459617,-0.03256199720653883,-0.028444917794404157,0.007437285822503295,-0.05359971325461032,-0.03562898537253868,0.07490889941770579,0.07774853142451682,0.0076401631508737885,-0.0007537820587249366,-0.06193801774491905,-0.06871977941443516,0.0184972538641332,0.05992818986112083,0.03924203079153295,-0.022080075501784736,0.0012702825975098426,0.003780005735552044,0.00028703637096633866,-0.045610026995917624,0.02557734352415256,-0.06370468281784986,0.028082678004745027,0.022197198660195084,0.020688425368851446,0.02238050545035259,-0.04507270729248846,0.021272858145677,0.006039300913350595,0.05361564470876659,0.0014951882301239084,-0.00602526571053372,-0.0121408769500721,-0.0022328733382968404,-0.073180504648381,0.048114905226920524,0.020743839800361548,-0.030382620861366907,-0.005497297330164519
2024-11-25,-0.03790152238099709,0.20577214304623326,-0.04184920652251167,-0.037125853364941196,0.02557939725729678,-0.007829365165734962,0.13594993174697675,-0.00432022333428868,0.0755606213662119,0.02692342391912341,-0.020773308228464342,0.04078440487539817,-0.07263978579724456,0.026463336123666973,0.001497976224556267,-0.016512430354540832,-0.009639502386696615,-0.006333563426484722,-0.0025523020709091048,-0.02592518117437932,0.0165451724223926,-0.006051212994127062,-0.013816870735464622,-0.034025260363783366,0.03695096893091875,-0.011446905529902105,-0.006126783282364059,-0.0755569672620291,0.0350697349582049,0.021724707068429695,-0.0070484654102331065,0.0031510279357671697,0.02421263756047217,-0.020311468074944636,-0.0034477248946024374,-0.04738040312903449,0.018912029802868307,-0.01374188516221017,-0.01276678179726857,0.020952540398133847,-0.019250546834281467,0.0030538083276193703,-0.002347018589667979,0.023746151033794464,-0.0034262766791116747,-0.005432348616183057,-0.006634627928654891,-0.02162167579159269,-4.4259135576702064e-05,0.0006173672378298941
2024-11-26,-0.04755376743370962,0.1959364387641203,0.09840218503866982,0.03132842897102475,0.016709591088440185,-0.017215115853745574,0.0011950967844633436,-0.004070133498158224,0.059174979708676585,-0.0752033439415133,-0.07927977022113465,-0.06727452435731035,-0.04524276104942735,-0.0030776140058597808,-0.022142690889372412,-0.006354701972126601,-0.0629451586446117,0.01618802096028183,0.008962502743330006,-0.00816334179435853,-0.023217562417869,-0.000512437109170837,-0.015158242889592938,-0.016692737018478572,0.035764851051629874,-0.0016400186382254495,-0.020090903322385795,0.04841910499650568,0.006899364283663633,0.03225413567994281,0.0356663530090098,0.03136078408199457,-0.009087294371690707,0.027929309776974446,0.018844648823554442,0.01621190208001814,-0.009188073536988684,-0.026368246141620814,-0.018009240747947148,0.0023471671956677756,0.01912745576388346,-0.005537850044666903,0.03344083722261097,-0.031215376318269754,0.012062589335096425,-0.009952821904228243,0.016717070293956214,-0.018085714903351216,-0.009294295169313408,0.005237692796049986
2024-11-27,0.1611243783926976,0.1151825171276801,-0.14829296925065666,0.06348585969284591,0.05608255002663041,-0.003869290625842179,0.026280372153907564,-0.09118113275893533,-0.0005453644987496498,-0.0723730599898919,0.056551433783864215,-0.07532489059823069,0.02534747610314485,0.01608429379319178,0.008744836480567647,-0.0012986472132516774,-0.07070198613165929,0.03090977527754177,0.01280032864462241,0.020975119881594985,0.05198239610763064,-0.004555524273887449,0.03598299261984438,-0.008661329782648837,0.009933766998100323,-0.02288082041097224,-0.060026207182883394,-0.06778772313509199,-0.009582113840235862,-0.03863261104745167,0.02005690724087192,-0.011310998796867687,0.005804292997721696,-0.024763377678580945,0.016322763046148967,-0.0007247481800495897,0.0073660548547378,0.017000567763471176,-0.008827644226017449,0.03211053502175769,-0.030522597650011127,-0.000999865382283834,-0.016171294061057977,0.05954337363044007,0.03736874385931423,-0.023499481147755515,-0.00561085552744829,-0.0057415736449032365,0.035240087034133616,0.01751258879015171
2024-11-28,0.30576322628527297,-0.18086567573197257,0.23853028815335645,0.03229223553068855,-0.12308247200221245,-0.09284377047487608,0.01096644959490398,-0.076655004820862,-0.038837010207255926,0.024397420585440678,-0.03788217998546987,0.059222565148479026,-0.014361231680939866,0.03614381838135935,0.03611016668875016,0.0636620450118721,-0.010223867960267204,-0.0377974438908596,0.04097299868834153,-0.06716756120347567,0.030310964325270754,-0.025788822829817547,0.01651222380242183,0.0379185625323567,-0.018633954444103464,-0.055046955360304094,-0.014122314634968146,0.05649462795455282,0.008117194198157898,-0.03051695352821866,0.0059602859192653245,0.04081654340665385,-0.03553876311040747,0.030188802119054243,0.011926876524238171,-0.02289822743362582,-0.004669700565433845,-0.010989816474237817,0.05775620127972478,0.007762337021762152,0.02550420649891197,-0.03358558173195842,-0.002024989421694972,0.01785237283285489,0.019129897115430464,-0.048606504015849525,0.025638665922045875,-0.002650414281781167,-0.003697311964364698,0.012371056107949469
2024-12-01,0.11836249251455247,0.02340832556855546,-0.02011133616739057,0.11339370980187238,0.008404553166752655,0.05241646662329892,0.030148997663601865,0.015045010438490932,0.01115634635982657,-0.05345114958174294,0.1794544271090182,0.002992107262332438,-0.1500721705339518,0.1878610668071512,0.02296000291435504,-0.04008941224084482,-0.0003323528610138058,0.07262186625069722,-0.023592187865666484,-0.05927089150633464,0.018562564419743875,0.049102801938834324,0.03356504945130262,0.020628609160168034,0.0049248280725392125,-0.002782688819521936,-0.042971154323837656,0.025881225189518225,0.009856289548460032,-0.03704724838863804,0.07074023276888075,0.05173795188355915,0.10515060149757752,-0.04934916460669976,-0.08420517108606113,-0.057751334384521125,0.05597948699906709,-0.011627313665514692,-0.02486507887835734,0.08989721230410391,0.017885526239420853,0.03583233829677127,-0.01955030648332584,0.01793724949647558,-0.006212984910196198,-0.014896514187720436,-0.010331928102715576,0.053615622459287124,0.028461483247706074,-0.014447293000776783
2024-12-02,0.22689050941774794,-0.07107027135560214,0.11538777584488719,0.14215625247989205,0.053454641282099674,-0.004763122405504147,0.07763486889779234,0.04967890835120829,-0.11575171105724245,-0.12238748066607237,-0.04979121880194085,-0.06983775204462764,-0.05407966716801425,0.008145425909811401,-0.05339272033236127,-0.07362506062630748,-0.0031027134618686887,0.05562881707952418,0.013377621290074925,-0.019542362222157886,0.000863081826744859,-0.08271642570090224,-0.024147139348645073,-0.013026094131343958,0.0567349918284116,0.09358696709344888,-0.019187220380250516,0.003225408762472875,0.09261304812274655,-0.02070206988869367,-0.015465693270076662,0.0069665549113234505,-0.005707561237753523,0.011913200759717245,0.0070044458705036,0.052061057842034054,0.00025415177553148683,-0.010080229344381164,0.027089480890721756,-0.041317094368337665,-0.03698955163906617,-0.023344788198247892,0.006700942594611054,-0.0077275630693886925,-0.0015805473770407735,-0.02708344466283109,0.009972432812337955,-0.006466845938507882,-0.008324616016356904,-0.000667224178630269
2024-12-03,0.11696529259946084,0.10843585202947596,-0.11866338423464046,0.005119051095601434,0.06861298634700978,-0.012657805421702594,0.12459409363511685,0.08892573193081192,-0.07953762988122416,0.017020608931240338,-0.0917402766621324,0.01759897984530245,0.015090320618318028,-0.02950561424932658,-0.02584945492022475,0.02695639540290273,-0.009431926782939337,0.0012790603687392302,-0.03418706085693612,0.03150338971570292,-0.04713580531504337,-0.03186615685725803,0.02132539266045829,0.016493924116045926,-0.03871224743058247,-0.0025583298060124432,-0.058186856489823365,0.0022569330033449173,0.03236348881520706,-0.016746758372345707,-0.05917862124549189,-0.02841115661130035,0.048828863324774964,-0.02737367154816248,0.07285451327138309,-0.02211896871583017,0.007667619233658033,-0.024356475131179486,0.02408817485960398,-0.02381949445939474,0.0006599634095756053,0.011671918773888316,-0.0003990430325811715,-0.02245736246957576,0.025949340140781967,-0.01894566440688737,-0.0313579393902107,-0.04680470571914373,-0.014907691882771757,-0.027690460849396685
2024-12-04,0.11657758567808604,0.2807092158176062,-0.0791362931259068,0.14488807028080664,0.15722123045342876,0.07173051745095442,0.1478664988878975,-0.0039883211764408935,-0.15374037286110692,0.13285056947387802,-0.04140540673148032,0.1575874150645538,-0.012181423310045446,-0.03958751674754005,-0.03808270850049092,0.10484076863166601,0.09981945805771775,0.02655361289588365,-0.15099608698861156,0.042213761258418483,-0.09649664424668251,-0.02685128977583829,0.10444907434886626,-0.030537981917270987,0.06148490824713712,0.03993049233424042,-0.12774318009920269,-0.003387106352952528,-0.11328672089464188,0.038186650349657014,-0.04224672600988779,0.019613074860012968,0.14174849442881912,-0.016670263003511064,-0.03981965819935045,-0.07113207728795222,0.04603754483043365,-0.07168960252747128,0.017055138565666553,0.019918986670844848,-0.008562313288752618,-0.07424520822764634,0.08194396476646842,-0.08316162103675502,-0.0255976671881451,0.053732956687573316,-0.03976643516766386,-0.0038714620133546234,-0.023065910952072215,-0.010793979327051879
2024-12-05,0.1459848201415759,0.03305866961641485,-0.17649979131597707,-0.07348331013125343,0.14085665120499352,-0.06989719802460964,0.04558783155941956,-0.09948686920485339,0.03356326888305937,0.015049835016860783,-0.007167929610973565,-0.038821580919441954,0.020608062489502928,-0.09849214391062014,0.014956901252839617,-0.0310741468148204,-0.02154397814730908,-0.04021418104337556,-0.0019487152820324837,0.0026359550720453507,-0.03637412384814169,-0.015147791582058387,0.0014330936083352835,0.02119896580096593,-0.04592678886103906,-0.04509309563769837,-0.040981787925090093,0.01809245024694034,0.0746543466917126,0.005997627794949368,-0.05926272997993745,0.0017909689855087924,-0.004126312558144424,-0.005626864029768123,0.022807020513345374,-0.03355565014514959,0.006579199628832396,0.00195029775438013,0.023915435653190324,0.01941274767983596,0.009914263032642189,0.01615036568895679,-0.021960512510426182,0.0009584185301355356,0.012110518366388115,-0.019625086554223896,-0.01094260172095795,0.01128618298987501,-0.03419828889152646,0.0026169086537886667
2024-12-08,0.148145276385853,0.2711534288018485,-0.10282031445787551,0.15932371099786838,0.20744875402807655,0.10905878262006997,0.18005991440280947,-0.02121873745386682,-0.12146797790731373,0.0357130977968935,-0.002650453918175247,0.07956330203424969,0.009549221582704026,-0.05582050447122188,-0.016582921143953894,0.07633546486271968,0.06880983739135885,0.048857346521646056,-0.16671784383988578,0.018120307617812272,-0.08652217502786261,-0.0908871205335042,0.06327624966060856,-0.05939498834753142,0.06284751904963437,0.07399762689896834,-0.11535588164800745,-0.016789449385486904,-0.09034265620679059,0.05257234595969723,-0.11039188456860481,-0.015033763517109559,0.08273090453153069,-0.03729352955378164,-0.021203328977693038,-0.053147905727343694,0.0182729155263289,-0.06859295702069096,0.013785762499536577,-0.011620279535738555,-0.03146007605200713,-0.0929214152848746,0.07667483746232842,-0.022286592562612874,-0.06469457168284276,0.06812671867342163,-0.05026612429649827,-0.01746597575457533,0.007024721317247497,0.04584030785112687
2024-12-09,0.18260578730783456,-0.1269725718720065,0.05082514668629311,-0.016482396842964913,-0.009290771352925574,0.16221252410521927,0.05232229483081399,-0.012053970589704702,0.002267001501362111,-0.03451908382082184,-0.0766043625017358,-0.10916737499518768,0.019384315073957083,0.03179552329569408,0.012320870175290453,-0.01636107570686329,0.04139264560959313,0.017922336834021918,0.012008006559639937,-0.03293255121151215,-0.022972695925356952,-0.03437124098944479,0.009706754906752232,-0.00758195247106399,0.01385254356920842,-0.0007626958660830279,-0.005438760886832218,0.008253752799137254,-0.043730756658528575,-0.007721985323922573,-0.021969108252945,0.028287178815407328,-0.02054602064958494,-0.010849976597217986,0.04007407685645358,0.021035243921207283,0.042942170023336376,0.015672802203543404,0.011002619287831458,-0.00496894170144067,-0.02280039184972208,-0.015331981561114108,-0.0003880929949010457,0.07042212214803963,-0.03444053783379631,-0.008085088839141651,0.009316119922547193,0.012049406809712658,-0.04207156988531214,0.010904177164241977
2024-12-10,0.1922883709289329,-0.1100977741783874,-0.21673927784393612,-0.10575720112785145,0.08043563025599869,0.007894036223397828,-0.05015125756014995,-0.1102523752402295,0.011129219990108054,-0.09242308744489822,-0.05278555128598229,-0.006298642974053473,0.09664327448022918,0.03632538053988291,-0.004074572135022272,0.07687482124579785,-0.011176721975591405,-0.007567791511815096,0.008960179635012989,0.05813363214314343,0.039281213189033694,0.024209196465439595,0.006467035766427477,-0.0219499803290343,-0.005163960350203936,-0.051635234610633164,0.018662917433937037,0.0053120475991975825,-0.022964469796913432,-0.01705935539834793,0.02624011045925626,0.005851484612178819,-0.015983542542825763,-0.026669546984678043,0.00586365907763716,0.012117320796371267,-0.0068412508234026335,1.5907748528641443e-05,0.005738159917109192,-0.0012185999761537439,-0.03458518921437136,-0.0062562089910276645,0.0035623675761235893,-0.008822316701310971,0.0013863134567161425,0.010360698107758238,0.012398352454379123,0.03254184834839369,-0.020604530559735837,0.022633114445191845
2024-12-11,0.18818973626220845,-0.08781463888191599,-0.31680686985872264,-0.1431044699552751,0.05410618454103298,-0.10176282471676368,-0.05789622361441292,-0.16710678887219063,-0.0455285481987602,-0.08419086676418709,-0.046503231403815716,0.04432967015414681,0.06983436482298924,0.10839970664074006,-0.04299597472073654,0.16537733595447418,0.04548593971128064,0.011583585028470598,0.06227716315898638,0.12078674096270772,0.015421898259295574,0.06742672315545666,-0.06041444748496757,-0.10862377626303381,0.03590453737740776,-0.03174224256094882,0.030320563453381494,0.10980447901838437,-0.009910943979831466,0.035455772058886406,0.048396940426845565,0.002218643779298906,-0.0329119373738779,-0.010538531479578726,-0.0017643520494261167,0.00807096357254048,-0.004890382473235658,-0.039337888701651724,0.007665523092270429,-0.024256899600711482,-0.034334356521943395,0.00241936984502927,0.0536847814049969,-0.038364397286706695,-0.03174951482093915,0.009321630806895253,0.022001981208724965,0.043925517052114164,0.01109562616539269,0.05057244260049577
2024-12-12,0.14114494159994725,0.17779681191081417,-0.06105162455440219,0.1286915061273326,-0.08406799123522317,0.0022916793038880437,-0.02468263261277522,0.024278031092506088,-0.04136187446504173,-0.11703810812257112,-0.014800399571700953,-0.0970267169944438,-0.016284652495444047,-0.010391538801114928,-0.024891599852555672,-0.028122517810958505,-0.0011444893188090341,0.13396767566451034,0.11226104262362782,0.03260909881497884,0.10586973208560949,0.023643957884935715,-0.08126184349471394,-0.05369137745243943,0.035114588467198615,-0.06390412071832186,-0.050235981287623174,-0.04169792388537547,-0.04231884655757638,-0.034715838339602845,-0.022302004834634914,0.020540824863116963,0.03373582624190574,0.0010190694595828315,0.017629501667554386,-0.012478958707865417,-0.04475327393686406,0.04972154852400719,0.034045839604161535,0.05190145916225005,-0.03054196064293593,-0.029392211207026953,0.02252489791869185,-0.006516444724644981,0.04196746876464366,0.006739627303681344,-0.020096009487979623,-0.009844289214601502,-0.019609311305227434,0.03693619014612522
2024-12-15,0.0716294752197276,0.558445155218624,-0.13261262406967383,0.004175538449594338,-0.22717812958006145,0.05475919826229461,-0.22753997978815663,0.005012324279524007,-0.028676982043024647,-0.00047140089194596595,-0.007222398965260824,-0.07435938907348467,-0.013159547514572193,-0.05986920720043172,0.019321515502895223,-0.024643381071723886,0.010974861445391929,0.003322781476050168,0.015589789342061643,0.014195318728748232,0.011008731759438041,0.025429679758867275,-0.022217712272830273,0.024432373611484603,0.006222003951124144,0.06542867444223621,-0.0027898470270142453,-0.0002723395702574131,-0.046293128459765895,-0.03362240751510722,0.02134248938549642,0.03861499803364154,0.009044324144835244,0.02789176814764832,0.03265775511096573,0.0055579038299839005,-0.013854568059590497,-0.04458408620707083,-0.006861475231493064,0.027008088097918898,0.01797153533337745,-0.010073600137223962,-0.0015647743464490727,0.04619884265759927,-0.03276096179926398,-0.020553411987712968,-0.03934382697641529,-0.010721926251247273,-0.026868386848039588,-0.02624285719993141
2024-12-16,0.1305809458454264,0.11912653595469633,-0.10189297418018124,0.04517678250726381,-0.08947937613722172,0.010894958390661819,-0.026263037392464765,0.0022328768201512078,-0.030216489010024446,-0.08635671582506453,0.08292921872946768,-0.0041782980376873355,-0.10860477208451713,0.09946993741749376,-0.008561022155877104,0.006086863257102161,0.0304570770219415,0.042857416456134924,-0.022061510044149673,0.0001709112577444787,0.06072289019864368,0.09049753634633004,0.0094364982899944,-0.030270624096862202,-0.015290626158251615,-0.01310082712222164,-0.012679895058724243,0.020157337952314273,-0.052146157982515505,-0.024947133264804182,0.03922556195449196,0.004335500246755977,0.03507800544603474,-0.020958217186107155,-0.07300840220418338,-0.037614373834348375,0.04970375130809765,-0.008952524677851664,0.001392916812660662,0.06907862756807555,-0.023009266186667363,-0.028589537549716038,0.013953604946506793,0.012252312121170754,0.021433058276941547,0.0005719667563494527,-0.016809836668158034,0.023611833711629844,0.023153965069788948,0.01521742202191012
2024-12-17,0.26616419994947627,-0.1638622615059578,-0.04260811270546203,-0.06020697323196327,0.00853877461666736,-0.08884316968508531,-0.049207866372186555,-0.06367915369699371,-0.05843877880445549,-0.045768016944782906,0.054757463900966655,0.02196644522865775,-0.010563679358850095,0.07483938665107788,-0.028143575336592338,0.12675924705889222,-0.011760933015510776,-0.033008501805311743,-0.00781811589964104,0.04121076507368427,0.007946191570687648,0.06187589337669029,0.0026641048142267954,-0.019258446549709995,-0.010582006201940506,0.0465238865931823,-0.013550203480061258,-0.023833643886841727,-0.007258235020476378,5.220315644591792e-05,-0.01616163920592681,-0.006131640245757514,0.03414373847937351,0.017796506127339875,-0.0015820726529665655,-0.005744221050162133,0.028740936991909074,0.0002258227071423424,0.0005592726238487549,-0.03948084468014289,0.02429948805545043,-0.060012028772898664,0.020475593575019303,0.001331744265557159,0.00025052776410045615,-0.05777373867773289,-0.0031216472225583046,0.005777861383686087,-0.0629810584986995,-0.051835745282924124
2024-12-18,0.14927287828902866,0.09429891985744485,0.025731103451705775,-0.08235468143637974,-0.15632315364442834,-0.09985602107412347,0.06295962125648912,0.07472652144939101,0.05057854696942493,-0.04229198849286821,-0.02062481476593672,0.01394173925761416,0.04060466340146487,-0.028408492374298367,0.016501554599721403,0.018197940307506592,-0.02431409356352572,-0.05973867332119029,0.009457738967451916,-0.028275324080018347,-0.007465111792572444,0.01726838126788511,-0.015405589460321882,0.016019207120519578,0.0028156666018627477,-0.010380104432189964,-0.027469040565776447,0.005496446710310184,0.028880718292106228,0.022866251210565406,0.02110608544684957,-0.03275046353021502,-0.01375919159382889,0.01486922951038995,-0.04103305804988688,-0.022258551982086025,-0.015363016052731418,0.006736356790191168,0.02651165670327937,0.010426751557301222,0.0028558489118422413,-0.021250369071425648,0.007178044587540268,-0.01834170029803942,0.014616906570428323,-0.021314227626376366,0.027042172029917655,-0.0017032588167505299,-0.03645789764384286,-0.003088863358877776
2024-12-19,0.08435487937681159,0.5269465918307767,-0.07622261439217749,0.02953436636631135,-0.26526067160611205,0.07313551209576752,-0.23334947325363,0.04850591824824943,-0.03236912760788455,-0.046681687479528236,-0.03622165979647379,-0.029791554111100578,0.01604495625034545,-0.03499021096812459,0.014099482243123655,-0.00483805950702201,-0.03127154920156703,-0.07182391560648789,0.01256833070378948,-0.023097871163801964,-0.011463317373537573,0.029969682280508357,-0.05293722077915062,0.024938265780540852,0.007337486283297353,0.017647923244914827,-0.01895632997619104,0.05003375588267391,-0.006781147914977191,0.032571633469821025,0.025952636701271386,0.014194045465120498,0.019606414932718325,-0.00028075590255917415,0.018424413893018077,0.0005587362688663563,0.029035739774623287,0.06358033530228785,-0.0027105235749603097,0.030351841659953065,0.023930913297091832,0.041798595458704506,-0.002302814649711158,-0.06472746786654024,-0.02165788734059535,0.04966635045090471,0.02579632075237406,-0.008945430176257586,-0.03308151824837705,0.04299303680792771
2024-12-22,0.20493616568496117,0.1202393799292191,0.08599481616787913,0.05767177559154396,-0.14670654790957802,0.03728974314926477,-0.06766927518381807,-0.018363256295533453,-0.06048109774853724,-0.05374041835482204,-6.613478722930826e-05,0.009506702671840637,-0.05342808692522215,-0.020788398713534446,0.018918664839179727,0.000572228682548187,0.07365695188877758,-0.05328994571229529,0.030013934586793273,-0.00949378061082428,-0.01486682836545757,-0.044919406876310596,0.0062948206073386494,0.023470110637153898,-0.008312981648675413,-0.021152357841401334,-0.08638868217262982,0.03700371544900258,0.06125913453947201,0.07870733545575136,0.025055159650942325,-0.0023530116684495326,0.0021474175557716565,0.050525032802833644,-0.04323967600965834,-0.05985742769551341,-0.04663448747568604,0.005962240272351157,0.020192902114595304,-0.008705537049845368,0.002135049093415987,0.03675647231802437,-0.07067131166772361,-0.002473345433959902,0.008368584800752947,-0.05187836023607778,0.04926670958691433,0.030442391893939498,-0.0035156551543710033,-0.03673380025920936
2024-12-23,0.19024889326071467,-0.037166990054038666,0.048930378403683375,0.03930502999226846,0.04969417840628902,-0.028612045446040783,-0.014903022990168492,-0.11312845020055191,-0.0016688840074186252,-0.00686993475302624,0.015216447423829722,-0.010186325792371251,0.021926887156390136,-0.08299660301084916,0.02559979277010108,-0.0016180031274835738,0.01044470344811004,0.004633712448874956,-0.03171834898122273,-0.050996299298466004,-0.026472771666872084,0.005123223866919622,0.011153945079535288,-0.024022613535886812,0.023812537364249056,-0.02379447067153891,0.012062153378854534,0.024629442877785717,-0.005818674238426294,0.004224155846459885,0.06152529184782294,-0.0010923625970964055,0.06876793619959053,-0.032500961327130366,0.012278686132302092,-0.026751200984683126,-0.021256710551096077,0.01149934719963049,0.026097772759683224,0.01870952857927935,0.02751019465391405,0.05191032342009624,0.0004891583718300627,0.007516365453705393,-0.006526285403318278,-0.012872771496068375,0.011883613373383443,0.004739521731085497,-0.011033826051823804,0.04576186171969588
2024-12-24,0.23056038235835474,0.0914132907372544,-0.008826097205045423,0.011931922369614264,-0.11293467581203356,-0.025671541805710234,-0.08141488617093033,-0.0594922549149069,-0.0011378504563176273,-0.020199757779557112,-0.0162487837020615,0.020580315526696667,0.0012090444490661214,0.03635596957585905,-0.0003599488178738057,0.046740896247484516,0.01611208983273239,-0.03327544828160781,-0.010357947030605231,0.03488378825222361,-0.01702899799585167,-0.030727542273445103,-0.036701417298567574,0.018444996397461534,-0.020091601135421248,-0.009965769050615483,0.013057573760822491,-0.02740710160304824,0.01565530234679112,0.005777451167052592,-0.012745527693368027,-0.003608137121252899,0.02768097080729545,0.014659293345363677,-8.186012162330974e-05,-0.009838843168204325,0.013854567777463106,0.005547873163057683,-0.005650388161345195,-0.03097755982963985,0.009426258999011682,0.00020211323863575349,0.011011108932181893,0.015120106459371849,0.006910820823517994,-0.00950373679352445,-0.010079588541791907,-0.0036630483210999673,-0.013717544960760502,-0.0038062847714648634
2024-12-25,0.216371415518506,-0.17158155417856133,-0.1956918676442844,-0.0927053319467983,0.09654010225643933,-0.08702559575391014,-0.10509683883768633,-0.03081462377885963,-0.020159793180876844,-0.10550114180095194,0.010931605490354306,0.018239259485393722,-0.02093313735035022,0.13399469354515559,0.006450542836568331,0.07609016482388799,0.0592937053932513,0.012898815115286812,0.0027501567940593926,0.0507945836068811,-0.013373906907123452,0.03653602034838941,-0.019185538210211815,-0.036899642557713136,-0.02847633290739373,-0.007427201117705168,0.012591004068140252,0.036812478731224466,0.06254773545003978,0.03416564969341233,-0.02870985052155863,0.022413807344438992,-0.004578430969986367,-0.009717846668472526,-0.0008923540000961815,-0.0005694202528514077,0.029540977284180134,-0.00724938824173004,-0.0012771414072188006,-0.004110938626295415,-0.010080993015061507,9.046583066979698e-05,-0.0075349200564097645,-0.012937350698042941,-0.011183807045427492,-0.0013708709282330214,0.0007106312065321144,0.010648713168745423,-0.009857153636337022,0.008766876153647586
2024-12-26,0.36237090309330333,-0.05141245836002788,0.3671264125083687,0.20641662225069446,-0.0708284547236257,-0.09532627598815034,0.02808096652202339,-0.06126710974132191,0.1074289498857352,0.039114599653785116,0.030965235082568356,0.023459490262028277,0.0584583246089142,-0.012142416143119155,0.02569517597813186,-0.015233872790093408,0.04310481281229158,-0.03324486821787676,0.007732678332758285,0.05216282943959169,-0.003011371052767285,0.002096553256780997,-0.008069920171197117,-0.009168770665016257,-0.04655763515621197,-0.005855824326218399,-0.030995415096069803,-0.03945256789883578,0.007981531941715886,0.008367364703514561,-0.01790351882811537,-0.01857573669895489,0.0015494213785643433,0.018484448662779582,0.015571629518367722,-0.016861095490969254,0.009233245240454093,-0.024827189925809345,0.005970540947135252,-0.03581770536572668,-0.0008756451648013688,-0.022421265994610196,-0.0032932871154320834,0.02919258363307876,0.008481006897289416,-0.028483646721780838,-0.006293847346148736,0.0001870379817078738,-0.005406172880975992,-0.030207881901025076
2024-12-29,0.1679118761002142,-0.008322674771817048,-0.08165508842440389,0.005399315929631201,0.026539446877278494,-0.010793923635878236,0.04502383528645229,0.010312513665066844,-0.05948842752806888,-0.032123783077995245,-0.047416496368939236,0.012520971108431348,-0.033972165878888655,0.04817946449692776,-0.05272973432100802,-0.0037554331894606493,-0.046689597106779064,-0.022655187097031685,0.06424566080581004,0.021034221379013444,0.027296978985215565,0.010096255124719062,-0.03571293336752623,-0.005199293106093345,0.0264881299494776,0.049081377184403585,0.06075386809237039,-0.08289492105645344,0.00641120274807984,-0.02118418584102513,-0.025987567913528707,-0.01331120199339154,0.0330478490873712,0.007910979476095484,0.024019217029793382,0.00357614422788558,0.0030511239454488557,0.011314966245480385,0.010993392935461617,-0.026740943538205983,0.022025201478492937,0.007765998605299288,0.02428259487740158,0.03435780591735266,0.004126605293577866,0.03830293168596563,-0.010655212452061818,-0.0317281989208984,-0.03859144230831695,-0.005928442844212965
2024-12-30,0.2257317953355545,-0.10656361639053487,-0.35793441192200354,-0.12627689146382964,0.07673358084990517,-0.11018193939885615,-0.04542916149864973,-0.19889610882112088,-0.02824068832294319,-0.09148234036507533,-0.07616957008310267,0.07091449656968701,0.038467038449794926,0.1628727466323826,-0.017601754801764943,0.14790136465882542,0.07714188938701948,-0.06185310595264706,0.006109686851298534,0.09157244072133025,-0.027194203669113355,0.026259912059346417,-0.07797108520282829,-0.050106647596894836,-0.010941048248175798,-0.00781276656863707,0.030144460487649554,0.09551076268421699,0.036448229845414265,0.02703135591485566,0.03890980725696964,-0.06035524081447789,-0.07766003268483976,0.04585304642987379,-0.03123201406901169,0.01127948465574751,0.007555055624687464,-0.008511258057955244,0.05573545942526995,-0.007880670499337068,-0.07978963135062937,-0.009066217279297632,-0.0329972187846642,-0.026467700328501976,0.018174596799952716,-0.01918813124556602,-0.030147743205085138,0.07010845309867976,0.025730939872365237,0.022994353239642478
2024-12-31,0.24307541211497874,-0.07122910825088777,-0.3276859410181569,-0.12227566396736494,0.09804283223097862,-0.16208822646558543,-0.13325709122976753,-0.15796765947598798,-0.0653582084465864,-0.04202759470017477,-0.0500058662471333,0.07706804502623976,0.08100353055251626,0.15227730224945843,-0.031783086830679104,0.16411297839807937,0.060308401933261355,-0.0026376017040412414,0.01567499019790454,0.09387060950014038,-0.016605735549323365,0.11819589982006722,-0.05452784659251035,-0.010907053768334484,0.02397891462633975,-0.011729185638115968,0.014845409951721546,0.1625979154489208,-0.04869754148505362,0.06162117390556636,0.008660548663188728,0.06843174768186533,-0.032181098112417504,0.04646705905246499,-0.05537087540728755,-0.009022900291286402,0.07061907268472975,-0.0008021904246169877,-0.032064172155382625,0.0005629434202618656,-0.08228997184265605,-0.03234411722629074,0.009760861188432318,-0.005828694007915421,-0.027905955267631462,-0.038984849061844004,-0.04061124305969811,0.042413781357659545,-0.0206490599516112,-0.01872637488676585
2025-01-01,0.060528652435461745,0.18715329858020777,0.017315764861567502,0.03165035519363521,-0.0034111033398097207,0.05386929346792352,0.019267933296604076,0.013607923449567986,-0.009970927558912235,0.050161752829628564,0.025710463455835542,0.021890889200505543,-0.0025711174242921083,0.02037785972605156,0.010537736134274849,0.049806229142016385,-0.03911875451741704,0.010007305555294584,-0.0011209998682715119,-0.022082319352501573,-0.02714927265404736,0.03611448260161228,0.021938583793052656,0.008838325772595315,-0.01697519427368878,0.007525286122700702,-0.040341188009720766,0.006639291411128523,-0.008564185440710498,-0.015087163292483602,-0.02489940113781813,0.002411842117644053,0.028797545001350212,-0.002078996682925262,-0.004548963740136998,-0.06973999188103713,0.05730922356814359,-0.005598895744513637,0.04711391668088244,-0.008430295593561635,-0.003191161765392273,0.04831091340053729,0.03303304326548452,-6.633286126144808e-05,0.0065416820767559385,0.02944427951390212,-0.032959925848867096,0.0414605560957715,-0.006184922175645677,-0.05780310152884563
2025-01-02,0.0729570113544922,0.29327118927507406,-0.08967206235901717,0.08630180319899747,0.15934854569980048,0.022533077480989427,0.2351353388033625,0.05900380325089314,-0.1256779512337458,0.1598813029773524,-0.15655149500604193,0.1582607621668562,-0.09695628892733676,-0.002523015523871282,-0.06634117909105658,-0.06855123434522294,0.07244780587106507,-0.04891119846783209,0.036622010679082044,-0.10756574389302914,0.14073347620172233,0.13576236658011154,0.07340022383479246,-0.07179953847015824,-0.006058997024985013,-0.025603783728345268,0.056361717087887855,-0.01581112294915118,0.04666134275900521,0.015339307021715216,-0.08965524451176797,-0.015536644379404533,-0.0481153228860132,0.09790582916999556,0.0179554872149404,0.08024096530378755,-0.041936925433027857,-0.0029249684741745525,-0.05647224813737597,0.04808571722242726,0.07575623746119246,-0.06688986841115624,0.01885909441160267,0.0011638749643408503,-0.02927797026888522,0.021521233866402,-0.020018181637814374,0.07621321758362702,-0.003923528848821175,0.04251883352955404
2025-01-05,0.390728008962581,-0.28709627999589116,0.3944864048689311,0.1702586797982388,-0.07903532676998502,-0.06605230810212583,-0.039412054433083155,-0.02430875158977781,0.0008816242236251629,-0.019258150102844297,-0.021897049929183805,0.053804341376012296,0.021524814923351784,-0.004548911151835668,-0.008680764747213009,0.05411565480908326,0.03287995658832256,-0.06962116097672302,0.04112092323971785,-0.031603672345372966,-0.04580463136600899,0.0031351478853904728,0.014204018787649686,0.048919379228989826,-0.03210830419645347,-0.09442726701548305,-0.004153975806719279,0.037201418547452327,0.08541119194345675,0.05810107806013675,0.03630408857314381,0.012890716970126214,-0.015079807210011651,0.07390510483298628,0.027222200336194755,-0.022597188873232442,0.015183979264212123,-0.005482511941500595,0.08110652302318234,0.0590186015466568,0.02611977529885297,0.035318384889319564,-0.021300152082096298,0.013921442818529695,0.03925410616150313,0.01608947403895951,-0.004934823924099543,0.044935820077213064,-0.020889170124466068,0.028121247624308236
2025-01-06,0.06464202127540361,0.07940918767448224,-0.05170052723627878,0.02369692496429142,0.07700013707968206,-0.030925542372172734,0.06958175662390428,-0.0180770239752592,0.02778938549963368,-0.030565963289682564,-0.04296395406735157,-0.049348546638276376,0.014045814493278037,-0.008121946773372888,-0.026664687973789115,0.011043795407587625,-0.048292346949736664,0.041318987787794484,0.049765924556756026,0.04953937449901541,0.0353424108971679,-0.014320369906556146,0.00978700516450855,-0.013902122483851446,-0.01271687713549742,-0.036887895443612755,-0.023845697917260718,0.00454554687828274,-0.010869235395373449,0.019885110293443146,-0.00882948601018728,-0.013256465237941774,0.027467256487439463,-0.021922501628997396,0.0405044429863758,0.020470912565356575,-0.03063350489927953,-0.013188724034782611,0.022967364053606207,0.012321024210229146,0.018609553607007688,-0.0037592208953435373,-0.0033748863013542984,-0.015976863980351273,-0.02284252162539034,-0.002888992672307022,0.03911623492733697,-0.007840697117535215,0.024135751501452918,-0.00014716301031885993
2025-01-07,0.14975692027511467,0.009602570331684301,-0.09553291047151569,-0.017134635136237194,0.08786329903687776,-0.006241810882067221,0.09101556170358377,0.07273354154957658,-0.04020682149979153,-0.04424174056827249,-0.007381528000137758,0.010923388519098989,-0.028745167813588882,0.0060505282079827,-0.044932281710190904,0.024688562057298562,-0.030124406125812988,-0.024569269830118545,0.01668826752632406,0.04254222618756991,0.0016588195103773003,-0.023908499575504928,0.04534572248433085,0.006957807095788604,-0.016407488686468342,0.02284252256793235,-0.014806120294047813,-0.020627440027395746,0.03472416453266136,-0.019697167123791035,-0.021075390712097793,0.0628746247303349,-0.009750786310407022,0.03501919599072407,0.012342804684354058,-0.05398032975210603,0.01331503388064539,-0.019680939281095267,-0.034035379406774174,-0.03254560369570055,-0.023598685797288625,-0.009648204226565647,-0.05347433081556302,-0.0009819171138268606,-0.0673930069293379,-0.03323966357985395,0.006391791763722716,-0.03311182777289006,-0.026341418549175155,-0.017852508650713313
2025-01-08,0.16303314537115707,0.09440312570086024,-0.010616495591282308,0.12774201051826334,0.10580391025019292,0.028596572660761165,0.05837787294654902,-0.02710490737009777,-0.037759924839322175,0.0814683974231325,-0.0005071487526739193,0.09467697777030251,-0.05515819457069918,0.07825429848999983,-0.056619223388969124,0.011346886865277713,-0.0063568804828527305,-0.04035253021791726,0.05996921695515395,-0.020796856821555434,0.014483181644508385,0.01988048118855371,0.04925677514881858,-0.023658863720982366,0.04060975279729459,0.0658882216496074,0.05832968990393301,-0.04537479016358962,0.07894285716881333,0.0005612745194661918,0.09462538738895879,0.05789339893659267,0.042029978954452624,-0.030498410146791586,-0.01117901807316382,-0.020301532244162455,-0.007699977623178882,-0.022273068989811427,-0.06231832010231512,-0.013029477009862213,0.040345165949373984,0.061412851193412034,-0.03903127604167158,-0.03283988927726443,-0.0072603369627441,0.02167577705142891,0.06030864656602548,0.015927178637356654,-0.05148814997020159,-0.006497710849620462
2025-01-09,0.17891958629786706,0.060951389537466566,0.05179797486614154,0.058724913333824916,-0.033390680987746134,-0.0034487933801994955,0.012767949482674061,0.0017996720074998434,-0.022878616607082264,-0.08518898523540293,0.030023913608134896,-0.04253445187450434,-0.0916435301275547,0.08085974604793739,-0.031589523415354544,-0.06597362991591169,-0.01463406866316906,0.02239758275010556,0.040437280032699904,-0.025357707798265013,-0.0021397112300505943,0.026807031223934217,-0.04734922685228436,0.006535606735300413,0.009375302276869156,0.00830740023294972,0.009477559579959176,-0.014936777536345505,0.017844550730251568,-0.006071021603077197,-0.002397759360637849,0.010536882250925327,-0.013333118855663637,0.030723896351239705,0.020714435212977018,-0.0284452701773513,0.011013075971206907,0.011515466652921793,0.027463231681387975,0.006649329729540945,-0.00455310151404698,0.03786945244368448,0.009133957136512048,-0.02457598251850925,-0.00857903205324019,-0.018771677563698963,0.01817064265012472,-0.02328491578935447,-0.025354766266848308,0.018061187366186962
2025-01-13,0.3272235619093582,-0.20772516082496267,0.34235292641826737,0.14348382636215107,-0.09093408944733736,-0.015408223053758437,0.020791490918823534,-0.04991449954362299,-0.027102849187165948,0.026590719011718365,-0.001560909746298762,0.029594056212014164,-0.06198015422400003,0.0017119607074818361,-0.0412880560429292,0.04388024220694856,-0.0012727851137031441,-0.02515432456306548,-0.05526375865675406,-0.0019807264802704522,-0.02888701254604208,-0.07845936408747262,0.056963110049907936,0.0369603571731406,-0.11571185948608487,-0.11651119334453192,0.022582141218531228,-0.0741929772952009,0.06866798405723974,0.03655431546284713,0.019244148533052056,-0.05701067603330029,0.032113003621830845,0.11942276587504683,0.053380079141867716,-0.09650330758282218,0.036434289247467284,0.027096561514540412,-0.009435466774819379,-0.10019188514218134,-0.013912609887667163,0.05022659214196143,0.07077137286174497,0.08468709179544599,0.03447585638209579,-0.11151331219819664,-0.04451205936240909,-0.0720084428335934,-0.06438211277492938,-0.03023990038535586
2025-01-14,0.10955001767032689,-0.010485551143097014,-0.14792209732488792,-0.3449521212354182,-0.26619444200926506,-0.26855621568039606,0.2209307106386538,0.21094691119450315,0.11448347634096906,-0.06502065151826668,0.016751548826851582,0.05552921340801505,0.06357488760139134,-0.07491704108997013,-0.023584734043579043,-0.018510965412632946,-0.09981789789141177,0.008829779560535366,-0.07441180495121516,-0.059580269182880306,-0.07109483000628894,0.0032017453658421363,-0.034516976217162154,0.054078275328691305,0.038832408037329014,-0.03428791196650749,0.10908757994914337,0.022719162634154338,-0.005408770888438594,-0.06432244515554668,0.0197157055235325,-0.014571318706207323,-0.024813977470450797,0.0979023041601457,-0.00798763922282075,0.021888196714593883,-0.03810286502191415,0.03599309368722808,-0.004282408321768229,-0.019619396657490195,-0.03050350347484175,0.008621670832247397,0.09920753211822281,0.01946156316491616,0.0841897947911834,0.05134651332996597,-0.057188925538212754,-0.04089932244792871,-0.08299007091385202,0.027502991353331514
2025-01-15,0.13549704250346065,-0.008656211288934262,-0.11141571012335355,-0.11800301027427165,-0.02209166111766486,-0.1288650287025903,0.04851293680573228,0.12311555947658363,0.030611670576917136,0.051175976142688144,0.04774043150402604,0.012421881918204267,-0.0032606860234145893,0.03163912812135404,0.02973933089237758,0.06750469029605789,-0.08947171156950155,0.02876551760178628,0.03542494142791599,0.020445854962075228,0.01882125568857687,0.01458700063777,0.03320128851798252,0.04861136103912627,0.03373015452930105,-0.05585662228700957,0.032611896775662785,-0.06678993915408643,-0.07187280851885902,-0.03627217612568901,0.01214043025643788,-0.0021886668569515524,0.007707565125736002,-0.004645359040474227,0.006396993157558337,-0.04234391152310662,-0.0558608041382048,0.02646591437745229,0.004398965089160798,-0.044555864961007954,-0.014996124668752308,-0.030816317985141253,-0.0034846827840509906,0.012433470580893224,0.014301389530362842,0.02752438074012725,-0.004598472407842901,0.031576206868890816,-0.07567567041421211,-0.011603372647972095
2025-01-16,0.06826849837656382,0.5069414314785053,-0.11749527532188599,-0.00011942400010577159,-0.23449018234933547,0.08109296115798031,-0.17742873145460894,0.036075711405477114,0.04449996874786786,-0.08548391400136773,-0.014979553399659073,0.009501449535628835,0.012407813702829035,0.009477024692988905,0.01706579419021334,0.024580168368833418,-0.07843103329922482,-0.08003045666837778,0.00794452044037044,-0.0006209627598925335,0.02524989281704166,-0.009530657590445763,0.002863954862058967,0.03768600293378277,0.03235577791517974,-0.012962417993296912,0.02534453600086231,0.0029902851239019456,0.038168430450711,0.07427760834482451,0.03255321676977789,-0.024083262166592716,0.007741486854152574,0.05654731271856769,0.020058930251422948,0.016972435082799844,0.010797741593051932,0.0025499193788133994,0.005773914442357414,0.07354140104624396,-0.01560047856027695,-0.01215174867479477,-0.027481592928817588,-0.0309591244070305,-0.03366836364237066,0.03496763755733959,0.037937500801993665,-0.009471210193100883,0.06609742075265787,0.009257089868719905
2025-01-20,0.019807186033276677,0.06724617763670078,0.2826058569257893,0.048368217903247204,0.020287512321137093,-0.024371936494031063,0.0230576331874764,-0.0742593851875815,0.14739934894925294,-0.05130838256165373,-0.06553515160224514,0.00024815407070056947,-0.05045295752723723,0.032170987339515185,-0.035622737980540116,0.005281235513442809,-0.02741748501138614,-0.057807517862825814,0.05257337243605471,0.015369909705824206,-0.10271924104567721,0.01456736294496548,0.01568016399103974,-0.01515913554421362,0.05575328098944604,-0.0736134967035414,0.017121786789700947,-0.01112060990957175,0.05034987104310023,0.05177889584697634,0.0011365976553619015,-0.022413462795195863,0.014353642012787141,0.026139153224345395,-0.014630930347857217,0.016567148021956312,0.039937851242407695,-0.013522117151295435,0.0019075692603188542,0.10839836053898988,0.0050026308647394685,0.021447887430285032,-0.03721379471058069,-0.010797410268214746,0.016418136036595865,0.029697622679416134,0.03122784135722933,0.008316819916098707,0.04608637682167104,-0.007728327481638816
2025-01-21,0.18788996755811832,0.030199956397473488,-0.06394030871888826,0.03478335559521859,0.08602851232943073,0.03219151479498158,0.07188065974062736,-0.027664743013382655,-0.04655146588386472,0.05202329261026326,-0.029232515284609434,0.006945809493284509,-0.006823279404374769,0.04793483596654436,0.011051847219705502,-0.033914357678683074,0.005716990719646074,0.031991315801503516,0.014790457436295448,-0.01543324611003947,0.012791319380739824,-0.04750343487727287,-0.0008910094482652954,0.007654419942275344,0.006484815314662892,-0.0036296495416164717,-0.04165818504017367,-0.006251661399220584,0.012672255039712777,-0.006631660407540668,-0.017482673032814245,0.03399198309449882,-0.02203205335630021,-0.04388773050498772,0.012760362428704883,0.010261737006829317,-0.004154310869429834,0.02537053078554657,0.06989097177681677,0.008827744165122137,-0.008419160774066894,-0.0023828091106816514,-0.007922879400146505,-0.02784963987613193,0.016391763966089958,-0.0031251434608605237,0.014959429195425894,0.008964270661981097,0.000690413789881656,0.01828659170210044
2025-01-22,0.09933022278819129,-0.2160232487249212,-0.0912420268495121,-0.027063278834773184,0.4836804527147005,-0.08197594245191456,-0.4131811882029864,0.40672801855349444,0.11533167485245766,-0.0846974687018979,-0.026649946709643393,0.03435235627038562,0.0051438728926563645,-0.03365068595766942,0.14521842529917617,0.06388055101536291,0.08187532271258108,-0.004051113379758387,-0.0010019424417086079,-0.01594567411692469,-0.058914669897216644,0.0055439035988214674,-0.017655528530636382,0.009418156552037463,-0.06684527608823251,0.013611062390127916,0.02728340043560915,-0.07211404349970742,0.05809555427233562,0.03459974085043019,-0.02256077777353909,0.015627077990333266,-0.014658435147925078,-0.04076571343655261,-0.01565140306175395,0.02004090235807166,-0.01338762489429493,-0.02651798451831278,-0.013183382928714895,0.07319612346196261,0.01224600582775492,-0.015154698315050855,0.023160111388876435,0.032575272021165454,0.030816757811420577,0.020850908553856067,-0.022496015132387213,-0.02584593336034513,-0.007811395764237062,0.01941000939624908
2025-01-23,0.21400159553271308,0.036282676693570964,-0.002960385645051305,0.006882949481658634,0.07490691195898083,-0.039777795793222236,0.008732820096656638,-0.06786501897287758,0.01003851702824304,0.09303388027635681,0.002569055933106628,-0.04741423378146113,0.055464185120425565,-0.04316111782042839,-0.02623970257627264,-0.08657930478858739,0.016761154757365886,-0.01662709590333969,0.028021202105993237,0.038836809114192204,-0.040040608924138736,-0.004708199634294135,0.06640741910496775,-0.013066854677149561,-0.046790440097542324,0.058441157685049205,-0.055042125745852384,0.04633721904081,0.03947612360016351,-0.005130058552982261,-0.041477923596861074,0.00978965855973348,0.04850597128425504,-0.055787410495482435,0.0013163758139019778,0.004489154809644935,-0.012403345686473851,-0.006678660080182671,0.03463337324901898,-0.009433457236127337,-0.028560156725060258,-0.005626661084430957,0.002241946810178176,-0.013224941071657122,-0.021244907198441437,0.031530892010137604,0.01506262738069991,-0.017629161755903826,-0.0004789428781042711,0.024268881152804782
2025-01-26,0.03854967861703163,0.045113256357282625,0.02555363771708758,0.08756297455346361,0.18672305627673835,0.035495496501513214,0.014951339687160501,0.19835722154793656,-0.07303128802462472,0.024153167852299217,0.008299953046622708,-0.10718580599255345,-0.05482973122738129,0.017871996252408262,0.07761068261404518,0.050010175781320915,0.12229042991011821,-0.0582082740333344,-0.011109893773727,0.04531928810249975,0.04899508026947334,-0.05952503812318407,0.045867040407301884,-0.005773502512768202,0.003441529556662235,-0.06819293049090135,-0.005082632090522157,0.05169841434188459,-0.0755525022048076,-0.06236642420059236,0.03482410407656627,-0.11401230453201497,-0.12255567829704517,0.04903779867746123,0.0011824623140169672,-0.029011480131074435,-0.009905014778416512,0.0672757506036878,0.04932255955001042,-0.07853016922926494,0.02921494957544622,0.04983958299160608,0.047872178231095665,0.018121751120685453,-0.03152438178300306,-0.005962530195044402,0.009043442058871603,-0.0013463703675524804,0.03629456659493373,0.004623694195136234
2025-01-27,0.11402456312264342,0.09018445713223094,-0.027902909944341543,0.03348381218214841,0.046600993887871985,0.010237528837154083,0.04001685496400912,-0.0010913682183945504,-0.032483576679932326,-0.08461218646583844,-0.0035814743583436185,-0.05077228994069899,0.06319403518344807,-0.0336155378436274,-0.027676429064456956,-0.0558353029151985,-0.0035053685095505493,0.010849984695956865,0.044632046215463246,0.013186551812450044,-0.02392556457824504,-0.01193482798278283,-0.03962104582815727,0.051891729839431036,-0.019624604871053036,-0.007408303332144067,0.011450624959189576,0.0008590708906127095,0.004601193983024879,-0.00858415178707497,-0.013290457374341673,-0.0017738021985188965,0.013845418073676976,-0.011570119217078411,-0.00921403354188021,-0.022168261450512722,-0.039022455509236165,0.0015837685131756586,-0.015988800514872913,-0.0016584461408620218,0.006193229048021507,-0.0018091089889335974,0.035588865760899896,0.01092305941826755,0.06042866195892266,0.043673500993736826,0.023616520660430608,0.02144187454007682,0.03138134706945888,0.030541280074603615
2025-01-29,0.3349374716617253,-0.01526813972156553,0.33401526835780815,0.27654645608569417,-0.12249991961949824,-0.09157813345145023,0.06260850463039609,-0.0603480795403605,0.03984451912282499,-0.01464457684311429,-0.018466660125165443,0.038275279583646606,0.09021032802437619,0.05238416427507244,-0.002200461201701551,0.034732899011220994,-0.006094320042000993,-0.08690492973453977,0.028827107498152454,0.00994122456293304,0.017383513385997137,-0.025743377088221508,-0.03822051396110804,0.022903577228186763,-0.05135548845747818,-0.03210911416380634,-0.04234221805698685,-0.03138640460332336,-0.003479876693497406,0.00663639463111636,0.029013735670925703,-0.048488706714119055,-0.005182395042042361,-0.050924369283553844,-0.06131442834177777,0.015590180519657517,-0.006634355377372042,-0.03544397699043217,0.02502437876899151,-0.03472130101941215,0.02201804431998153,-0.004706081330772862,0.04534601028583319,0.037726145010570554,0.01480457562824977,-0.05170058235101986,0.034471054299711215,-0.03968470706091051,-0.0663080423549808,-0.03994327679601826
2025-01-30,0.1434926323308794,-0.08332905342162873,0.02134883165095414,0.07831932009087635,-0.00812143147921122,-0.009933041336354715,0.06833706678008138,0.12336630514766883,-0.07568288892465962,-0.053585636590125676,-0.031233026159630698,-0.10487429003835219,-0.03732037734495268,0.011873425463040857,-0.08225759253637226,-0.02725466040448259,-0.041691686150315814,0.1584128867657865,0.1525186961910338,0.0360492537302201,0.11973902063447141,0.010052084236438481,-0.05067071310804336,-0.05854483240109355,-0.0036075668057661513,-0.14263909254782756,-0.05926730082004806,-0.01687568121451078,0.0030524819862999303,0.027727645001686282,0.024098283164366224,-0.07213837084268004,0.08771332410370308,0.039338991697009516,0.012489509216157213,0.02156883638611573,0.008505019374302217,0.05495949154568445,-0.0002028021266673927,0.050663501376392465,-0.021860889195368632,-0.04420009563425358,0.03677632576400143,-0.026109415069012248,0.022927433712208893,-0.02140727546350219,0.011356248459193743,-0.029901254626672594,0.005384857872278712,-0.029158999172836368
2025-02-02,-0.41176899243129583,0.3000038562221183,0.23515690728762317,-0.11880462476119605,0.10419963446063411,-0.1253873475471507,0.030186328277561045,-0.027587763040735406,0.2756452733648709,-0.11474274047667928,-0.19938287140062125,-0.10277274632590062,-0.16363044809715185,0.09059005862561792,-0.15198960376229406,0.11544164519187122,-0.01701734441709314,0.05737091445512886,-0.1269050363304321,-0.06669520599607297,0.10583693345781678,-0.06346157053956386,0.009929335163856898,-0.022660526818628988,0.008922934869544838,-0.013147122298169292,0.032058762233448244,0.06177578837712646,-0.005700211837355108,0.023440484542982958,0.04442225421284221,-0.009718906062699574,-0.05609400283841863,0.0038182772266779764,0.07124799561456602,-0.028131756418114093,-0.04120705979413815,0.019106654628508326,0.004555654870340463,0.013334532115646069,-0.061225518907983105,-0.0669404750522148,0.07615936812828884,0.050012990772187065,-0.04255800467730236,-0.0022006569422138426,0.014616428363188154,-0.08153836947214196,0.014948720158027767,-0.029092382183293113
2025-02-03,-0.4064170263423069,0.32790226193598543,0.24901469799593667,-0.12287960462982538,0.14642777455473052,-0.12317670194375306,0.04623208881022169,-0.03283831901084884,0.29157864024047125,-0.11509544798412442,-0.17919653519560688,-0.13297128404531358,-0.21275019660640562,0.06073063160088944,-0.10087283511724217,0.1300468857800367,-0.04077665516461104,0.04716798898020237,-0.11649327627311572,-0.06417271079884974,0.1469748330074504,-0.05644913335090795,-0.021573242737686033,-0.001732237747665976,-0.022481677145485057,0.04340435597901839,0.015980660990421006,0.01593645042088822,0.056556809911847736,-0.0139438138423698,0.08061237403277086,0.05647762898999163,-0.01941293409950255,-0.03315239963255244,0.045262422029849356,-0.08968859089976707,-0.05286538288977039,-0.022725178187753343,0.03763914050439256,-0.0452867057249175,-0.06198448873334252,-0.04997476087165727,0.04738449597845342,0.11398089011689405,-0.06699112046764565,0.0376948961016514,0.04110802536708909,0.003732683369773144,0.0070674991176562256,-0.030641703029975303
2025-02-04,0.15934801806030957,0.17991104903367902,-0.2726177087926424,-0.016083773164128887,0.18414660429062943,-0.03332893865441038,0.019598137630434748,-0.2520139817322195,0.1358284884452605,-0.005371381831301717,0.051264489188324644,-0.07736705317944247,0.03036759061893513,-0.04857493457971805,0.041289178284330125,-0.09343822598171589,-0.0748756680246678,-0.14063161542297603,-0.07911794727638495,-0.002187606227918685,0.1169467857007795,-0.06276944496676912,-0.011365848840835047,-0.019837343260195317,0.021873617980743016,0.002882400066163671,0.07870664568510322,-0.08721385091341823,-0.02986328531563019,0.00046520174064247985,0.012583964273937999,-0.14140446947809043,0.010041242419206805,0.029974213905891528,-0.06301877071285684,0.037497491986820376,-0.026461114553289367,-0.055813914770286466,0.011711174314103982,0.014261104293837866,0.03656329347141284,-0.040079110157679856,0.0208008155454598,0.00031829970575941973,0.013209681164379474,0.02469289470215699,0.07757557203367811,0.040691302572520016,-0.06204737624961199,0.0012696509649650597
2025-02-05,0.09543537506308716,-0.07987002863425512,-0.01948922657925523,-0.07647411620449192,-0.019397006407474552,0.08427185508562979,0.07026189188852473,0.01062545949461933,0.028327745647602546,-0.024080611726090478,-0.0012748376435036141,-0.0013696188037793894,-0.06467776541626769,0.016569516314510303,-0.014989749423789629,-0.0016477713064649436,-0.04634198481822945,0.009481262670521372,0.10647298096804925,0.007641067326199962,0.011474014826408389,-0.015302020968798891,-0.05685884592231159,-0.01927947105443995,0.02888274411726225,0.006579198087690147,-0.04658928249338926,-0.005276522954102427,-0.0008036771302868415,0.017174692926757745,0.020299394638583493,0.01986671670948409,-0.053279824910616204,-0.015358341258934009,0.01894271362779655,0.0006440228982114915,-0.0013976811447690778,0.020148252037032462,0.021718557424527638,0.04660048603563992,-0.0031477283242944114,0.007581924966941667,-0.002243307393323658,-0.02517342987537348,0.024711337412874432,-0.01856675569869387,0.027945599108648442,-0.019449112200190063,-0.017372208128092304,0.019836472268313837
2025-02-09,0.08674549925546612,0.5492400203529958,-0.10254393192267985,0.024923380014221785,-0.2475455929933174,0.14925356252166033,-0.22467464572624546,0.0523548270864667,-0.024826198368014113,-0.01553489084850426,-0.01755214931402715,-0.011607145840897235,-0.03646811577812575,-0.07131798346259406,0.02565282838108217,0.05025336518064634,0.03072819880493408,0.005993201510066313,-0.04905418249306461,0.013800367442756024,0.021362935313250186,-0.028615583462516754,0.051910627716753206,-0.009502077613054567,0.013036013963048609,-0.00494031841599173,-0.018430266733212835,-0.009140200560462716,-0.03200376583388286,0.04726398805024642,-0.05220230410415682,-0.00529132012251213,0.024656908339984254,-0.014821470164748246,0.04585903159827755,-0.014926851549961307,0.04896770743998204,-0.0551034952798111,0.0033827415413213283,-0.028499135186192424,-0.015246046280031084,-0.0632992958616148,-0.04792736508816869,-0.05704765977561836,0.004571337047542566,0.002844611236052447,0.014886882669388288,-0.021987018533682883,0.00732359299920813,0.021841383971052435
2025-02-10,0.28864628908491996,-0.26036078348444236,0.2478346603990389,-0.04074573124548789,-0.07981096525979743,0.2725481398822865,0.002892394199208506,-0.02109512228878976,0.024645048890332588,-0.05503919173795417,-0.1009261584801242,0.01666790490986486,0.08004429395103861,-0.024947678000696697,0.01807274586205896,0.010205604701274478,0.03780852846271159,0.02770179485844183,-0.03530224265628671,0.011352268468301487,-0.00904121504879507,-0.015537918719259174,0.07517347248461337,0.01076857436939783,-0.029512717218443233,-0.0510920329640241,-0.02300242857788366,-0.03922217080029963,-0.06341342867341979,0.012790253901739676,-0.02131570072411449,0.04227438253886636,-0.005221662773791185,-0.0656764617949976,0.05494285432853841,-0.013085692831337445,0.027902815670363384,-0.051538504562353045,0.019718373812473634,-0.04219834331147276,-0.016023079281670606,-0.018762549146906355,-0.036682428543750034,-0.026168712372028953,0.004148148948332173,-0.0035555956880631663,0.0026243801854203253,-0.0030554650227362272,0.002382683131896546,0.04000044688507855
2025-02-11,-0.3971978209996433,0.26020770042770386,0.20635395623876152,-0.108598093580474,0.18141780530315257,-0.1325774234927315,0.04485969831272515,-0.04206816187686017,0.26237453017758217,-0.16293802537548627,-0.19615906251071247,-0.09705152533615294,-0.12085556515633449,0.07514966197109867,-0.14001843154755378,0.10285994118712113,-0.07283941415312707,-0.011206705756123047,-0.09479785539759032,-0.009468265827743226,0.10345550648446666,-0.04318547783617952,0.012356450218195623,0.0057841890714117675,-0.00880432254387651,0.038622707543564706,0.0314698716568377,0.01950598806402356,0.020128351801608803,-0.03379524077222775,0.1191346932886461,0.07242650355654642,-0.008685767539539193,-0.021271506404686967,0.039633216725032304,-0.08742247980312158,-0.07048420035820745,-0.07435229722870602,0.021700685375869434,-0.06223288019542039,-0.056483182893377226,-0.0901104417902092,0.09476763075655155,0.075323186996534,-0.05651663879718865,0.02916387249305934,0.03225357907957007,-0.029104983695716544,0.004701802085060125,-0.015816650737020026
2025-02-12,0.07466213525232998,-0.01748118472440663,-0.13206772019264534,-0.006180884076816865,0.12472051198156028,0.0021174691600471004,0.12470555211027252,-0.08259428146328934,-0.12637678603930402,0.053405726896825455,-0.03184126260622048,-0.05611908181731108,-0.10632117514768524,-0.07910544216999944,0.056424129256135755,-0.00979393902850648,0.061134175781623085,-0.09192793805137764,-0.009075101716799192,-0.06659504595756799,0.03615055559754279,0.02860095263108185,0.00447537375981307,-0.019078030919678766,-0.004310778679503249,-0.0109720893150357,0.026102081697569706,0.03492662954929191,-0.013123063678323185,0.007564262554229163,-0.009156658247543959,-0.054781531898771496,-0.019941996236867182,0.03137533010390003,-0.01415326126479574,0.030652469540602068,-0.020130408265343645,0.00978988761086703,-0.01126842239073094,0.0416059910724956,0.039570467570882256,-0.002824182058127137,0.03776337729652181,-0.01657523413193982,-0.010925137480915026,0.03743810189439925,0.013091667446624206,0.0157379588429042,-0.00040106498719287223,0.006381839865943289
2025-02-13,0.07376483806907325,0.21168503583701265,0.1196117367227421,-0.008896508498056278,-0.09966389636633108,0.007912202673883987,-0.08126149931911258,-0.015301026096663447,0.02708609696166625,0.053583348707013,-0.034309932483600765,-0.05458239640354418,-0.03126513412445968,0.0061270699110678095,-0.04353019427588946,-0.024706005508337594,-0.00517027277107349,0.011078708803201952,0.01195394520794206,0.0042727977237293725,-0.05344659778359195,-0.05939423228040685,0.0647536802867822,-0.02440814608545059,-0.015515223585233261,-0.020061585425106613,0.018449990831948423,0.005242844679935361,0.02863896651545906,0.021395097485886517,-0.010774112409576486,0.010656434985471214,-0.005441223790403653,0.009174475510973168,0.02618385285649193,-0.005191943918459697,0.010011520078324272,-0.009430206683733898,-0.02795459808376376,-0.010363356774271377,-0.017656572657933866,-0.025139902554421074,-0.009710917234651452,0.02349570035950715,-0.0037399742386643267,-0.012533127282493067,0.0022196779952971674,-0.0008485555844522238,0.007999708380052763,-0.0063405402745927535
2025-02-16,0.05170947943493726,0.15941667156675773,-0.0209515166716105,0.11933596539156567,0.10818381315394628,0.07307613985340657,0.14596056820463418,-0.02549914067578621,-0.027491796027547182,-0.0022404468186887606,0.09126878406412006,-0.02733130884252987,0.0008097489858392521,-0.0864022626230666,-0.05736683915448404,-0.047743950409785844,0.09942208531098892,0.10555946777521813,-0.05031533167725057,-0.011635678155326576,-0.06243040167180629,-0.01560292114966531,-0.06881899372709735,0.044477941636764246,-0.014800392489790188,-0.012431121303989922,0.026575207771516646,-0.08387368168531713,-0.05844734438841183,0.07979292267543703,0.062343724928278804,-0.006823329829047726,0.0750202164896534,-0.06676123650093652,0.001375341456558835,0.09590313408216382,0.0422357196540635,0.018610490829943684,-0.08595312589134642,0.009990365920116944,-0.10847682747249345,-0.021924599694718532,0.02006909223828497,-0.015207381163451102,-0.016898664738093608,0.02870190041016946,-0.028861576748658295,0.005034312610465545,0.006682287562348954,0.014773108490764426
2025-02-17,0.36964452451551116,-0.21364637761368974,0.3820316043534737,0.09163761605742182,-0.08382856146249539,-0.05507259647815031,-0.0511577011205886,-0.04983165289846751,-0.05022410544134749,0.015495997672024505,-0.017674471154516314,0.03941444902552255,-0.005147273880937646,-0.06357990224819196,-0.06341272669055752,0.021759260013395613,0.08608868587083833,-0.009927127980840202,-0.026967356686279125,-0.03712302633950135,-0.018244729441914846,-0.0913568293108901,0.03049283114594229,-0.03428565509177499,-0.009147122474694147,0.007426204413909423,0.03003162791497704,0.04924057754981575,0.1237848037373806,-0.034154159171907734,0.04839925992512836,-0.017835362478429078,0.02131115916720396,-0.010467097751834006,0.021931251719081158,0.011581663811240848,-0.015792925615647053,0.043638144610162466,-0.029447299671235386,-0.011226002160994392,-0.03132915533236008,-0.027236060330839338,-0.006066036609719254,0.031053641810492458,0.02399386711917101,0.009261416009955087,-0.07213105450822184,0.0012586236302792367,-0.007618487482677451,-0.014290523086869938
2025-02-18,0.15891692674293129,-0.030161450112015067,0.07694044391672199,0.12678063695873346,0.055848507652870444,0.04865781828047533,-0.07591427785984779,0.07030250683721251,-0.06406007711941424,-0.027075832213832387,0.1760776282784196,0.0023362597977039205,-0.12695763884730651,0.01473900467294707,0.0014329921702504124,0.02661275237597406,0.02359921192003351,-0.009646085558612882,-0.11923198844973355,0.08179432453654316,0.005702664280305195,-0.04026434836580155,0.06985916118723925,-0.13088039910856755,0.05180510139464167,0.07145131158719868,0.08999613384636394,-0.027647455219384685,0.04010585841488088,0.03431252806965213,0.07013689243519797,0.01745256128206076,0.03110022734887829,0.052042730338914475,-0.04074309509172563,-0.048104925983027215,0.046363027089421985,0.010149542534479961,-0.07159521137590656,-0.012634875802449904,0.08117123769433986,0.07157889023629543,-0.012483199264611486,-0.05943028964490648,0.020457057543598663,-0.058483787342013066,0.01880900551469279,-0.08082709261530294,-0.009684742027256337,-0.09222960295613578
2025-02-19,0.09933022278819129,-0.2160232487249212,-0.0912420268495121,-0.027063278834773184,0.4836804527147005,-0.08197594245191456,-0.4131811882029864,0.40672801855349444,0.11533167485245766,-0.0846974687018979,-0.026649946709643393,0.03435235627038562,0.0051438728926563645,-0.03365068595766942,0.14521842529917617,0.06388055101536291,0.08187532271258108,-0.004051113379758387,-0.0010019424417086079,-0.01594567411692469,-0.058914669897216644,0.0055439035988214674,-0.017655528530636382,0.009418156552037463,-0.06684527608823251,0.013611062390127916,0.02728340043560915,-0.07211404349970742,0.05809555427233562,0.03459974085043019,-0.02256077777353909,0.015627077990333266,-0.014658435147925078,-0.04076571343655261,-0.01565140306175395,0.02004090235807166,-0.01338762489429493,-0.02651798451831278,-0.013183382928714895,0.07319612346196261,0.01224600582775492,-0.015154698315050855,0.023160111388876435,0.032575272021165454,0.030816757811420577,0.020850908553856067,-0.022496015132387213,-0.02584593336034513,-0.007811395764237062,0.01941000939624908
2025-02-20,0.35271595009866386,0.10820817835619106,0.3771433318422582,0.23341697287593818,-0.04662639235166134,-0.10986667715370801,0.038014837745494065,-0.06938626226419632,0.2578273606063872,0.0798601726735471,0.07496492941241768,-0.00516275189069299,0.13056105330288512,0.01536958958341509,0.09251624510720649,-0.09254299576050086,0.08117090828023173,-0.04292052780339765,0.03611051296776853,0.14674524672253408,0.028445548768044737,0.1356731625200688,-0.00436194907950237,-0.04762914265832649,-0.022724833616052653,0.08977409190813729,-0.03643807473396575,-0.01872221633636492,-0.019892421638630947,-0.012917671993380194,-0.032233450828992705,0.00455839723641382,-0.001556196487018903,0.008291255236335098,0.019304089807612612,-0.004403620121082322,-0.009497966287775534,-0.022401072239934185,0.03956978790503188,-0.013080373266462117,-0.006349041421326388,-0.019293895973820707,0.012916183714490409,-0.004495173518751471,-0.00022071325174058667,-0.006197940697088795,0.024708295944202808,-0.017245229513397454,0.007798458850277744,-0.012516433011776977
2025-02-21,-0.40688160771761067,0.2595151301231457,0.1867600114954405,-0.04091708798109568,0.16357571349571992,-0.10379783931536853,-0.013932406580943036,-0.01805301472027595,0.26395855381509664,-0.11781112829205273,-0.12816514167884147,-0.12331899724068916,-0.17317113034711462,0.03524412078016468,-0.14764893903520016,0.11941646572339892,-0.07484997483770628,0.03630368729761915,-0.10722003387752485,-0.042995742889165994,0.11035396856611786,-0.04985493869021527,-0.027787542469800777,-0.06282893312339748,-0.012941910350348178,0.0939348118484096,0.012505638319970227,0.055011191942268944,0.004498762687695511,-0.00225037230893993,0.10107848226183544,0.011774118632734726,-0.0012662097426329672,-0.05241628914840407,0.11286084978992623,-0.06925438888939359,-0.019158717630713952,-0.07129672091233454,-0.01017850592754337,-0.02347194186926622,0.01653166439318829,-0.036139080321160866,-0.03120043685619897,0.060327231087954826,-0.07483560490051919,-0.004994493890253405,0.014599139996558312,-0.005963135301285237,0.061579070667755316,-0.038497886117102094
2025-02-24,0.12028369316908352,-0.11383289553378452,-0.10081290719114125,-0.1677012675878804,0.014648797754706178,-0.10834842405260313,0.019996663395350372,-0.06933358872915527,0.04588365584311739,-0.010383891789736817,0.05220880055520856,0.021627885458692025,0.0041908685676646,0.0031326979031114687,-0.009946343345785168,-0.013395806893198324,0.01444849152311852,0.022674843101801803,0.08207594148957359,-0.11411904232959089,0.03841967585934873,-0.03893373676497509,-0.04547394724394651,0.018655806886779352,-0.006768953001953368,-0.004157107333660797,-0.12687393261782326,-0.1474970546341683,0.029809389980584747,-0.0689814319455416,0.0010945965619813059,0.042458713438811434,-0.05796796063269804,0.006418769339154017,0.032183640761920075,0.021820449768148766,0.01770456864758557,0.04947918784178889,-0.039585899383371544,0.03718764095423477,-0.01161439682897115,0.06422701267753458,0.04125787086524655,-0.03216179674088501,-0.03306541474485077,-0.007496474312961171,-0.018040150833244072,0.0030520290367876198,0.07097211028724942,-0.07087782829610524
2025-02-26,0.22812108136101347,-0.27971156121644053,0.08696157533471914,-0.21798264282994037,-0.017030374232577614,0.5569407212514693,-0.03309262188395222,-0.07875454928509908,0.14690289324333142,-0.08393004720089933,-0.16179168292474316,-0.04356787159825935,0.19608958064516843,0.03672738767387975,0.039890521222081976,-0.08589831677022004,0.04383418537122713,0.02318098216862972,-0.05628439173397625,-0.03041835815335778,-0.024204307983839744,0.04363816566530438,0.00437774279684569,0.07910512518246131,0.02094680191429872,-0.03951292826007405,0.02857955451333595,-0.051096084915678915,-0.09488377385138373,-0.03437591095041847,0.055197684996194964,0.04522160966254938,-0.05795818964606744,0.012562293870892768,-0.007117148459591024,0.006077040478224448,-0.01842176875796902,-0.04314247886421318,-0.024759038705834666,0.006253783188369224,-0.027307597622985777,-0.02134417716172056,0.0035854651537947993,0.049791921907892465,-0.03332633164881711,-0.022462731272285826,-0.01664700141889869,0.04315901094081046,-0.05705707297734947,0.006305111449629484
2025-02-27,0.016208365651445008,0.3118711356086482,0.13716876774746148,0.0235755772425558,0.047624289070968766,0.11282176445962915,0.0668004560981968,-0.06564118192262575,0.006876202386392232,0.14460421778820032,0.21977523925184908,0.030959165048211848,0.2012805550866668,0.0628503324402822,0.05126176068916896,0.0801595665326461,0.02267674011440565,0.4362575379559113,0.07949093623798181,-0.06742147592701331,-0.016716837134320466,-0.018080951520263115,-0.019346571737111875,0.2668661311469075,-0.07163064527603209,0.021319331761667778,0.09449172641664046,-0.001218328738272071,0.1041619006961328,0.04577582901626683,0.11434903955182629,-0.14637914701233418,-0.05731355042040399,-0.1076069246789579,-0.019192676713929213,0.024563948759251268,0.05553116432758564,-0.056551663514329206,-0.08677047204726573,-0.001420230995238384,-0.021386730204353898,-0.09075678614333325,-0.009503789157071105,-0.03214791862549664,-0.06868254586460251,0.04130783283451715,0.06642055896486557,-0.026048741032875623,-0.10075788427323193,0.02328150565756146
2025-03-02,0.22775324662835847,-0.13644930750547274,-0.2761678250949105,-0.13133273914937152,0.20032086952539896,-0.14879144300469868,-0.1366288479436586,-0.22367642932567397,0.04777169271875818,-0.016622725051285498,0.0336068823075926,-0.06837753646068524,0.03189488883578483,-0.16814826480528186,0.041969020975016307,-0.1530844839681173,-0.05905269121180852,-0.048937343381203514,0.025549738382405946,0.045408612608778466,0.13021159623729703,0.08407298653866734,0.019665546376551737,0.019077865437718694,-0.052745287270706445,0.0063627786053580835,0.03983930138676182,0.0838596288998262,-0.017024619721390518,-0.06395907190353871,0.0019170838360490134,0.0746648213136243,0.06425334094003873,-0.016669747536482885,-0.046056303146539586,0.010175369861197997,-0.031882516515177185,-0.026336666596817604,0.026764316713877898,-0.028412440073518154,0.0060447260734355955,0.03171648580706501,0.05708491112294768,0.010829444568774991,-0.02042976659705181,0.005989482574677163,-0.02653926669126717,0.026012365153972466,-0.013281022046273834,-0.017172066070309244
2025-03-03,0.1690316575511472,-0.05373468360087478,0.09395950109852917,0.07977607566161254,0.01698348817372678,-0.06158624731058747,0.08182311702103827,0.08713845843580434,-0.10568905699231317,-0.07031332372882912,-0.08470865860026473,-0.052459699606242846,0.004215663038644447,0.00918521578790123,-0.08314608416326087,-0.048220136784924726,-0.03097849795564049,0.020770573445308187,0.057531163602263874,0.001384071521094754,-0.02060597028524704,-0.0727275476270949,-0.03857158385918862,-0.002309245245324227,-0.053941292561147706,0.04031509302178558,-0.023269568402607212,-0.0023127000631593627,0.06580857665942275,-0.0485507252813398,-0.011621145410740542,-0.02886461827365252,0.0757557338418149,0.04382240131863314,-0.004948682270870287,0.10739267413276983,-0.007976324847321045,-0.020113476582167073,-0.031102688440358763,0.016814663997977788,-0.027373624036581796,-0.011458365736034464,0.04571886271374032,1.3864045601879308e-05,-0.043743926769971055,-0.019924619974088936,0.005426821093727985,-0.016948853440703505,0.022385710630526003,-0.05018210270088715
2025-03-04,0.05290549724338628,0.4678248863937188,-0.11780816787497292,0.046591996605797784,-0.25994912048454,0.03403992046986874,-0.22921284051583013,0.06514267394713692,-0.032636790561084365,-0.06840055831491317,-0.027277916423868502,-0.050599667353555214,0.02491691844698179,-0.06756354097907169,-0.00013149840373887417,0.062301084530108124,-0.11884549174887966,-0.047992738648581536,0.07915512298045543,-0.004307382484110077,0.04914882016763655,0.07626074414701364,-0.034509543260398956,0.06481857243712884,0.00342556527538275,-0.06712004513220034,-0.06925584568443921,-0.012065773009596057,-0.06460901712503078,0.025039408519195484,0.05672231913186336,-0.05656978385926711,-0.022316115747393155,-0.026705282273018167,-0.028912734826412313,-0.08300749748688754,0.0335519357580007,0.0023543263641311197,-0.02780579647956459,0.04265234562061464,0.05285316508697322,0.029500877543154492,-0.02309847969907688,0.05596879638470954,-0.053856332361522,-0.0005008244827944499,0.0305138154922311,0.012323797883837655,0.003115661776657201,0.08637879297168205
2025-03-05,0.2480267695548465,0.019193727371981845,-0.015453180288771335,0.1408653584788701,0.035757021494861305,0.01649215272973159,0.022838188971567547,-0.029282380555566895,-0.11235404570658059,-0.07072071487355619,-0.06268232282756576,-0.05470776499533312,-0.00271128917725306,0.06844152706975884,-0.009297229045568943,-0.017266609419893053,-0.03838608764652947,0.06247058966640227,0.017823294740409158,-0.04394807851702523,-0.038724407881393655,-0.07743543452661855,-0.009542797232231089,0.03034375251231647,0.0815149771056554,0.021726915667126267,-0.009727621309706017,-0.004881624783288099,-0.008795293632889875,-0.032577377565274894,-0.12226776365022898,0.0621233610655235,-0.028928277469082525,0.021383694489674115,0.023613967441730298,-0.009933234449302792,0.015716289846732526,-0.0372859883004423,0.018806716336988924,-0.017202764962974126,-0.0351604703899328,-0.031003180893580305,-0.03628303994804961,0.00990757391565045,0.0073933018285124875,-0.02353809837597617,0.015590354409675992,0.024163095068757082,-0.04715254032827555,0.0029474820157565835
2025-03-06,0.3174709669648663,-0.27490035246257283,0.3478293555923581,0.18244640101427376,-0.1368596635226168,-0.12844051659734626,-0.06258786538402474,0.017841234141332717,-0.0405122947095694,-0.06063365355148897,-0.033446719544521664,0.010817064612416008,0.038212787970522015,-0.11426589989635938,-0.03335986124195441,0.13260083847086007,-0.12083980554630255,-0.0345210013310957,0.12016930362005913,-0.0076637497743090996,0.08778325438469076,0.09461531345078945,-0.004279128971568127,0.06122210995586006,-0.00804036683732737,-0.13067212770388,-0.07577898940266262,-0.044606728686326494,-0.06435744680024354,0.041556631908951536,0.12107192125911184,-0.06170952990106555,-0.029039050408716346,-0.0626271384216999,-0.025733188080266218,-0.1315721046808565,0.046031242824246255,-0.0006215170985073644,-0.014656940862983242,0.027065494402320457,0.06203527024704654,0.03823152906533791,-0.015027347447809224,0.08422563725983909,-0.05573982973010298,-0.05489582901592459,0.05674242744621765,0.020197375679934057,-0.0069299081084495924,0.07982258959610666
2025-03-09,0.22063818279729783,0.0010263205273904506,0.004848625738987438,0.10179882246845423,0.06977503130712216,-0.018054135408089214,0.08030008335860789,-0.019206699121248456,-0.018382104207242036,-0.11793300080469739,-0.014816783166526029,-0.06745940836627058,0.0047584561643171895,0.038675430423015834,-0.02510641204865844,0.013916237156289816,-0.0847212971957141,0.08338086789253908,0.03464024199047269,0.04553436047053532,-0.012025165664486944,-0.004010402498438947,0.0037495741680220835,0.004109388614604384,0.04561697436257456,0.0035656633414967967,-0.019658814482492116,-0.009743079771513915,-0.0056341890997355735,-0.016429257096817078,-0.0227672845173168,-0.022974712548075763,-0.0601429245202878,0.005681351016469379,0.026239665456250023,0.02407676936095824,0.014626849659862388,0.014363185183822656,-0.0015865507022680837,0.0454802372159447,-0.03687158675373034,-0.007419258688432166,-0.025253587453589466,-0.013868607482718955,-0.014487431758872552,-0.03332809971742366,-0.015493075099142042,-0.008824111626588431,0.0034376986731827763,0.0033311693172161745
2025-03-10,0.17658384037433306,-0.055277677464790995,-0.1413505186307465,-0.37672355600545376,-0.19352627581337506,-0.21684663654531602,0.18918322442020152,0.16906334430023415,0.1059646014089332,-0.003857134890321992,0.009648113270809998,0.07236412840811156,0.04908408265283549,-0.09127566424535917,0.0388960880648924,0.004238551439090049,0.015964869823869132,0.08403264851495067,-0.05747613801553414,-0.01862740822853947,-0.012789576541561848,0.003262043451095125,0.015122158333169183,0.003830634186351364,0.060907413017866424,0.00576734481259979,0.0015032700175045407,0.03464024738366889,0.004232867289723387,-0.009158427816406993,-0.028546438189699663,0.02586558905354139,0.008643742977505415,0.04495249877346213,0.022565827323542252,-0.0004669694616198208,0.009665312900805636,-0.00838582636586271,0.010611078158685344,0.010984222272074923,0.023470303886442563,-0.012341718427024183,-0.016597654258617454,0.018478150270929375,-0.0062200083982573585,-0.00975942338861516,0.005634292344219868,-0.047226723818120396,-0.005120449367755793,0.019896464729332465
2025-03-11,0.12361986482858202,0.02411793892465849,-0.05630797575473086,0.09534794398425349,0.10974304615919521,0.01171795258923528,0.05242438604745948,-0.024974543193843114,0.005393813366409297,-0.09152887368415129,-0.011652870267237487,-0.06508122992755014,0.014288293064483369,-0.026301405323065772,0.012584903256360535,-0.14823901885759383,0.06620122858176329,0.004278155981944916,0.005457514034320268,0.08221674829203342,-0.04952739471299664,0.05394888315732312,-0.06031280038682042,0.020552120840957627,-0.03502166649530934,0.06269758558276281,0.0940321547058757,0.07388352744676956,0.017771704525838948,-0.027860113508917667,0.02891909696576189,0.07778049131288703,0.028245769632505364,0.029642103420865075,-0.05590172289902535,-0.03588419510373496,-0.09865380273140036,-0.10393791913189539,-0.008679772912286984,0.021584085151836352,-0.15707772021515248,0.06780031958068958,-0.07643215163576594,-0.03898100915649317,-0.03284561362410631,0.04518804635621229,-0.030254285910161178,-0.02850174620438009,0.05246223329077507,0.10828793870508294
2025-03-12,0.03962361774707073,0.09419776277967953,-0.09645348073731268,-0.050513728771876446,0.12780747712331958,-0.01853852167715992,0.031709718944419256,-0.1000230873618741,0.05819357560978122,-0.00023906463265254227,-0.031520673126119066,-0.04170300246951222,0.010136620778772757,0.01916824414750664,0.004567934639553998,0.012149896121109166,-0.054110920748339945,-0.034032736809477375,-0.026054831128743478,0.0035116673096771294,-0.008293921346368987,0.020298129759686603,0.034611077374582834,0.019305138695638963,-0.008421010263772176,-0.03554650568720119,-0.012672051674735299,0.0074214842388223914,-0.027202834256422392,0.023018376357881707,0.05112129817738863,-0.01436346858528196,0.02283891811339923,-0.01183348857912319,0.03448238127752345,-0.0008325135921924669,0.024468109304616337,-0.0341325536527181,-0.005868658439984921,0.011779112088602942,-0.013127468600533423,-0.01952810116381205,-0.03828282536291788,-0.027013346763496746,0.031084895101066434,-0.012438547366835412,-0.026539918356179085,-0.01868588446886577,0.021179219113011977,0.005552392903486712
2025-03-13,0.13374773103748616,0.006316507345389239,0.01057131188886808,0.16399136215359486,0.07525715691718372,-0.04087423246803778,0.0785050426419105,0.028346342543301824,-0.07609523408259843,-0.11042009067319619,0.023399260957641384,-0.02725004259433615,0.03215126316223076,0.03170050983498547,-0.02681262137580121,0.025257463103181377,-0.09513179668054872,-0.0029263241955052853,-0.01615168625428578,-0.05390860740858205,-0.0786358211626644,-0.037623848727724875,0.02194201336080715,-0.017742263832916164,0.036804250551026256,0.025712273702338844,-0.05338072532639529,-0.017963835481372262,-0.027119007932962503,-0.005798607131685547,0.0067700596977990045,-0.004821529628997617,-0.029267034027180668,0.0400287102844469,0.013763625758896848,0.043775771763651224,-0.01307003562954185,-0.02015989897371109,-0.0013147433160966625,0.001995333054202033,-0.03703248903626982,0.004760651345471085,0.09087434699598115,-0.05657835772897262,0.02464117379162663,0.035607448340663546,0.029063771182678052,-0.025321185018508895,-0.0006914905700964156,-0.002033407650050918
2025-03-14,0.14769044505368717,-0.01559449970238372,-0.011581605835553972,-0.09925622826883335,-0.10214087392775346,-0.0953709129953577,-0.03660700979622297,0.07099204709727187,0.028476979423207593,0.23879913637419548,-0.09822834920809574,-0.153309614473105,0.032055943230692496,0.07024789592291857,-0.24487888366618163,-0.09481990868883529,-0.027106817009885098,-0.07441921732039304,0.15046903056628164,0.09930165948347161,-0.12078323975903858,-0.11621649400898787,0.10009595121412827,-0.025569761785668735,-0.028088538072434218,0.07235200352899972,0.06813763418898468,-0.044619221001455586,-0.10438399421825639,0.11385646164748196,0.006726029991108461,-0.0007673871485151913,0.021543801789318726,0.0034119341447982686,-0.0969593942972323,0.10622466496702318,0.05837106092665999,0.0010547461103712636,0.08260528236102445,0.051784600393018056,-0.1371994315956669,0.0006778518328986196,-0.056643526318941526,0.11192461775314798,-0.01776635825674361,0.010097131661901687,0.08644973277178461,0.026764785349252924,-0.03046157653136008,0.007341513111672701
2025-03-16,0.08140395698743434,0.1277162580559633,-0.1709388738695178,0.10450058887360635,0.05622342145969264,-0.07114929247763327,0.0628483656292921,-0.0015839230642347546,0.007906906951036628,-0.08981125521897053,0.14245643129080418,0.0031294959578666614,0.13876009427743907,0.07919211121517122,-0.011440075370873305,0.20247072690609644,-0.22075569307911874,-0.030821801276243954,-0.024952790456197905,-0.055423393500475676,-0.001171888332707434,0.028671716508927126,0.22166772758270795,0.04406567249500042,0.006168761925366094,0.08932194484821838,-0.05395988364059003,-0.09255509125893124,-0.015385984094267564,-0.13050583806725272,0.12618933692987777,-0.009814318613925605,-0.12623111705349838,0.03504806859136645,0.070873213366123,0.025342856815775583,-0.06998380233892347,0.0056784107006259445,0.014992967338480143,0.10778153067419573,-0.06970376117329297,0.09470450821391416,0.08452865043771891,0.06976214186243802,-0.05325258568371832,-0.03376138535190911,-0.019791492220235782,0.047387038197898954,0.1373196587100851,-0.11191623040899566
2025-03-17,0.22292445229444355,-0.09707559608862977,-0.30672710840608514,-0.16485542463898714,0.008390288358062494,-0.12498148885960486,-0.025965851993366526,-0.15543401132851128,-0.051736824216147156,-0.05277452908020979,-0.006953228509353481,0.056784433648385244,0.0032144433765922777,0.1515198337205928,-0.010283363469975411,0.16955225195168563,0.06768623143783492,0.007621310439476527,-0.03491840076467048,0.10137210645995785,0.011191743475335539,0.006794144978430033,-0.013525351236315162,-0.06947135654965081,-0.013944763653250895,0.01775657993414113,0.03642783260019911,0.017340236316936992,0.03340709345493487,0.011185672212241638,-0.03924102125934629,0.015117936416653493,7.773884282940363e-05,0.01753133115735125,-0.010624502081853343,0.004615945113225706,0.044691027314388725,-0.029540943056389022,0.019593413322394383,-0.0183591450935277,-0.0031677216431529563,-0.03581513782193525,0.02550220589080039,-0.02161616934954211,-0.0418465395562894,-0.012399259655354596,0.01143676388894159,0.014294951678464713,-0.004583637480406139,-0.0011303939821655986
2025-03-19,0.10669527183343254,-0.001082523632741961,-0.15898627639324714,-0.03508318082510829,0.2600775430109592,-0.06906966525352534,-0.1802781851260336,0.1713674577478909,0.0578859749477753,-0.060424871395469766,0.006581086359331456,0.014384958942370803,0.05609478626151949,0.05974452254724287,0.08174133702789764,0.0964124126341172,-0.047536610657567833,-0.018463461833593105,-0.0016355610065431703,-0.014063591212406502,-0.030867591564336636,0.032180566712267406,0.01729500855713264,0.0028014553515210137,-0.016432826589278228,0.01742011618946526,-0.02276143868748786,-0.05431258761211318,0.013239989214254627,0.003209997772122731,0.024828514719294828,-0.008582390607739744,-0.03264683675235601,-0.02056667361074771,0.0379401806025968,0.020044963020572966,-0.0011027811886184212,-0.0038237880887897094,-0.01989784144814379,0.06865438727238173,-0.014746342345530454,-0.028910375164359535,-0.024043564143774804,0.07197876476761321,0.04938306094232662,-0.038183416507021783,-0.026284481859904778,-0.04776113304699303,0.009962848409112697,0.004468798428288779
2025-03-20,0.1770921699178954,-0.04320090092401149,-0.09153475928908648,-0.03321842171331334,0.047286555822295025,-0.006776567863883365,0.00043350968990982984,-0.054439688056568826,0.005990437750493284,-0.040433549781137036,0.014206201257142675,0.001002230900328207,0.03908065800704324,0.08165010222295209,-0.015994285071924148,0.04660743602734218,-0.004786415781617381,0.003401560563483463,0.020360354426246015,0.009674201481645633,-0.03075191317811544,0.04419851253146315,-0.006825554753169165,-0.010047739859209233,0.00944707516231436,0.00015207085895505633,-0.0019127885923321448,0.0026969934018302812,0.029327667923026116,0.006068883329789264,0.018758899329865526,0.0027038914310004588,-0.005754170817733659,-0.01000391170500843,0.020929394459418965,-0.0063670850972425055,0.005244034504695941,0.017918799815616678,0.007418220793125358,0.002699882556995573,-0.000735274713573046,0.010153062670625797,-0.0005627079228169646,-0.029729161303062277,-0.0042294929714823785,0.008247142957243216,0.012450129381173201,-0.005008831303551594,-0.0013269496235259076,0.004302879975294533
2025-03-23,0.23188124310417804,-0.025396074552295887,0.16863432633903738,0.18142352261968103,0.16208346255835385,-0.035123008648107995,-0.08444587820889764,0.13728636873851904,0.0708406747114785,0.030421730163529698,-0.017826342866491474,0.034278044953611635,-0.02675883745296208,-0.02523680607505926,0.018516282282469296,0.012063101439734717,0.040082845867902415,0.06916736950790187,0.08212942760365739,0.04598201050121148,0.05288065582155469,-0.0278099744234113,0.07517776224405655,-0.035396757241933606,0.04119174136304324,-0.12046627016952584,-0.015691685181920278,0.02109848323922612,-0.08228459612227979,-0.06828334123597425,0.029354370022927585,-0.006347431962389667,0.03997621726988691,0.004991070812194338,-0.027978431052920034,-0.060615570297440864,-0.046439959908005764,0.01676314653885385,0.0011747938349926169,-0.02298328632179194,0.011724650973856056,-0.009185641908132083,0.002459250984230232,-0.008442628956891338,0.00124966160479181,-0.03519502572517359,0.014313796596386775,0.033257228676544355,-0.0018408458853473105,-0.02505722859273607
2025-03-24,0.1809390111851231,0.013463814536736313,-0.22910359207726325,-0.1495747993577678,0.025436097522896647,-0.1385369345177654,0.054257741125532104,-0.09565779293732898,0.03044827022988389,-0.01848344566992821,0.0032956495270665288,0.02959096246617969,0.03965960376439163,0.031067699963011813,0.003964405949552095,0.06238792386792774,0.009086029102433826,-0.007480980652224265,-0.06718620585405631,0.039972267481560596,-0.02726825477316515,-0.0064461934054593165,-0.013789518085909565,-0.03372913063595071,-0.00992706223164774,-0.0189486267880733,0.009458621126719483,0.02146248243848624,0.024591107782830787,0.02796919238567391,-0.040814628120140056,-0.0010608890805429959,-0.027062524283381496,0.0026731068598865797,-0.0202220438713002,-0.0010280155166261932,0.035331263389719064,-0.022481288563443245,-0.010869673167720393,-0.01611527847126025,-0.02742416485463986,-0.014123049795545128,-0.00447320431462204,-0.008263850572035429,0.008087744439262821,-0.022113204119590252,0.0062482203158100375,0.022721277292789648,-0.013635397777684403,0.01838492886528435
2025-03-25,0.11881652627762329,-0.03408344188824378,-0.07881871289994838,-0.24574231978264122,-0.07843206237910838,0.037744748216591656,0.08985712306609783,0.011123253328557459,0.08704690151971356,0.0302539811512633,0.004873934879517926,0.03929752859836021,0.058027219000440465,0.015114069040981214,0.020991656677610448,-0.014521017768427106,0.05797649554079583,0.063071766896205,-0.034787013707643484,-0.04964671883932067,-0.04215790156023419,-0.002248806450621525,-0.010688077635758486,-0.02764243172099523,0.03784757848751304,-0.02458821348855467,0.0453674547936033,0.022919497913741333,-0.029131056654947158,-0.028155603286944948,0.01622457554675874,0.05359447120474574,-0.019946097976948258,-0.011931415466369319,-0.007716009428887363,-0.028584998054961338,-0.022984969649822547,-0.0037290688302037836,0.0026596462970069146,0.011603972015657757,0.012551230567799113,0.037812466429405264,-0.013712694994965241,0.021007780539909746,-0.017142376362485938,0.025162648946794493,0.00448681050314062,-0.0035435499386745053,0.013003629476500337,0.02317623799541556
2025-03-26,0.121531537469793,0.08313657029243668,-0.13648393079699186,-0.15954681858854983,-0.09777673566689514,0.02190688959328307,-0.08418012755559703,-0.03521090339178463,0.034014257569894416,0.03840946725027999,0.02942529805907155,0.011522035307939833,-0.04179046914955709,0.11887206982300563,0.004606924499921766,0.05647323222838051,0.0567426542501048,-0.004304135923457231,0.09316182047050886,-0.004194377094574736,0.04047464883967145,0.009503792348243485,-0.0273983097068022,-0.01278546496447644,0.04427055330331401,-0.06244410133922635,-0.011331459695460962,-0.08109895199290222,-0.03282386456733464,-0.02564071701943303,-0.06957726468754934,0.06487051166348418,0.012558948465544265,-0.005754257447910293,0.04003512792635372,-0.02229469227357485,-0.041309563313527455,0.061836451583357925,-0.01797735494534289,-0.0237680349306862,0.010181731442361973,0.01114085182838385,0.028954530226895887,-0.0316877332665033,-0.0025744681943463514,0.018359628859927594,0.018845162361485396,-0.001108345693993032,0.015976209102159425,-0.008034058240697245
2025-03-27,0.20042126040257985,-0.13935315996514788,-0.09654199601436401,-0.17104972234240767,-0.03655721648055206,-0.11814613107520201,-0.003060611874160439,-0.012450465565542168,-0.020271627612237,-0.03802223413439281,0.05774271516615714,-0.02646009420921424,-0.05194178977527662,0.08786904337613086,0.010844767054947337,0.04693493933780732,0.007812262091981418,0.03796705451265497,0.02057445845545451,-0.02353994314960645,0.032118700861270784,0.014885472217139806,0.006298020405939155,-0.005636441214448144,0.010926249512449908,0.01466481358558892,-0.042564718019901915,-0.002030189829056584,0.03625220387753066,0.002118138977382503,0.021352826165268544,-0.016676101448587128,-0.017576297689627898,-0.03736192427034775,0.01689352914441879,-0.030701764129416463,0.0032741687091746843,-0.025664002080091262,-0.028948569315078273,-0.017962942007049863,-0.030118166885062435,-0.013413180978799429,-0.045850264090319684,-0.014137038156264848,-0.020316344746629102,-0.03583327477271328,-0.0009390183838424731,0.006554088707313627,0.026055269917555673,-0.02079470830436275
2025-03-28,0.048198504228228606,0.03477268638499482,-0.07390096902919327,-0.07193087150137453,0.00407041294528666,0.005926620618178962,-0.01998316293926123,-0.03385368392797933,0.030887910627768772,0.022290592919795287,0.025565329644778704,0.0026929342269248167,0.006051620271103165,0.055291789891183475,-0.029089662762019953,0.010812519542241406,-0.0013988424965522257,0.04749531629932306,-0.061186648430934985,-0.016648440297122057,-0.048627545112923796,0.030089549957888203,-0.05975951191657891,-0.06349132657843351,-0.034338906713496244,0.02954153702881782,-0.0037758396956147416,-0.050124418658082676,0.016858804229663255,-0.014408273381245366,-0.059125557850591696,0.01823809666549552,0.07610023339902108,-0.038782702359142954,0.04940106278004641,0.018762112480992018,0.005779448703080046,0.011454771071280368,-0.0004831694829508664,-0.05468117349630019,0.02712612777216461,0.09088517082220857,-0.018242527391977688,-0.01405760441537729,-0.053479546628390794,-0.015079344615213956,-0.055557321090586594,0.010449589389832327,0.019463233471524694,-0.03833540952446556
2025-03-30,-0.30622063872311284,0.23078892408483548,0.32628237646040115,-0.14441755333876818,0.08534314902826805,-0.1083671988371306,0.11096431748430445,-0.09363501941025912,0.004299033885157194,-0.028634358834710737,-0.13751624701260007,0.056373091415805175,-0.06922736069768462,0.04966822686637558,0.06892321595229971,-0.06644039121498804,-0.11006043847813275,-0.051861648784958435,0.06450577621647033,0.13641716110233565,-0.13861394958854553,-0.008098445588144126,0.020766435422179097,0.0590444102002216,-0.06424481362540231,-0.03051245426772292,-0.02638881894650267,-0.03917036582571628,0.021613460730598184,-0.04033613146309001,-0.020814601670330994,-0.01033832798032346,0.0007009181639568532,0.03187217359080405,0.010883178458825873,0.043806784385185225,0.005483404021785931,-0.08136686626759507,-0.034064358225330126,0.14800447258101448,0.01415282768577645,0.046565271375981106,-0.05467204441847588,-0.10903763464286498,-0.08971864954080794,-0.08146151961574717,0.01371957554404591,0.04313768352627026,0.004972173928722859,0.06247892048472101
2025-04-03,0.05986059554973028,0.07542378299593297,0.14034346252523097,0.08478718582464777,0.033844997475509994,-0.011821855196145478,0.0993762919245119,-0.0488150659214768,0.02864031374868421,0.0429316707836657,-0.09798945525278974,0.027972246630249865,-0.07420384050657236,-0.03119377271602918,0.0058649731875740595,0.018183870339538815,0.012265130256181004,0.034316091545349446,0.02353883557738679,-0.012289729712587155,0.02274947695929769,-0.01531139752903167,0.00143403454886148,0.005518443680021178,-0.016792496500674336,-0.07223187612058952,0.009215041077867879,-0.030316776325229493,-0.015802584482744058,0.026741587121366046,-0.022150080416356705,0.043822501328768124,0.025538330716880473,-0.015887787125979002,-0.008607230654115255,-0.045548941752794905,-0.0380225553881434,-0.007027502355026925,-0.05573703924803837,0.0062760303107509035,0.03379666876120966,-0.01879658217531042,0.00862884031625426,0.030918764295710416,0.05171576932595566,-0.021378132873748564,-0.00992837197458749,0.00909539641059499,-0.01709826295567945,-0.014454493970968187
2025-04-07,-0.28147474634173464,-0.0036653546947019466,0.3062762922071914,-0.23548024384060517,0.13946572637585544,0.06648577688892514,-0.1242489244470125,-0.13446427559803228,-0.22035739189359477,0.018282606767884853,-0.03658379939530215,0.025919065621746267,-0.15111053391109952,-0.16147732887854438,-0.007990821508021025,0.08113195326485097,0.016997734829533873,-0.04287234253014485,-0.060108415874234024,0.13160790535248962,-0.1816573498039864,0.2781193541299439,0.11584841813514932,0.06116351707422954,0.3145201789579742,-0.10605271680171104,-0.08760987825988899,-0.04054828745262414,0.14894840776705162,-0.08962368728003028,-0.10558469037899881,-0.05624719256125358,-0.04549901478509223,-0.0939798320211486,-0.1717881740168422,0.022597460561065066,0.04331902305807577,0.0591617547329725,0.07636437927140828,-0.03182027518040771,-0.10366534494784325,-0.03826986534237962,0.015218633354535415,0.020038301743753994,0.058466638610607274,0.13493477140837684,0.13404003843094797,-0.13617202572468598,0.05443922847703774,-0.10069933586621382
2025-04-08,-0.23215017084944703,-0.15033751922571373,-0.0720614822409468,0.06867250704827936,-0.03729215339602538,-0.009240753457088705,-0.011342252568658808,0.002742251076100098,-0.008808506592701163,-0.005864054135972052,-0.008536438846362496,0.00994669803000728,0.00487716562501532,-0.013543818211204265,-0.00740182651838121,0.005365880178029477,0.018830548541650328,-0.012379778310899307,-0.008333908370774558,0.026244159420700464,0.012818214283244882,0.00799007565045496,0.015393144828062444,0.019842306476985663,0.026183648482237285,8.175105940166074e-05,-0.02604243384182186,-0.0006842291701324423,-0.005760402827825412,-0.002773090618007836,0.005324139824150416,-0.005460589046812631,-0.024802941164055105,0.0014118459933326266,-0.003347740461023943,0.0038632865979365055,-0.003129582120012856,-0.005822002810300002,0.02323057984802521,-0.006089857767585633,0.0044256765029731275,0.0020088496255194844,-0.0038944178664384803,-0.010131571103069018,0.005668072472762013,-0.00438409748886893,-0.0054111133268076265,0.006196493890235406,0.006573594513530411,-0.0024934466253895542
2025-04-09,-0.24249170562956035,-0.15172861781013605,-0.10683173853172263,0.0769437515250279,-0.0797442404113769,-0.0028364881615226853,-0.033424481378936464,0.008738726724497901,0.018493598169212866,0.012868616227285797,0.02681570996173797,0.030868073188810515,-0.009199807355582077,0.0235998453798954,0.004262834563401032,-0.02275158752748356,0.0439725227811217,-0.02489380184448276,-0.03410191775143537,-0.0041888577805925965,0.021045670168740427,-0.017198227925792987,0.013111230022820773,0.03826802441641176,0.0668855130415888,-0.018967631393026395,0.0008326583659369681,0.002193516324094571,0.022904157079979,0.017326663657472787,-0.013970378782210703,-0.006541264282652069,0.007287687309520352,0.004313965810845075,0.029705922234750208,0.016555496385281677,-0.0040102435552353275,-0.012588146795661248,0.008429585223592502,0.015737373482151252,-0.02401526378172151,0.010518951971202527,0.03155594967826322,0.012007724429500054,-0.006413558992346416,-0.013641355567784789,0.0028847035922145822,-0.011616836013104112,-0.004453067123765698,-0.002912461340502013
2025-04-10,-0.28072119837792453,-0.1299346460737948,-0.1013035993755933,0.10799847112219375,-0.059508857045580815,-0.01965374736671727,-0.010867497304657905,0.01584614067835905,0.0352043622614949,0.033556487148175974,0.0004013025405977534,0.019461313202236773,0.0008391298113045703,0.015896738236523378,0.008836338568407381,-0.031870546149964804,0.04388728611056347,-0.03166262003123504,-0.025080071034050296,0.035689422719807205,0.04155693178939087,0.018253135396025383,-0.0025258291437971706,0.05797384398707087,0.09387886954485256,-0.02506410665947616,-0.005317505691247612,0.023121492149426055,-0.009794167930625522,0.01912532662437714,-0.022093556690989627,0.011580551817813839,0.017306982464914505,-0.032781438686580525,0.04519082856499447,0.02114804799100344,0.0015890152496129781,0.002509486311009121,0.00726682757940582,0.002513564720552057,-0.012993829123137608,0.022303065633516802,0.04125251852480383,-0.005454249855029726,0.00379781470504814,-0.01578421604005752,0.0016282686258206952,-0.013212189632801971,-0.030050888118376112,-0.00037382701046295567
2025-04-13,-0.21568150523187427,-0.11116798647830062,-0.07353138068162694,0.11781073739016615,-0.10710698686019922,0.0004461850140293253,-0.003390131363940519,-0.0012845159203802923,0.02332783033004334,0.016093623657627863,-0.015313979433136504,0.01673385440991335,0.007162655411287248,0.01342353534520067,0.011608591348335431,-0.020177104111260318,0.0002697846639336362,-0.03271572936234101,-0.02973591032235292,0.014791704113068016,0.027550022875775942,-0.008262144751182775,-0.002251387232864908,0.03671780077253495,0.024592748726767377,-0.03409023543540238,0.01822704358860732,0.01341794901380765,0.007089119590179536,0.0035166547310058714,0.005598521974821189,-0.002547398983793675,-0.0036883565421011216,-0.006033689433442596,0.016778770172373163,0.0036811896387729448,-0.013399599115054596,-0.0017030038061839506,-0.009835378739009866,-0.012714467554167844,-0.002184399910383274,-0.006196775250997731,-0.0014207161474904591,-0.002528118991130653,-0.008490193749884328,-0.00042987022336492855,0.014795503853504801,0.00961248449001706,-0.006578131379465949,0.009018635325503545
2025-04-14,-0.26833947860713464,-0.14962682774130584,-0.10684789510141574,0.0933870675216524,-0.08378463897226185,0.001606985705664352,-0.010963586464197643,-0.012621801744164904,0.04027843289179197,0.02710128260068193,-0.01835091715999604,0.02241188602358975,0.007028633861861379,0.0055975109345071826,0.012283992071418006,-0.031373739586854174,0.028258815274655607,-0.01684384527273277,-0.03638760295157383,0.004197603875161282,0.02066204460138184,-0.013923145383991675,0.005924575881170677,0.04877754347291201,0.05271711817229197,-0.019893972281176613,-0.009458292245606318,0.020503561403520693,0.011929071527579452,0.0025379801951755363,-0.022144174968790467,0.009362460405840576,0.0036257812838358617,-0.04458319906706648,0.020467254972332195,-0.00015199290184979454,9.659661322735867e-05,-0.002429818802654787,-0.014106109736615344,0.002881552180861235,-0.014891394737041071,0.00021395359284703315,0.013813219480313221,-0.01497668232262788,-0.017721336972220496,-0.019819565091671005,0.0030406466254466074,-0.01336243086902579,0.0010814673174237355,-0.006675938466074269
2025-04-15,-0.1877785502077511,-0.1094865349406642,-0.09109671975824662,0.08736655470169825,-0.076493216127743,-0.0024334149636087545,-0.027281615675968443,-0.042865627453303724,0.025717028885100888,0.0013259203849256911,-0.025544688798788604,0.017074138836916258,-0.03898800551844345,-0.03792381049424633,0.007783771788228743,-0.002142523065496415,0.00870769782699965,0.03909274694493939,0.02702563253893643,-0.026318958178827703,-0.051062054328580526,0.0022548060194499692,-0.010614408617646055,-0.021262938702618705,0.0024098425193106515,0.021062187295763462,0.02552514292276009,0.005087469265953745,0.03160771131854968,0.006076224353040855,0.004749329031586844,-0.002194545409004281,0.004819456484293174,0.0035043500235917174,-0.012077345788516413,-0.02174735196168066,-0.0037097050336486817,-0.009941814251658472,0.02849656980029767,-0.020502459154910575,0.04689461860865521,0.019528821973283955,-0.018725877036018832,0.0045990130441619795,-0.0006758380663976649,0.014951946917100849,0.024856360426953543,-0.01622749341086149,0.02437320689032884,0.01964883465516527
2025-04-16,-0.2212082452940776,-0.1344595312763682,-0.1023842525616748,0.11625674952707,-0.0397401374893144,0.004543249003918371,-0.023789210855020955,-0.05526305440188797,0.022568737276313783,0.0005156898454704026,-0.012155290787484844,0.031357358520057235,-0.013314395116744563,-0.022205702342651124,0.011233729708312611,0.007113734424270233,0.01908452414033086,0.026059351160074105,-0.0009939516283745183,-0.024679912728710195,-0.03169626097520317,0.012322197881370109,-0.03565108118634687,-0.00261715038548998,0.027689230705573907,0.040210936516884635,0.02696542378007008,0.0005432442114704897,-0.022444182643064085,0.006113642954917568,0.017997907693227552,-0.0072657557859256506,0.013136894927403569,-0.006147696861207195,-0.0064903369349948855,-0.017399843238287922,-0.012564945563026363,-0.017988192204358988,0.037112803230216526,-0.017775627393787814,0.036089605144853126,0.02766847610686151,-0.005293274500629347,-0.0009758966377979553,0.0074454080204609694,0.01134469288310906,0.03365655861267327,-0.012278074094560217,0.010511747159874112,0.027347929815055943
2025-04-17,-0.2337006184821717,-0.1413361750482926,-0.0875657844494524,0.1274444639975886,-0.05112347745386563,-0.0027860752509819777,-0.024757238486690192,-0.014613860006074625,0.03299922864291767,0.021801135993076693,-0.011402471429382714,0.018571632756287884,0.0011412962412780928,-0.015274336917073717,0.0037840912767261644,-0.007097841438056824,0.028848965650613918,0.01761806867393769,-0.011125356379542064,-0.0031665244991231677,0.002446984808768287,-0.003759291804797317,-0.023695515415191725,0.008902005548850499,0.033288008353172215,0.003859395387025642,0.001691180541882913,-0.0030978954548290688,0.0015198883505743244,0.00764455865131093,0.0018907395594668082,0.005313655841942053,0.01447687035233755,-0.0065897517177320045,0.013806892980691859,-0.0024915636092087733,0.01855288143714495,-0.0035569987203019613,0.023716419208665327,-0.01482746660416933,0.01734775840019092,0.02507292257399141,0.018311394707312145,-0.007819404806396637,0.008590407215464321,0.014042005122400458,0.0083247134795897,-0.006003606903591558,-0.002310759939461556,0.0259341259071327
2025-04-20,-0.26071262378554194,-0.13102684454774113,-0.1439576538208363,0.13581044258314656,-0.10418305427898875,-0.01600499412955059,-0.025960543602313667,0.0037906148670708594,0.04092237291473953,0.026160500370210695,0.009098721253257148,0.02982478440693901,0.009722218128968422,0.027745198042946163,0.007307529057009303,-0.02219551450390918,0.022416210285835177,-0.008101750529224665,-0.015215459128442254,-0.004829038222216926,0.026948613009439137,-0.0048434797804574195,0.006096369527189491,0.0423354160427614,0.049851492261382704,-0.021890728904327618,0.008523086922344825,0.028254011368680006,0.014935054346055328,0.0068935197137145535,-0.033142199815051704,-0.002328163175494646,0.006409206931146327,-0.026555157515048965,0.02282508290246926,0.02707363737084398,0.01401810437148439,-0.01670465536491405,-0.01807517329994386,0.022453623651628334,-0.008377815487094887,0.02055570630097961,0.03255327255705672,0.0006513247557032515,-0.004738842595749547,-0.027749413591208364,0.009092662937422601,-0.0030506616522359177,-0.00431818944217792,-0.008575272846859652
2025-04-21,-0.22286907776270024,-0.11831836105415082,-0.09264237560942729,0.11435981715974214,-0.08991045483390869,-0.005097226052866791,-0.02307751447542102,-0.009840380902756752,0.04013091141117539,0.019905871381801814,-0.005004303693472242,0.020249022415836943,-0.0005824996310819027,-0.0029491138342291746,-0.0041275256627900155,-0.014212114344569085,0.021982231605388657,0.00534605643084656,-0.01984877270093535,0.007805046855861127,0.008032460717076799,-0.01131752115944448,0.01105238644928122,0.03193721386105775,0.028571084506866996,-0.020232464968949464,0.007859628879754789,0.007813257845940625,0.01362076657363009,0.0045344662506409,-0.007132864545118626,0.0013841391430663836,0.004602336893114313,-0.005925704664438405,0.020989466053309043,0.0022775166774284404,0.006811791783579921,-0.0011508358652592933,0.00441959792528869,0.005934253061197543,-0.000858804325746584,0.007935059841556309,0.01926148106121093,0.012102938541403131,-0.005239158100277641,-0.005602860488199474,0.0013148298199864392,-0.0056095957397924055,-0.007814853609389877,-0.00740523864541208
2025-04-22,-0.2522220686876614,-0.11514678442468428,-0.07411373758755609,0.10625321755309837,-0.047583989501355596,0.015569795137053151,0.009839113606523231,-0.03449637367948089,0.03919427115250858,0.02383698726378269,0.014669800765169817,0.035195734839852465,-0.01962571819645088,0.006812547372776399,0.015156831871457223,-0.01675529608871002,0.02958606779906391,-0.006034251192306157,-0.04014090835445986,-0.0011956807172025196,-0.010328671030036393,-0.017193444460707002,-0.007638738895966128,0.020844559550967107,0.06353063298083328,-0.010544900119795437,0.008643275275432835,-0.004349172849602181,0.02329992264635792,0.0016447214105480953,-0.0031313877171950913,-0.000583607892404961,0.024792886577409613,-0.0207994393474416,0.011020570042502455,0.020085900653083414,0.01702411328622275,-0.023994131939993266,0.014924736977831893,0.012012291893182335,-0.0021742871578077794,0.011612999775158145,0.02412690413263135,-0.010569998693793454,-0.011216980949213603,-0.0012718781628578595,0.00889262402177962,-0.0026388857367862146,0.024499917204515425,0.012895289779648161
2025-04-23,-0.16149429876160779,-0.14541318872804265,-0.06469152283976612,0.10263043551855722,-0.06628713459345187,-0.011103043379772163,-0.02854166157207398,0.013274783680177975,0.04975983758310945,0.008329295816134657,-0.017942033419241873,0.013221557891032762,-0.010780477145313874,-0.0199469640668845,0.009980032371386154,0.015323707547447817,0.013705836600567763,0.02287733429670636,0.001043217046703216,0.004705595679365387,0.0034234852256028055,-0.0037118532146740374,0.009510912106501724,0.011355522976744425,0.023060558313271053,-0.01673107303130381,-0.004312513453789306,0.004432633464150746,0.003081899847191068,0.009011510301916166,-0.005041461568769911,-0.007186976408612587,0.0032741527402938048,-0.021562605771973525,0.009852977152077122,0.002791580026698684,0.020742617811741127,-0.013984975367281027,-0.005246858001007752,0.011676195472460363,0.013443667814846445,0.00632741634414128,0.010734550992554829,-0.0016017197977568228,-0.028328556833779585,-0.010912532506446056,0.012808114456714722,-0.005128945461805778,-0.0040201543334914295,0.0017170811386142044
2025-04-24,-0.24472786893419968,-0.14345628931632426,-0.08538054432974701,0.1323527752981944,-0.07256776028821424,-0.0037749819471848047,-0.013120896096294599,0.004075046362667202,0.03853022935359746,0.022920220986037753,0.01055788936629394,0.01440753450442005,0.009200946192435782,0.0034522033532903337,0.0006892752184407304,-0.020462290360359285,0.018970640756885093,-0.025376202551910542,-0.02078421487268601,0.014182083263476015,0.01120075972227633,0.004359794493196277,-0.002623055292118269,0.030280690002735894,0.051612029835735145,-0.016408167885678674,0.020411469923683305,-0.008229042882283892,0.013521371762251731,0.009544246768226022,-0.007647833121541985,-0.0052877440543443255,-0.007878473802939693,-0.012354021355586975,0.013379241454881926,0.005081385221870504,0.015026024389059462,-0.010010032516176652,0.010891233758474006,0.004581390315446291,-0.002083435941532441,0.010521139757098756,0.005883406169635756,0.0014316048480613314,-0.0011908863790029381,-0.009615426585969153,-0.0014222964081219637,0.010633192631463475,-0.003153685403297814,0.011466131984815707
2025-04-27,-0.2551934071446071,-0.10128949474797784,-0.09152551566932549,0.12629860528934606,-0.07616979838021967,-0.005823049986556345,0.000983374125556929,-0.05114492400793742,0.05866138685548962,0.019338258908139238,0.01963791568552165,0.004128756561215055,-0.025535003305278477,-0.005286254403307094,-0.002514761886474932,-0.007939841282408206,0.019853830643958865,0.056438525610037524,-0.014286284517955784,-0.020557160858356946,-0.015305270885775522,0.0024227368641983253,0.01739422727687604,-0.015397026361285131,0.012161445980476254,-0.013036511687752413,0.008210169408444067,-0.004568457165240603,0.0004625738654218827,-0.010569337521249316,-0.023582189462841602,-0.004099415160302249,0.0019122669071359104,-0.009776306503025757,-0.000654140050134963,0.022440005590355288,-0.001449830881400038,0.006821268332754693,-0.008600978139360924,0.005909558287705201,0.0030708327767778342,0.00381432247184761,0.03378662885457507,-0.0008071970447700898,-0.001843824467447736,-0.0022259502340922772,-0.004858490964094591,0.0006972518004356617,-0.002212307693493986,0.001998914805365178
2025-04-28,-0.2410843862343943,-0.13630135936393115,-0.11193152511903853,0.10200178606269544,-0.06157604068170164,-0.006895223582602409,0.009234127286610319,0.01718467084509694,0.028375924057392633,0.000732525161904252,0.015470544573763532,0.015298762081506212,0.0068888480817984035,0.0017214434875565444,-0.007661662114316848,-0.010072830315986415,0.013071337189057246,-0.03409007655978672,-0.025900157468532418,0.026151447572924168,0.029375143025895514,-0.0060885349157734974,-0.007641809235847174,0.03759012653367703,0.04385129377102744,-0.02027335788214484,0.004941199044882698,-0.0033459044447698805,0.0007554485180380425,0.001221347228718321,-0.014388887519425745,3.492917260810275e-06,0.0075300138949740605,-0.004870093827670764,0.017160219107633486,-0.0005699218029042443,-0.019077699817595446,-0.009107495224801991,-0.011664920051839367,0.0009895886839880377,0.005074579827295655,-0.0037439832967129947,0.006373075363220901,0.008230310463142593,-0.0057306532105153175,0.0007162148344016388,0.003020541430696363,0.005536271895418571,-0.011114463107762238,0.002900987716951137
2025-04-29,-0.2616593413685882,-0.13774310975740078,-0.11229604906043875,0.1227336726303352,-0.10835451808865472,-0.008614098376683308,-0.03172743285594128,-0.02603174938806487,0.03292050600702514,0.041632589528456256,-0.017052993755414705,0.019856351723909087,-0.006438706155887339,-0.013518800386534713,0.007688144988614097,-0.007803602906722553,0.012097134597356299,0.018229328084108973,-0.0096172187793191,-0.024223399653673094,-0.00923399354827846,0.01910640491214427,-0.0030357870449015463,0.03194576988195956,0.013877696674942543,0.003480558531810243,0.032482461490588053,0.01596463253480628,0.01705024420697039,-0.00571204952964292,-0.0327984103795095,-0.0027686964691497097,0.010185926872422927,-0.022537316102033703,0.009455661085571868,0.008538205905701991,-0.004430413969409065,0.01170845468712955,-0.0009143295083764485,0.006655485120662412,-0.018941210139241275,0.023290626570481646,0.038765756430661075,0.0013504008411718066,-0.005146900783334024,-0.017585487269929763,0.01488780265273408,0.0003174419603341099,-0.008694041480257281,-0.008416736140086967
2025-04-30,-0.2261610954338112,-0.17438140202999072,-0.08971833709625844,0.1022296312704836,-0.07291110269620868,-0.0062446801572484,-0.022619632718247514,0.011705540977162854,0.011059715324505422,0.011413123612899916,0.00617066480602096,0.02111222489350857,0.0067694746660471455,-0.010889102771449942,0.011739585978351754,0.0032313026165712876,0.022977471926483115,0.017700990608070934,-0.0023791583865005093,0.0017395925976397984,0.025163857664504432,-0.0001612115645163021,0.01549455876182336,0.020182938535445866,0.03875611627230119,-0.013193766067315194,0.0017917008787781206,0.005159248079314841,-0.01724330524740602,0.007399272522717062,-0.03157166965469809,0.006621125512308323,0.0074672156211255305,-0.014623778207974862,0.0013752241847894379,-0.0003848848799496744,-0.019769429455621986,-0.0036453732285379238,-0.006625789463511819,0.0035905664234403617,-0.020760066559429885,0.014493700355348743,0.03302560607464133,0.009645423899249796,0.0033597520190698526,-0.024587066161325794,0.007524739840502575,-0.0008220865631493182,-0.006472388074589796,-0.006405393841660322
2025-05-01,-0.24319974621183812,-0.17736612547947123,-0.07214975558358629,0.10045123983688833,-0.10255319135359876,-0.008426674622023358,-0.028101161943611893,-0.041729577001554594,0.014086765375831518,0.036306117921224755,-0.013093138714882118,0.01910085245735038,-0.0035635137412634407,-0.02312132827304053,0.0024636700420933933,0.017285612344840027,0.007289547453270673,0.041942359379020036,0.007672131754085826,-0.02563627611878888,-0.036138631777135756,0.019808153167687075,0.01896005028132139,0.0007607746669451686,0.001507083953307322,0.025755326811621522,0.0291545077300849,0.00921426411569565,-0.008724331614872367,0.003641383034226573,-0.04246705886406418,-0.00562625683473913,-0.004366848524263041,-0.015348577319107526,-0.019655686398472552,0.008227831090444747,-0.0017907075477294361,0.007871552084207338,-0.0017230269961718114,-0.006361517829957958,-0.00968158861498377,0.021532416429500763,0.027853653024687963,0.011781402119900591,-0.0022156007185959383,-0.03818038057669147,0.005003985384169991,0.002970063773461866,-0.004061342448291057,-0.018224876404014243
2025-05-02,-0.3056268653813529,0.291842333108844,0.3406551348037608,-0.1353488560618124,0.08859400303566559,-0.0954178065009928,0.10078878025362906,-0.12038902425752776,0.22546018897615328,-0.05518917077973917,-0.1812947411255813,-0.04406247644295863,-0.07034808420320572,0.07357390104333589,-0.011461031548589223,-0.04497775438703517,-0.06301438771297727,-0.011480197936355283,0.037749463053084915,0.06952942772075428,-0.08165013357424808,-0.05381290290828961,0.02777658176114505,0.017808642486612458,0.0031609246369378795,-0.009014463453308667,-0.026014637769714386,0.05995505980142723,-0.04104418137012044,0.07617956935652709,-0.05636072888374995,-0.03559363868797424,-0.04098406337432398,-0.018749985699743295,-0.016662980866018025,0.013537058395161526,0.07376944336466025,-0.0026973111052115487,-0.1020680699759925,0.10462312289390446,0.06128876918740532,0.04697323083370738,0.04616417822954167,-0.08530324191136067,0.020063815444799113,0.006614397680228908,-0.02963900684489285,0.008077157536367265,-0.07542681871984092,-0.05001393853207468
2025-05-04,-0.24753822983006774,-0.14433740473051726,-0.09911580778462516,0.1324442686405844,-0.07416467467913618,0.009978166196890003,-0.013651708892105303,-0.003906171029804749,0.03773676420885842,0.020794045840826947,-0.0230185761189538,0.012160189842704339,0.011585059851588114,0.006643807904007061,0.0020442483510385587,-0.0010221689742397708,0.009421386093198085,0.008428557302366187,-0.00020526799091599403,-0.006037267574143638,-0.0035497453449628976,0.009277947071826753,0.004971575129554486,0.0067505604307715765,0.018610113237499334,-0.005751154542482181,0.003925742454128125,0.0019295614800128738,-0.007090355036559041,-0.005025219633514382,-0.020253699375480157,-1.5190046791142479e-05,0.0016218218204784728,-0.014895094237940706,-0.003826575317345918,0.0178825979488402,-0.00443469541658539,0.0031032619179188043,0.0034417747962532373,-0.006864885435838932,-0.025758001640089616,0.009166558070707598,0.027279469363274942,-0.006636010278453462,0.007047531171120613,-0.005499112101934933,-0.009806221531785505,0.004545124322357586,-0.011208529339718113,-0.0010403435629323023
2025-05-05,-0.2606007886151804,-0.144484958844843,-0.10375051103503888,0.11761299105966487,-0.06280614178749613,0.0096583875869029,0.00452277624790798,0.008845960926240598,0.043896223774512966,0.025197593939934496,0.00787935933225981,0.016640019434774122,0.01053064088310236,0.008028294206065672,-0.007701855988372376,-0.022487326787068284,0.02058510636525998,-0.002175709839117112,-0.02197897169810882,0.004623458383261859,0.02507650225651623,-0.011954942809541437,0.0030237382392179673,0.025402223093312814,0.039435339735851574,-0.0184013018254087,-0.002749686255648765,0.007845904647468387,0.012841112223809568,0.00814307649729703,-0.017904660436411476,1.743692954153852e-06,-0.002621237227312791,-0.024216370337214233,0.020115534997743954,0.011399654377116389,0.012373563424873835,-0.01640395095019206,0.003349904720545503,0.006164453141591781,-0.004595557692007144,0.010041452107459157,0.026679625109110736,-0.007894300947178367,-0.003833663227425031,-0.0016639923032296122,0.0029780870015542575,-0.00022488601151734495,-0.0020235840121555276,-0.007226467278518245
2025-05-06,-0.2860226677029662,-0.19901714161739134,-0.11915073513796502,0.13855226752484756,-0.0962056806216912,-0.006894887502745176,-0.021102276320296504,0.0011425813005421827,0.025430995104007807,0.024709174777485764,0.0009832309240976672,0.03264532081072287,0.0032453828657970124,0.004180427239573513,0.003135062415689046,-0.005958339672254897,0.02871230809365389,0.014418392779188216,-0.0054759061569828755,-0.021223333750989243,0.01348172779910161,-0.0036611587170006414,0.01366106304730268,0.020946432846236963,0.03833221806559786,-0.0051284804586603176,-0.0033297075788449224,0.02184455934252432,0.005187766677102325,0.0020313159986465722,-0.02638072492797684,-0.015314560784868302,-0.002173398514960997,-0.01724310564906231,0.02606143755738053,0.023265233735245,0.00686653498174077,-0.007405255783792344,0.004559744974006853,0.012539224403530048,-0.02479944795113671,0.01192192785460192,0.04228053869573062,-0.0023833389484373595,0.005677123092153814,-0.024903845717705153,0.004132968627554829,0.006980772832703881,-0.0071235740545775575,-0.008775573233654193
2025-05-07,-0.26994895335903296,-0.1479428586050868,-0.07909733065453267,0.12962444611196597,-0.09626907537890693,-0.0037623331056188297,-0.024949640425142635,-0.03356271438901631,0.038644070724998585,0.02648628563615468,-0.019997306398720847,0.030407062051677466,-0.0026552010955908354,-0.015550796840561152,-0.0022095870260832005,0.009878322096688782,-0.0043257434815089525,0.05996040727890322,0.013957469745365263,-0.032720824930344436,-0.0286700017662614,0.0031386499749153024,0.0243529235787175,-0.01819971086567172,-0.007098569825282291,0.009807259121865565,0.013482878297304816,-0.0011916720183883884,-0.008364137418290314,-0.005367531325404568,-0.032553690944680136,-0.003330931220600004,0.005241465197446326,-0.019483325501068897,-0.004769488228623461,0.015657492326369805,-0.0006936894775243923,-0.00206106696229009,-0.0024329035360720563,0.012774691464647202,-0.016099818194488417,0.015329893738723718,0.04629661174873059,-0.00459679294233131,0.002213852886167995,-0.030482685483458394,0.011621090947095524,0.003829198047963506,6.850638103925698e-05,-0.014057289710529667
2025-05-08,-0.2717684715886382,-0.14041804384606843,-0.07860531304789672,0.1383488193496672,-0.09272931030135272,0.013121984872165345,-0.019621855702331405,-0.02912168413659759,0.03432468912018796,0.0272126490268593,-0.029507102238771652,0.009193178789963586,0.0058207199346087144,-0.012492158111886807,-0.0028683335443460173,0.009168263847414598,-0.0156768254466761,0.049015871840820735,0.005506491975085312,-0.020679091243880576,-0.03142315298197209,0.0022344206425372218,0.018009290628418897,-0.017617281612486036,-0.019305912629598257,0.006237908719933419,0.02051138995937729,-0.006211511775481127,-0.013331223123722138,-0.02331254134295312,-0.030844275851249835,-0.006635037408467635,0.0022684130924806676,-0.016572570430576375,-0.015318531344408415,0.014145134388801632,0.00796735726521437,0.017483166374781468,0.003869475071141013,-0.0009721670092297539,-0.0205568397876349,0.016299241913805846,0.037295894028025446,-0.007475900673681493,0.009239118757804829,-0.02253519386190398,-4.1093423727864226e-05,0.006902898899157065,-0.01051801597765114,-0.010731710256584544
2025-05-09,-0.18854111335620288,-0.036022742894083186,0.11427862780867484,-0.3453495934708112,-0.08709699787436642,0.1453453455069898,-0.029841255611301652,0.01253311619305695,-0.18344878744328694,0.010078794046473997,0.1242864687032126,-0.060616879435923275,0.11330813267837844,-0.06632660549870782,-0.14370686731732327,-0.11938793651186129,0.12264532769043901,-0.05814155600075777,0.25479696534177526,-0.01429281335547008,-0.013220217776363487,-0.015184122235069217,-0.10760444853752717,-0.15265324670602606,-0.0161103498631355,-0.006465874342042483,0.07863726791471412,0.09329737661349567,0.0035394789322839818,0.05097093052158045,0.08189437955749711,-0.04956897115779437,-0.15943619044556115,-0.0672802691042062,0.15950739795284832,-0.1889730240470564,-0.10034906692753987,-0.3569189097595529,-0.013464972463718496,0.009302294419877342,0.03246419863874281,0.04827357654730838,0.23029028688465736,-0.12243157129028147,0.08124458590591878,-0.012309148597448135,-0.08505916371330073,0.044923508755857,0.022078490536213136,0.010634611400133748
2025-05-11,-0.2688580969806238,-0.16156839808480014,-0.07773597622914508,0.12355122836753793,-0.10314958528105812,-0.004140355599015104,-0.029526761786380206,-0.03910451584884722,0.02346339943869501,0.02772276219317328,-0.04126379378903733,0.017934195783147297,-0.012864423474553476,-0.02716919542596233,-0.006762489597318079,0.014819710125439796,-0.007533513719033677,0.06772692181671018,0.02866543487909241,-0.037952282286743626,-0.03916847689604998,0.016020026113663505,0.034960912265600316,-0.03274730971312002,-0.03581332022202347,0.022387838350915318,0.008417073952761497,-0.00010065352066968217,-0.011743563224292427,-0.007519387588506404,-0.03535500657133882,-0.01020124422560551,-0.003564140151551409,-0.005295319547432461,-0.026759014878100503,0.013977884714929868,-0.005128516236652676,0.01303046734331606,-0.0053794790597001055,0.0025867852426716817,-0.022107830407964397,0.011234366262237226,0.03721530622879389,-0.010497721847862438,0.017876332061206,-0.027651641153442447,-0.00015202038890296332,0.001753718058507538,-0.0025898733444223564,-0.02082292661814402
2025-05-12,-0.2811361420766386,-0.15707989735832165,-0.06615352661302898,0.12882614746627533,-0.08984417202836723,-0.0049676224151242315,-0.034629542305973406,-0.03552356504570211,0.03336160293741789,0.02128230048842216,-0.04175566579659194,0.025457683626057943,-0.0040744060274241056,-0.03201303546724254,-0.009105719183189101,0.02581521724662638,-0.0110615050805767,0.05200692939347586,0.025746688149702865,-0.03727908548660029,-0.038776424196127944,0.014069956934815513,0.01459029281470238,-0.021843193248729756,-0.025355587263781485,0.020933648538020835,0.023434601163645336,0.00197538165376532,-0.02754518744159886,-0.007082838986337631,-0.037070158029845854,-0.0136043080958774,0.008630010874437261,-0.011848963127085645,-0.011319001574833334,0.019937640151690875,-0.014869176471973614,0.016174901195136097,-0.004204460810479612,-0.0014874757022074279,-0.022935264613328274,0.017549227589425263,0.03461949032749207,-0.007956803278286352,0.023097056286115355,-0.024998880845303696,0.011663006580325895,0.01196872267942901,-0.008751215942766882,-0.008441343003956861
2025-05-13,-0.28226657160756646,-0.15531282784839098,-0.0924270093307749,0.1351674287713936,-0.09757254452698765,0.005017773257448324,-0.019243688362708494,-0.038436595191213084,0.05345342335514495,0.02869068291716237,-0.02646120209444393,0.030984609930137227,0.004075102689369089,-0.006566537564034697,-0.0021013060708535074,0.009611362283723992,-0.006870235514371879,0.04375353193920292,0.007616218812505219,-0.051394128263489484,-0.04557934494166322,0.002216866958238614,0.022678774690774645,-0.011079280470479784,-0.014657820517902492,0.007043719542377384,0.025722230502109675,0.01726051513359274,-0.0015815733123032446,-0.011175168719495115,-0.03970042900920596,-0.024852527896796834,0.007324972848869336,-0.017812350335290102,-0.0006985939606599007,0.02933591551764077,-0.004577214304537639,0.004188330566720712,-0.006942641045340023,0.015788495779351996,-0.02724933153632066,0.01843125082703185,0.038911744777571707,-0.014560145584839933,-0.0018710705502631548,-0.0349979945896526,-0.0015447026063856453,0.0001096509770332126,-0.016954048597230837,-0.009936726448635112
2025-05-14,-0.26067971755501,-0.14842210804121173,-0.08245562655586357,0.12728741979719868,-0.08501383096501801,0.0026394245611007405,-0.0274982436125648,-0.03553929426094975,0.03592562325257735,0.02127547919237237,-0.0315711978369351,0.025690885450083464,-0.006690018305200189,-0.02177121477097502,0.00852413992016606,0.028313242421194672,-0.01694768171679227,0.035757608646703735,0.015555462531481932,-0.033323233857645476,-0.03485328404613666,0.014479903910202709,0.02028383160494905,-0.017739902103912474,-0.021710148842465887,0.03721392917031865,0.024047816711117477,0.00035812058756998547,-0.009927005695913238,-0.015805780484964265,-0.019762157659010106,-0.013718787110550848,0.0026082170591477743,-0.004006718725718899,-0.022041012876298463,0.008815621229459317,-0.005019432113505271,0.010141314242748934,0.0007458358775359637,-0.0068444572038333,-0.004388855069934323,0.013046476583659091,0.03447702287132971,-0.008743127007333158,0.0036348971748558366,-0.027817702974617727,0.00924402686059267,0.0015020151778230072,-0.01867603161528806,0.0003215432163459557
2025-05-15,-0.2631698431732172,-0.1487311429410381,-0.07968297415630775,0.12086472888171143,-0.09584500642668001,0.009538669944091407,-0.036547015186363746,-0.04405920296722781,0.018825789798708286,0.028792407103936074,-0.03943907022912126,0.022058519558736653,-0.002394330330354317,-0.02441220858026903,-0.0007739180659088102,0.023437362256018442,-0.014806576705231783,0.04539939137728057,0.026399791095763576,-0.03275033116135746,-0.05028458467166391,0.023401591891142378,0.027544257987308425,-0.011518635955382054,-0.033048300495092414,0.02900415593851624,0.021653874829354776,0.012729692423459506,-0.002210478879864253,-0.001804060358854391,-0.02457586710912102,-0.012813449494612494,-0.0029856887568434722,-0.003107903769630001,-0.012206490934247591,0.014009477567162873,-0.017292404147714612,0.009785275154445211,-0.00037228335465478736,-0.0027915657627161565,-0.013554728076392379,0.01321302758324177,0.02640468693639195,-0.007543726450980892,-0.0026995036423791063,-0.030947678064599103,0.007863685935326582,-0.002432983078797981,-0.012775548244371313,-0.005579176653391492
2025-05-18,-0.18032445226918195,-0.14574848501623192,-0.10156370423584121,0.12218175864678818,-0.060270695547747284,0.008126649773600142,-0.0058989464103028815,0.02211172546788157,0.003615465038994334,0.011420847784689834,-0.016011321021868963,0.016433826896764432,-0.0062775182604277455,0.006398509306199664,0.006384053412512274,-0.0314210182859634,0.025652793040446,-0.007146677429559329,-0.023141463534796788,0.01494048961814909,0.04144922129401893,0.01212854330052878,0.006120579040264805,0.03865610573908599,0.041034800855697086,0.0010469586297189933,0.008126690826496726,-0.0010914751510672687,-0.0024117161009662475,-0.008006370239006176,-0.006257732465381551,0.0041109359684956565,0.00039087603924778446,-0.008518827236569592,0.003836666275968776,0.007918695647183333,0.008687818048903583,-0.008065302040916236,0.00038548912925091497,-0.00042095275856378784,-0.016513811257561278,0.00986316589750475,0.02705813022920066,-0.001383423171489093,0.013579077796820051,-0.00274202190946469,-0.0068523849825505275,-0.010376162655330411,-0.004403241415045955,-0.010362244644979864
2025-05-19,-0.22837579502401753,-0.12155943100951389,-0.09366419084858024,0.12386159888444764,-0.06831902803021253,-0.013738070365881119,0.004670613353693338,0.010408780700742568,0.044856789039871316,0.019053215078458013,0.028642950699421573,0.012226367319682947,0.006540192049816161,0.016936427629975048,-0.008076951995719327,-0.027776347426721207,0.03454670364844018,-0.009777701756662708,-0.0328276413348294,0.01749019214685097,0.02623739083068709,-0.023207453000145043,0.007356825429229984,0.031117884966701096,0.03481194408553768,-0.014232619692879863,-0.006369707505395285,0.00017344877448563213,0.01007920280804195,0.011019104176233535,-0.006662450631411377,-0.0019609220948201113,0.012875361986587225,-0.015264292004995612,0.014876266779580538,0.017562845614241807,0.0185947295606493,-0.00019161670031302326,-0.015809858725815158,0.011192418535407781,-0.023113779921621194,0.0035618171854410116,0.009139389280057371,-0.005323832689571454,0.0016907115690695028,-0.004174281657217159,-0.01858132591922588,0.011880285344030777,0.000733282775036078,-0.002092166758611457
2025-05-20,-0.25296104469795344,-0.14275755369061768,-0.1174446966378565,0.11825072933022449,-0.07273016002561744,-0.008912335251122639,-0.006665325988992047,0.03099309145217879,0.05901537751086069,0.014608022468680907,0.01706438971297256,0.028653359923581836,0.0018062871751170111,0.023880813570007216,-0.00743199172557563,-0.014171701724146588,0.021080364838462033,-0.028172451215668432,-0.026359122465174634,0.0007826570643182715,0.03749540670325382,-0.008584565204624575,0.01938147679952535,0.012755205504575347,0.049949352328649894,-0.009446409849393106,-0.005799778453550889,0.01547240038678216,-0.01186698077275574,0.01773593717406677,-0.0017626164380461866,-0.0033474600262530397,0.015855706964707138,-0.020697487057224788,0.0038782515767289854,0.014413567832668459,0.012048074034174423,-0.0022675149616455696,-0.008324520772571387,0.005516964332422859,-0.02056182268807675,-0.0016348843892744463,0.014371853446843037,-0.0066814147246138855,-0.005616866933039806,-0.011597536913950731,0.00697436904497242,0.011007838779604744,0.007659064328752446,0.005210597497510853
2025-05-21,-0.250890988947557,-0.17968172156800025,-0.12493344872197631,0.09983723399735792,-0.07974175321899854,-0.006746131749909106,-0.02027917408241531,0.015036289462241854,0.036556686360642486,0.023061858797417643,0.01176258527854921,0.037751822087231796,-0.0058516576336052105,0.012654385249443624,0.02028303108283307,-0.018723334093888308,0.033656960394111056,-0.014976753114123758,-0.01832467535337279,-0.0024336209069295103,0.027828910158131475,0.004307198025709315,-0.006793856185680619,0.026624922545243984,0.04081382486123251,-0.018862695071268674,0.002337392938527442,0.006921617766539132,-0.000907826679579902,0.008556709214951457,-0.018784764762879273,0.00835479264860354,-0.005772615922058439,-0.019693499417722964,0.008733123218438527,0.008858095710270516,0.006699755414555077,-0.011099953053414362,-0.004298859519721465,0.018910432486365907,-0.013809263413885392,0.014474511763179454,0.03501538469253878,0.0008630512291632539,-0.00560822904857992,-0.02229434608359507,0.0003255761801266819,-0.0021635416438869973,-0.0028487480406369304,-0.02717293734694324
2025-05-22,-0.20152636523671993,-0.13834977168908336,-0.1114964584279154,0.1120144671831496,-0.07001405536448438,-0.01118703436466361,-0.036219822007550875,0.02344197741292525,0.029928656197238748,0.003589365002168354,0.025848725170260302,0.025673189080710073,0.0029885728819498084,0.019985507461583077,0.01686279119463611,-0.017526338739743137,0.03611646649317844,-0.022445095334636855,-0.029107671128394717,0.02022140767701873,0.03721718613580907,0.0071216202728702155,0.0034830227212725444,0.05681019562244912,0.06181775205139888,-0.0219718179271625,0.003284238207180769,0.01820460631993035,0.006383179735425688,0.00969977978143352,0.0007099404213869889,-0.000987703448915695,0.002475404159011358,-0.011236523165617957,0.017233396743911587,0.005479132511968269,0.007468602534863329,-0.014782769789915226,0.0035835775037013676,0.006596703184815946,-0.008941461895388247,0.008020482126367242,0.025574238366672792,0.00864097120856646,0.0031604108124117713,-0.024240464174581023,0.004737595648460922,-0.018458992829916213,-0.011275166863015574,-0.0025143507785473237
2025-05-25,-0.21038219625287582,-0.17264225625511898,-0.10398346346963652,0.11039969336458651,-0.07489463561937794,0.0056893081843818385,-0.017737736037442053,0.01994882798734894,0.039591578529761313,0.029227451053903838,0.027105861255587695,0.028187973956362657,0.02015590174772129,0.04588128947764645,0.013437855545724551,-0.048205514032876186,0.049021087027252976,-0.0311114994619164,-0.02965393549916724,0.00814547727015071,0.0483472381440147,0.009960556370959677,0.008711906531512867,0.05912850824904257,0.07558984467287345,-0.009416744460060867,0.00042878434895284815,0.034003900672453416,0.006310752535784454,0.013034873988581828,-0.032072255730925606,0.010451595964792566,-0.0011995605859805327,-0.024566470894646506,0.03462812577052581,0.01889912023934741,0.008855132708837308,-0.01319800818307176,-0.0037957906307406783,0.014631049410359856,-0.015008022159965082,0.023471668022880244,0.04154119347426674,-0.0036886173946124494,-0.006281279771624433,-0.026909798188486152,0.0031223384541749985,-0.004212935741465215,-0.002896811619427787,-0.01071422473779559
2025-05-26,-0.22301131232044713,-0.1440920501823559,-0.1093678056357327,0.13038674265690883,-0.05676544947338756,-0.01478565241800121,-0.009250821422883545,0.014100586675479804,0.041334296925488984,0.010270931625799055,0.02199877986482808,0.007810040061026636,-0.0016768633887228317,0.018503569443257626,-0.00400388322930301,-0.02132603441344676,0.01968029169543497,-0.03491003415072467,-0.02370274458572916,0.004834388099331296,0.019840946401203575,-0.019204996003588052,0.015036381214344828,0.04112767411527086,0.05176854782000479,-0.017600555618668114,0.0013728096518849683,0.015626515172114497,0.012789532306589455,0.007814461161539107,-0.025886466928841,0.004529267976646362,0.01624730858594638,-0.015390862429111151,0.019723461566974663,0.008859722072228977,0.007898348085290578,-0.013726673819404619,-0.01477976325330444,0.009602962387447308,-0.018771501308064868,0.016588437388566028,0.01554410872889683,0.0027817987775053295,-0.01813960028194218,-0.01155418595413731,0.0007754843453807915,-0.0013740262210659927,-0.009285438327552973,-0.017237869671702696
2025-05-27,-0.22814996757204328,-0.12072800068581646,-0.11762814553120952,0.09775431079000135,-0.06262577190639941,-0.015984721990068507,-6.247010037128774e-05,0.009149990014193494,0.046345462340679634,0.017311139375081327,0.0050238986393619746,0.023512199403224344,0.01175366804566134,0.01312135131234981,0.003679756419173228,-0.02878894654460547,0.031511625694754845,-0.021864113800907244,-0.029860666493011345,0.00826633813855502,0.028857669744349123,-0.01812371466696174,-0.004736716408009686,0.05380390540721631,0.054506496206761235,-0.019233936339481988,0.00208685207817421,0.021025072022440142,0.0066195335151351,0.0023205259417341463,-0.009067219116988616,-0.008105565587956397,0.0018492566863024416,-0.02046890468475139,0.01631754048415557,-0.0010564731422619774,0.016115064449640774,-0.010152552017118475,-0.0009242731513960064,-0.007671078991465586,-0.005360973724798459,0.011077460924274212,0.01951747246513198,-0.00019962215086866518,0.0013439570805493313,-0.01713057106246954,0.0012387295946524846,-0.01483478245372442,-0.0025391437781196874,-0.003645997997436091
2025-05-28,-0.26047609371831837,-0.1838147107504025,-0.14603653843751324,0.1283145079849382,-0.08865637763802205,-0.015349076440824923,-0.014135792986205672,0.030603910331674634,0.004804781875167663,0.025233586913270437,0.023713340375645327,0.037032447113540354,0.020395533032541636,0.02545622683284686,-0.004102747473566181,-0.007147298719520878,0.04131635368930986,-0.04626565042152177,-0.0423116185124182,-0.0008838775263970009,0.053669629563347865,-0.0016738309182587191,0.024444428186626576,0.09118658699517315,0.09269391382555812,-0.005556605707243983,-0.0028333894558166674,0.02976380346733143,-0.0011856114900925612,0.007086617033181344,-0.04089480158789479,0.0026541198303655263,0.018016082061770154,-0.04098289303190479,0.04042721091980056,0.021302197446292907,0.0007594552777649943,-0.024491182832006703,-0.0006020261072085407,0.039833086936352576,-0.038747231943598595,0.037524254891372316,0.06230536513601466,0.0058254293039367395,-0.006799470805177311,-0.033292833184752846,0.012080153023336886,0.003586231371966159,-0.020499516315158953,-0.015386261701962117
2025-05-29,-0.2501327778715959,-0.15208708930878753,-0.117623451233837,0.11457963056432255,-0.08579901487952056,-0.0022539899127496346,-0.019947687980545845,0.02741447605775842,0.01521863855395317,0.009425703435588186,0.0029701954475343105,0.044667273547686966,0.00963517702681941,0.02583300412379228,0.007175701272512105,-0.01983195506852079,0.031401677778235,-0.041382560786180723,-0.03936658380908256,-0.0033839495134722892,0.049469498615321836,-0.009513759036516746,0.016138200798854196,0.055988760117898516,0.054957059461987284,-0.01879072742505735,0.004430286257771871,0.03132266468851304,0.01053410980103543,0.014741219322820284,-0.023489760742907047,0.005489830590950057,0.016644735349492634,-0.0345511984471806,0.024199469232404066,0.031102770264693113,0.0031831716533404063,-0.022835452094943032,-0.0024201094044914127,0.020788993786286698,-0.019754758962696163,0.009546772016385452,0.04190418482132136,-0.014537357003925819,0.0005877996849149915,-0.02409348464452789,0.0090777921859085,-0.013150767057053672,-0.011102221331808364,-0.0017486971312534922
2025-05-31,-0.36393063974489853,0.016967230579273563,0.2311329614820189,-0.2355989790532103,0.03568276888455602,-0.19964952823797394,-0.06773791307875572,-0.08453982659111624,-0.22533583508758115,-0.1118626074752713,-0.061309288101213985,0.2626697584205582,0.039519413597786435,0.10652613738886883,0.24069391515460606,-0.20754361906541566,-0.0903785599219839,0.03614925232193265,-0.04574848502074407,0.07721659338849533,0.07661692900996245,-0.06261631907692602,-0.0009850660550789346,0.029753218049322523,0.02982874261166138,0.08063946820744634,-0.003412906796215532,0.0034016346048020792,-0.0647934994792177,0.15835466931469375,0.09204824034286618,0.02954487554407988,0.04880684840243534,0.046542049848519264,0.03330614905799552,-0.05701044239893452,-0.08993521451325656,0.024913745809644363,-0.02744726013758047,0.023945749355734552,0.042250259163100275,0.015750496423052304,0.014754569974101609,0.08613415455555255,-0.05903621368410363,0.012284681855412743,-0.07184610712623393,-0.005144105107709399,0.03267422961858023,-0.08559191283240156
2025-06-01,-0.2571487095777633,-0.17997757788693114,-0.13650549639786264,0.1122823821548509,-0.07676418855032205,0.0018740217129820417,-0.012123548590395444,0.021242491210682196,0.02791691411509161,0.019621358197455842,0.029436928370352958,0.037775728780535194,-0.0017321757801630677,0.02277767502743445,-0.0027864762584728442,-0.025389379069499642,0.026465352004489007,-0.03205902104182404,-0.026965972471660066,0.00524925099319786,0.04488692452977291,-0.007880073303814265,-0.0018636364541994264,0.0541720891981398,0.06839481439192743,-0.02247370726752841,-0.011986010793932833,0.019973095669031823,-0.005513310425128461,0.014176777290514019,-0.021929427585016082,0.008360308226890474,0.010396249945052527,-0.019398039118381102,0.025167852270466726,0.015541690470107618,0.0036351980702754604,-0.013574117160632239,-0.010275753789890868,0.019055330067098558,-0.02053955784997679,0.012822232921607812,0.041865734279318695,0.0016272485432639989,-0.00207175336189489,-0.01828336689603373,-0.003296499846660336,-0.004683284714349507,-0.00775788382646968,-0.015634619561143405
2025-06-02,-0.2412215654148183,-0.12261225695577362,-0.11091725896063513,0.11050321129759579,-0.07436022376285915,-0.02793759493777421,-0.00037229310227757274,0.022258272693257166,0.03052092548522448,0.016721289707595167,0.0019122937061094977,0.02692265533222146,0.021853597513185236,0.036003307039070134,0.014062972712727813,-0.03861338289356692,0.004448913842306007,-0.053472175632382865,-0.02692796384949045,0.0015414374287501267,0.03711394306557653,7.523563553040286e-05,-0.004707044866859024,0.06756323041441721,0.05861449699411367,-0.020646451162966435,0.007595617472824396,0.012962984748481277,0.011294317157921662,0.007513233580012505,-0.019419669155823095,0.009664001815850047,0.012304328299730726,-0.02912033692203748,0.01718120040414624,0.007652472785083751,0.004799473511712587,-0.017216134702908604,-0.01722103979028522,0.012470232509659694,-0.027037583689192242,0.012978065305242094,0.014828479747956083,-0.0004139494882277859,-0.007492679720065918,-0.01836838599428323,-0.0038560668575159662,0.00035195829587209146,-0.00107927830064307,-0.005856292402962348
2025-06-03,-0.24635081727951422,-0.17636672116457897,-0.14370637990738672,0.11268516003288358,-0.08324359757385413,-0.001771910627954726,-0.0055499694227212895,0.022749906139076678,0.01445305099302955,0.027998125058803645,0.022718352750539836,0.029113833884607435,0.02005973887986557,0.022932314817553298,0.005704714984783749,-0.034765643465667656,0.029249736315545366,-0.04411471978747542,-0.04229423815364075,0.010595206435138733,0.053684257937617934,-0.0010484048921016453,-0.00350887899808305,0.08663389285354806,0.09458725280821106,-0.03833896315292713,0.008266213416512586,0.03364583499717804,0.009138622100274316,0.009108606551686094,-0.027004993417191234,-0.0017910969605386359,0.010172233443748175,-0.03984524275548497,0.04233236607618387,0.01822803098645943,0.01867698751816985,-0.013978038497783968,-0.005919043294028865,0.012364329418919368,-0.017204625269792877,0.022296821755819464,0.050377962425069346,0.011087971895551208,-0.00397066422214116,-0.032588666514949884,0.006561618216299127,-0.008280927065153102,-0.019884530440145612,-0.014689644485603233
2025-06-04,-0.24967791973662265,-0.1922868500269112,-0.151205187413182,0.10589850320313642,-0.10729414826906321,0.00681521571484412,-0.001044564110610104,0.010223553459298308,0.03226639950944011,0.031246946379275997,0.028746129265728983,0.031084068848726124,0.012543588421551207,0.04373564472159087,0.008270977970711291,-0.04172738658931481,0.060155135097803396,-0.03462296217578908,-0.05181607985871052,-0.004112909330099984,0.052544987933801066,-0.011996076669287198,0.00262065025345057,0.08251452744005416,0.11237990337465054,-0.0445677140054421,0.007601028475519586,0.03069573443634468,0.015391407752646335,0.012385600059642376,-0.03364822003586625,0.0025885003454983245,0.010695584715381084,-0.04733579226626114,0.05812967859122671,0.023153866937832605,0.008878860504306571,-0.03892068379995109,-0.0020987865681547286,0.03235778688414701,-0.025979584301017038,0.031902012489101815,0.05103000600705134,0.006444796302034957,-0.013726957414741624,-0.035223486002394624,0.004568097139350253,-0.0024297883345671856,-0.017612473503725686,-0.007849446998320634
2025-06-09,-0.3671764354754497,0.12564826563715556,0.2639705116037374,-0.2770762689010409,-0.06319756199286156,-0.1926815913922813,-0.05668736954726868,-0.051063802048511804,-0.19474361042869887,-0.05509365051243232,-0.15553622309159995,0.27199472609796493,0.006518797369447299,0.049173358219036054,0.3176945196587325,-0.2069835152212721,-0.11811965356853542,0.06882338478580984,0.05908319451504108,0.008242639144626529,0.03939001057115374,-0.08001314023960518,0.07604235382529752,-0.04059069680357234,0.007497401027454398,0.058892755995196645,-0.030350315833396643,0.006627036288841086,-0.033162432355193054,0.06316068452555144,0.017251290208118095,0.009685085957838192,-0.03560061168486161,-0.027619442318141434,0.003949555761348396,-0.024364041875262366,0.01748037614203135,0.048734952628375995,-0.010310409939336872,-0.029857330091160664,-0.10266675754273548,-0.04610511672136936,0.020207563761344017,-0.05185756888326381,0.04017619243335285,-0.002182090534111813,0.018275912181015357,0.0038269318914834036,0.00473412264958123,-0.022302911847011612
2025-06-11,-0.23184206232399246,-0.19166802835873617,-0.13562079960320303,0.12655419680061114,-0.07467768185274545,-0.0062141454513362435,-0.017435132864475674,0.023899484238498865,0.006473898904849956,0.02431868145716307,0.015084742273911392,0.02971390077293048,0.003972210489208668,0.028692695180549482,-0.002361705784184342,-0.029440787516315965,0.03612026925658617,-0.02618313475047642,-0.012551514453794974,0.020246092515182522,0.039241681658559104,-0.003943584489337758,0.018772482438882743,0.08362381441239061,0.06303034567398863,-0.01009704798984855,-0.004027813688653441,0.028923533939040045,0.027356417648795994,0.010257081255977001,-0.014790319528471372,-0.001258224710215532,0.0025000783750939995,-0.026814699780893632,0.05079360700260241,0.005528807247039534,0.015038920977997916,-0.01364499142182043,-0.0007048878703414406,0.011815106355204828,0.0023268480725802104,0.00981307219146292,0.0036093493680516473,0.003252924956511718,0.011298617030187405,-0.019794830157426373,0.005430165073888991,-0.004426923930276912,0.0029252710482588354,-0.0036271100947393616
2025-06-12,-0.16925903997736708,-0.17198254845178695,-0.0730734038338522,0.1386339482559863,-0.035914280269427425,0.011913235982932938,-0.01991382759052805,0.02115115442638489,-0.0010311630608571235,-0.0022339861549885444,0.030720876822904055,0.03715830597909202,0.009502133635185653,0.033876875937269825,-0.0024783081744008365,-0.01370673892930638,0.028249881895295353,-0.01949696481097634,-0.030286817193214237,0.026660384666365205,0.04085235071959284,-0.00435447766160087,-0.0023394657685574575,0.06832723418568543,0.059463053914159784,-0.017163566022711234,-0.0025489853299408356,0.013824477723197387,0.012090373558082911,0.03223793114176001,0.01954167118278383,-0.023288083976748322,0.00010099696810410505,0.01422614235458548,0.05203190266504912,0.004240086406882255,0.011782901857765857,-0.018182365871437872,0.022032702455594782,-0.010380056296056497,0.0016764172558058484,-0.004727953041157152,0.0256052383920671,-0.007995059573609322,0.009913093709418817,-0.019938395184652805,-0.0031392790636287663,-0.014927245172222433,-0.01833792189856324,0.020866864389872418
2025-06-15,-0.20456722240996555,-0.14589382784722396,-0.09722993288211805,0.12006830843175617,-0.03978320185469831,0.01139248449036178,-0.0009253152477519904,0.032234880002623235,0.006690938355618682,-0.009268213040445963,0.0049890924584380545,0.01797101608811109,0.007621789941356308,0.011968267224254599,-0.007740980666582725,0.004165243367955655,0.014337936424554996,-0.021316034105814726,-0.019876299117934645,0.03629681832504233,0.03326190507818204,-0.0016394732855055643,0.010484461771443179,0.02181858222003922,0.02773346000482013,0.011427433189940366,-0.023251496906686916,0.011781658862324827,-0.001927078296442394,0.021699686272200383,0.02164855469165375,-0.008795661424144402,-0.00038688896138871397,0.005967032805022508,0.018902580504295528,-0.00240756657020319,0.015326646223391817,-0.018145763944847508,0.011256372361442576,-0.016444684314114867,0.01917722023475603,-0.015187898184002357,-0.01687394634043064,-0.01816730484982289,0.011202027418661008,-0.010988013057017427,0.000306554384169421,-0.001227832352222887,-0.004598480510013956,-0.004773569025860352
2025-06-16,-0.25054015203900476,-0.17024576196133137,-0.15278464804994024,0.10228885734775144,-0.11148007274121584,-0.03005316643515864,-0.006802376407693445,0.02083165386280118,0.03192171813318353,0.024420896085161,0.02093369133540598,0.03266701717020395,0.007061940276528399,0.03231086493774325,0.01922861919984604,-0.046849287059758174,0.025048850430389843,-0.03198048503641474,-0.02302837048783179,0.009082139834988847,0.050079617615895175,-0.0027848723315210978,0.002540972345528499,0.06164526733599831,0.05567579734682518,-0.022277787917985643,0.01764476388303148,0.03508111012966258,0.008191845935904702,0.00924020462663251,-0.027665612776223508,0.00307699192701582,0.0025498462494910816,-0.03900649714886223,0.013606859083963639,0.015205213388442666,0.006080035501592451,0.004570191179205277,-0.021139881513996053,0.015037285339801315,-0.011758875874877412,0.02897637893678323,0.0232956583997901,-0.004414868631191759,-0.0013645678741170252,-0.02344700804165193,-0.004220704338248316,0.004149702945978118,-0.008249251154497995,-0.02200160260691941
2025-06-17,-0.19629826714557636,-0.09622019688375001,-0.08473302211464404,0.10663983248066869,-0.035032598904435754,-0.025741486820114533,-0.0062928056058189595,0.01902807252191252,0.030135958081789104,-0.003268662493032504,0.041398783524050235,0.00222058293993412,0.011601639831313971,0.015794701852158168,-0.0068055803371210345,-0.023731086358968354,0.006326693440523113,-0.021947073097585812,-0.014021418131375247,0.010948675609161943,0.021418830342309902,-0.011224168776618679,0.017268264523284487,0.02134676055349387,0.018736049366352155,0.0053840856408746895,-0.01095928947283987,0.0015012098468382526,0.017765613896453435,-0.008524646623674446,-0.012526079057132598,0.0026771089481760616,0.016908389588957195,0.0020995706052573705,0.013813403086917263,-0.001031801317209571,0.0359608587268103,0.0019470993702981633,-0.032211512625003,0.007374462794045019,-0.0199901248709778,-0.008622684122925049,-0.0066161671339531455,-0.002051279924316838,-0.0046916694920529625,-0.0206035564636645,-0.00922547569422515,-0.007395482159438004,0.020422624835523547,-0.010183277897853516
2025-06-18,-0.2044802414679598,-0.1764530004615827,-0.13384792484916702,0.10183668334682429,-0.04069520471200655,-0.0062438216185302705,-0.024410421519252202,0.016875960730342157,0.0021918153901406357,0.013146098701751131,0.009885305250755332,0.02561308712863634,0.014965496856480635,0.033140081711472355,0.00250330748740516,-0.00601799896374282,0.044403177374228935,-0.03173618925429451,-0.026050083921729732,0.022149761811819133,0.043145724753886734,0.006609637489097843,0.007631144346395651,0.049123971153792426,0.08119157119263802,-0.0076342530228499135,-0.0104106480082279,0.03305970321507871,0.013360169276417725,0.017805092023037754,-0.011746791396616047,-0.0006548139153667208,-0.003714421872876247,-0.0016140242221529702,0.033044499251345116,0.013081277965956708,0.016901323884626816,-0.0019772296641528387,0.006315419469618923,-0.005842680658007686,-0.020854223133433915,-0.0010849776067153325,0.018652411028761178,-0.008430672458835765,0.009297701787396449,-0.026036757243608127,-0.011265835897456862,-0.007725056649152028,-0.008084199471936908,0.018216467312942446
2025-06-19,-0.2602502690823495,-0.16801152226084826,-0.1347374408397095,0.12455698367780066,-0.0806198166499274,0.007286810434228762,-0.02030800819641211,0.023549851048407455,0.02895328383804816,0.013708237226100208,0.026955115720808377,0.03781575374742683,0.01598768330247815,0.03941442941751377,0.006636212856938558,-0.024923124514093932,0.04158748518705663,-0.04221254443905805,-0.047600483125147246,-0.0026554410985598475,0.047434957448019656,-0.006277022281877273,-0.0024433639852728464,0.06649512460865865,0.06543463773231005,-0.013081226645405378,0.005183286451691367,0.01419765398681361,0.012865217696751818,0.015151481566703292,-0.011604880198431713,-0.0003685312778374697,0.01085311836011778,-0.02450470654918325,0.03203230127197682,0.020924449284010316,0.01714301246494112,-0.017892100288956107,0.0008221992351591604,0.01613347210136489,-0.024671670322070124,0.020421607926074965,0.03160382215377365,-0.0161863199780603,0.006680532442059871,-0.018429902922133173,-0.004901475645430184,-0.014331677248030096,-0.017461467117529876,-0.010247795431637721
2025-06-22,-0.24529197007425188,-0.16660184321793584,-0.12263031220559181,0.12871888252360525,-0.08737325461840593,0.014381160250774088,-0.03575674853516234,0.03714211503602428,0.025621113992474853,0.0028661103378756487,0.029384098358911388,0.03641570110769252,0.009452212809600674,0.04697482173849827,-0.004405572338293922,-0.02187971661867478,0.03339695681140288,-0.040296020682148534,-0.04096221672785879,0.008431734384694467,0.05502508475795167,-0.011084121042921218,0.014236080586102692,0.05604467439062284,0.06347200840752512,-0.032344297688806325,-0.0027109891238609194,0.02757056392821438,-0.0028151761641363963,0.019015696128173016,0.010902601678724201,-0.008452569114763367,0.006643242934877839,-0.014190447487725003,0.04331844280909651,0.018793939952326023,0.021300131077167602,-0.004856539370736314,0.00025265520362932256,0.007701285899662777,-0.003921344861927875,0.0031450147013602032,0.017942478243254824,-0.009843094919765044,0.01874356826018984,-0.03382885963466884,-0.0031609739382425263,-0.024682231864657404,-0.003858375464952824,-0.005680593438550468
2025-06-23,-0.23055298230400856,-0.16412300755713016,-0.14775582201044546,0.10055052652406692,-0.057124856713797904,-0.02055383009251809,-0.02265184155929454,0.022499336393513026,-0.011683308383406428,0.016420196363582818,0.001888797448427778,0.0310450151174236,0.008595058585412456,0.01962985774217015,-0.0009602245286224668,-0.015196355870471186,0.03153474705462287,-0.040839580614001614,-0.011736340131374864,0.01334529363987338,0.043382452943490725,-0.0019520810963073658,0.010081500214168067,0.038946220026873875,0.029748711788838738,0.009546600432130199,0.0014606404346080427,0.012053423976533202,0.03265362250037079,0.00829808585252511,-0.016961177068289358,-0.004133148940355292,0.0015859831194169343,-0.004048036360660326,0.007885289584747353,0.008260831902703183,-0.002545066077190233,-0.002243111851505247,-0.002010337061289813,0.010404065406659635,-0.021180066005083036,0.015890720846372185,0.019863031699441792,0.01119661514793204,-0.0027281016334474643,-0.01727519700413087,-0.005621740739006917,0.006379722340897379,-0.0031037442244239957,-0.005962060277011056
2025-06-24,-0.19835623144015693,-0.17177444519223758,-0.12045097656260997,0.1268043916470827,-0.07267296970158668,-0.020155325952776932,-0.023293614689062915,-0.0019357832175888347,0.023562920284599182,-0.00406838827200397,0.01755970911001963,0.023310979394527278,-0.0026243153707164266,0.015762366314689167,-0.00015330397171935993,-0.028748119872844084,0.03129778498315767,-0.017382717437562433,-0.012767599048261693,-0.008927711470870734,0.04497983615679083,-0.0015073481329226429,0.004118424449298317,0.04124503825416366,0.054370138862550585,-0.016538833758014293,-0.0018363980770567659,0.018972108642536394,-0.003058018485231123,0.009233477216930583,-0.020225606482758063,-0.0003956255052662653,0.021420029184025358,-0.019662454890051077,0.01864593327503735,0.010601598206709573,-0.020296349476099894,-0.009096921429548455,-0.015484046678956281,0.020645507229413464,-0.025245207782373016,0.012860721683465994,0.02134727524829249,-0.016533058889961906,0.001983413162536276,-0.026035871057383943,0.0029217852382986747,0.00487755403671745,-0.010483606279699879,-0.014213931744929926
2025-06-25,-0.23050964261697285,-0.14958071533681763,-0.13731006679485325,0.10805306348510252,-0.07287342597797544,-0.014266631714388368,-0.04521509378724428,0.024841396608808047,0.027044765748392922,0.012145567291221411,0.012474924158276416,0.025851440502809905,-0.0058992133180620545,0.03128074326572046,0.013531873166585062,-0.010737583283907939,0.014258858370190213,-0.027316161595214633,-0.012461280275996118,0.0009250169373727691,0.046826513840477584,-0.005822694023661923,0.011189603322736363,0.05251011830712301,0.0395457169240745,-0.004465885383884109,0.0031964927711910073,0.02303483777053706,0.008585257007941147,0.0076038869162445505,-0.027800925104095583,0.0050004439348380605,0.016985406188771104,-0.020619884924743502,0.024627613614413724,0.005184808871213459,-0.002581166469361593,-0.0029896709078946204,-0.011038521077784937,0.00851544968393051,-0.011791981041197242,0.00894910071685572,0.019396308975467902,0.0022943858984467227,0.0018613777416835603,-0.02358086495017146,-0.004573612936269947,-0.01461498726818459,-0.008735059527722706,-0.01468569854559993
2025-06-26,-0.23855480181741692,-0.13756013103033057,-0.12505264475669833,0.12516775799720672,-0.07839420680453814,-0.023377405882066736,-0.020808937411462714,0.019132650886871477,0.038456854569992975,0.045469189329151345,0.020527194787745468,0.025292158189012915,0.012890729776502614,0.03638134054373943,0.014567111266813426,-0.022661668646547024,0.03583899143506028,-0.027644169489566967,-0.027698536926009883,-0.005548695579727022,0.057185249954316425,-0.00675422994433201,0.023129350967235566,0.0409002038247358,0.053461537531662065,-0.006371047355415917,0.003053946781956764,0.038452950081825234,-0.0015282782852511611,0.015669418680071375,-0.024464515250911697,0.0040972536123482775,0.008420764533761513,-0.024070206227597493,0.03275614178743647,0.024616119861795103,0.013384356294127524,-0.009720628169185655,-0.00594955379688677,0.02430015034173222,-0.018796503733096007,0.012798600612462985,0.021911465837564384,-0.01366188885636222,-0.0020444487387838335,-0.030110808118931204,-0.01667375723031494,0.0007968726877543822,-0.007009304079835469,-0.010271437019525664
2025-06-27,-0.3633751185480468,-0.0019547539221987245,0.26758660536666784,-0.2736891847617733,0.04270890929970045,-0.08354193463681393,-0.10144793088868877,-0.07678140822792928,-0.19945217798378018,-0.052736782937482976,-0.0965441436295627,0.20754026975946047,0.06532939077023321,0.12564666926857004,0.2836441909964592,-0.13013241300898526,-0.08738870814084937,-0.03717440509405911,0.09496281065551752,-0.08688564320095264,0.02971544240557767,-0.03056897126268256,0.020596657311018885,-0.022951644312653032,0.08224918228447055,0.10776182353367196,-0.09082588737640186,-0.03115064107705213,-0.08099966816562608,0.13167961386726454,-0.01599372142592093,-0.22417715811669367,0.12230042615033382,-0.0017416579722738844,-0.06541594235081356,0.021130772027066994,0.0979912011481599,0.029820216191045502,-0.07793079482598429,-0.01730960463782704,-0.021801866168414546,0.20348448893946533,-0.04224543839655293,0.036540241248607976,0.06222769308114822,0.09753405613788974,0.024284908080298442,-0.011759261410786304,-0.03262993027596606,0.0377014752043388
2025-06-29,-0.255552343774899,-0.16759392364887093,-0.13112161487923038,0.12254227783872985,-0.07879207638057723,-0.014433674128126553,-0.013697514087519678,0.024320367460858368,0.01956371249166849,0.021615620266803033,0.02051298491459401,0.0187084520373746,0.011581573659760175,0.020670907599483545,-0.0018282548022360856,-0.021638194175625552,0.021238477807397182,-0.029918442484896137,-0.02603337883197798,0.0049270531066721275,0.04676086578337499,-0.00884633712593332,0.007715288728887517,0.03576550233525964,0.04085452151073769,-0.011354027922522604,-0.013212257033133692,0.017244601644385155,0.013853904219789973,0.008562971896112005,-0.031160019969267448,-0.0011523368913387364,-0.00020650950038269216,-0.026812293564746865,0.010416093968958458,0.01483456312050845,0.009484775319451027,0.003154505524833667,-0.005914019017450811,0.01779855621441068,-0.004841666291403813,0.0061741471529409495,0.02221463721123714,-0.011498828071732116,0.008932817594391598,-0.015911815106483086,-0.01785944113484247,-0.0029400679036486062,0.00116371642173417,-0.013783152612853743
2025-06-30,-0.2353318750545705,-0.14564406105781016,-0.14737224777001887,0.10410150296575586,-0.08191488522420211,-0.02401378364676613,-0.018062715817659423,-0.003842406801428959,0.014950573430718036,0.02274949449629111,0.003365045999505697,0.016276068057014408,0.002590914580660729,0.023401265623221222,0.002746078022543663,-0.00875978996806657,0.028402643757545316,-0.025666134697653924,-0.017293905536952054,0.008126671212550037,0.03734182853949918,0.0034987651990260843,0.009838679534851033,0.03492007754611515,0.03234188908741459,0.0001412539709046834,0.0016319964451640737,0.023081396224691707,0.021457124380742276,0.007101614593071082,-0.038712963222644246,0.0017755856852414175,0.003597471349636657,-0.03251348457133772,0.015265653279181314,0.020585591087677223,-0.009640598386912414,0.0006842376777969079,-0.01305116795837125,0.010923497019435832,-0.005781362096780039,0.017685349649983678,0.029179704294109203,-0.0056993509111938475,-0.0034326605463371037,-0.01666007114728893,0.008961739002334842,0.0032624655819466037,-0.006239806491679617,-0.01933214577168439
2025-07-01,-0.24209457239392584,-0.15310559051339656,-0.11679069362265924,0.1207363163831697,-0.08086872971360423,-0.007070171241042127,-0.02495918243904173,0.013543443489978685,0.011725226925910055,0.015366053154808518,0.004504216133842073,0.0073817727980268555,-0.0006784179327053254,0.01647665400658208,0.0013530468839873999,-0.02937179163229655,0.01387441554046786,-0.02538046698842265,-0.012454680880042744,0.007445552474263084,0.042407003304139934,-0.003574009451076527,-0.003137826660206824,0.03179686800453399,0.035492166687872646,-0.004464766206962412,-0.012977101578367933,0.01038246224144604,0.011127734438066113,0.008664215277634115,-0.022109978074836577,0.0019193572896201753,-0.004255021882015641,-0.018195668441890123,0.006037810386657427,0.01324009487350402,-0.0022109783160554797,0.0025703360936709567,-0.007115940610180959,0.012342225515730264,-0.0022662622357699056,0.008259144046850164,0.0039079299546345425,-0.004831965777098087,0.005886734450964816,-0.005474703406649584,-0.024873516892248086,0.0015981731762332928,0.0022074149088502195,-0.01633398393245345
2025-07-02,-0.18810728413767405,-0.09109481008958223,-0.06499969436951723,0.09557532766827673,-0.028464220164068185,-0.015576606653149569,0.021611811740996408,0.022325492438534208,0.012368566732573801,-0.006078255445371028,-0.006596148757812262,-0.008811971194912747,0.0211657334727752,0.002217590386470582,0.014135254737656327,-0.016087581660493108,-0.0018921958110484863,-0.026144139577343555,-0.03039861115761508,0.0465540842392381,0.0210458876705386,-0.027605958857186995,-0.0248761582309016,-0.0022311057987775035,-0.003784296879706894,-0.01798004211061532,0.0007068168541501142,-0.019540285919999453,0.00851979982166121,-0.006630895546103906,0.01877124998686636,-0.002605763196433136,-0.015298971623565602,0.006386565699022529,-0.002933329613448474,-0.0009160480184525667,0.03649404581636721,0.012244764952901131,0.011405571333752926,-0.01528023191677577,0.02297000381232508,-0.01947049690920174,-0.016785606926963632,0.014258700613025291,0.004901268812891518,0.029500167889471244,-0.015742955512139663,0.014414550282953032,0.004941515781318073,0.009597072511537899
2025-07-03,-0.1365326582983267,-0.08903022991330058,-0.05556919971239934,0.09618300966118565,-0.012033310452780187,0.017110986047450902,0.012348894636003782,0.004018153103697215,0.03255686011058913,-0.022645062839536562,0.016528060051801855,-0.023808486246952153,0.000795656130839705,0.044534522857081336,0.0031808301712988713,-0.019816485998813808,-0.003722658509308067,-0.015337144215346994,-0.012083369332083487,0.04231502033659734,0.010163200508395455,-0.032864004256213414,-0.01832144457603391,-0.0046922517039073896,-0.006047328539874308,-0.007812958069955859,-0.018335175606408502,-0.021495869176473555,0.023825483732565128,-0.023333621379502636,0.023414498223379633,-0.0012636011617075346,-0.008349837420187023,0.004165206590274109,-0.023400403261817315,-0.020297457679060923,0.013710787146073326,0.010555139272548138,-0.003303287092176655,-0.027022376668788886,0.024578544218861766,-0.018295153326474453,-0.060774501294027054,0.00293637993835306,0.003869771077165092,0.04670704404006846,-0.03388404869219973,0.028640927721965973,0.012529277609157332,0.006114825356674458
2025-07-04,-0.35541340762283363,0.14919883165954576,0.2594463157046178,-0.20249548202447526,0.019135089852179828,-0.18262820128546536,-0.038447845535765315,-0.09193768092172407,-0.19331381410471482,-0.10072648424091596,-0.09591203954370549,0.29478681595330625,0.022941570601199987,0.10807489428614106,0.2542882788735085,-0.20779692302398092,-0.09101197325771405,0.053914129586100104,0.002093472507381431,0.018793895907920938,0.06413455462204193,-0.10580741068255295,0.07437998137209811,-0.0363299452656239,0.0009027458405950009,0.012468547132761408,-0.0070963742784215175,0.0012105644227723116,-0.003267163241149903,0.09420303515242993,0.016494082565086332,0.005195861379472099,-0.04916426505091854,-0.006455818172549589,0.05404088684366374,-0.016523912396815943,-0.064112262837983,0.02357478504850043,-0.005160509342050153,-0.02298786661135485,-0.07145262021694528,-0.02159208524767294,-0.01677972389075297,0.03168884616418066,-0.031108883566999805,0.013526624874759557,0.025834130199745408,0.013980387984575524,0.02702504216989895,-0.01708907313689631
2025-07-05,-0.3742844777843132,0.04819344570437925,0.24911892950955555,-0.26426282281171615,0.024849497571540983,-0.2042961990369527,-0.046670959007609036,-0.0921768739212607,-0.2361331909901669,-0.15806992923417265,-0.09552957992635384,0.24935188725646854,0.036144548195687506,0.0822493984433888,0.2891262498977715,-0.19934010569698146,-0.08530360283310696,0.05407501131641156,0.010911413048572759,0.04167484009815217,0.10839209726002434,-0.09280108031943637,0.025951615378967872,0.0038437492753480443,-0.0033267405669544538,0.07964677250868456,-0.006703849614383964,-0.008550195763143576,-0.006097321229243844,0.12869462790962277,0.05817044794084857,0.0063111092436018935,0.012778189262881342,0.08063040263004788,0.03557929961227185,-0.04407040592118582,-0.030337175628339662,0.031551581744118186,0.002771944212784758,-0.03030552478254216,-0.05654683360143491,-0.022604375784205932,0.01660363874066169,0.07666094083801034,-0.07029624463844954,0.04107297542397026,0.02015134288951809,0.005843837258741183,-0.03222115573985477,-0.018591946075339198
2025-07-06,-0.25113626679586465,-0.14003354766269993,-0.08855898574338116,0.11289049132911859,-0.04669307611942262,-0.0006034984887090676,-0.018669989293173535,0.004465802050400159,0.008268079042150427,-0.009790181866539939,0.002407602637505111,0.0038519106448919537,0.02776505606721512,-0.01339001143346365,-0.009169158557257884,0.006928427493406233,-0.00840243648688838,-0.030087284159791214,-0.014234108564728846,0.028100412588911064,0.005708697171236909,-0.009468764308085319,-0.010482007760840925,0.004393546578962545,0.02307772855849884,-0.005436190421941697,0.006758219750475522,-0.005674365710739281,-0.010974139503750042,-0.01383874744023204,0.03512467002446984,0.003571087182965795,-0.014719301718787704,0.0022852216128037856,-0.009318199548048819,0.0024929684880451324,0.01361121457133328,-0.011763965398933127,6.161764442731907e-05,0.0024737777279119806,0.017353143493778266,-0.021147034622091925,-0.013042281379649622,0.014532119351477036,-0.012668053403815818,0.018479180128392586,-0.010849846583792377,-0.004402160242340058,0.00198034768853158,-0.0023422114916012223
2025-07-07,-0.14694434510097962,-0.08062713748619359,-0.053102140285349084,0.07095087412130457,-0.023869469570594,0.027159700349513975,0.0004770701996395553,-0.016970257063690763,0.021596591778128622,0.02028627867017403,-0.007554450812045107,0.016412664514524153,0.01480879528451071,0.04971019758195421,0.025900413008297627,-0.05974658247569526,0.024224582032645853,-0.034652713652854224,-0.03979899894406379,0.02099332023531186,0.018744683505096088,-0.03673592514843425,-0.028874478908544783,0.03643308322646034,0.04872276266402129,0.00011808473909107865,0.003239739819686461,-0.013722986432434197,0.001835986912901894,-0.016446375711802137,-0.013834774271004803,0.019345415478934036,0.01007534228765766,-0.004152705721791696,-0.0130944614157088,0.0005239384908088568,0.013519965823044997,9.406787221510818e-05,-0.004912705449899205,-0.02080168283778819,-0.010338107468612053,-0.02174971775925065,-0.03250876897900179,0.014819743275006106,0.0026156325440763084,0.01610595936738708,-0.025546578026748385,0.00986875839244288,-0.004766897781885945,-0.0027683708964439018
2025-07-08,-0.19661296580582507,-0.09556972696451274,-0.0488770918765204,0.08588558490156595,-0.028794541726936566,0.03824973200988803,0.003592187189335504,-0.005259201714862205,0.03597270894690569,-0.021582421241119008,-0.007236869223486632,0.0029305758316532315,0.008609526686725877,-0.006465387747166666,0.002715175297023055,-0.018020855909535234,-0.0048896372314342455,-0.0020282287386635344,-0.0056364943609879415,0.0168881352006809,-0.012271709817075193,-0.005959249832502222,0.0054784188133885576,0.002317645918805147,-0.017060743985835316,0.002210201341576693,0.0038566498726610348,-0.009978276944426667,0.005755586368258743,-0.010071645703051878,0.015917550450951123,-0.00028151330303846785,0.0006841731726862627,0.006299768724678595,-0.01530916533909836,-0.009520055517762119,-0.00897154685669356,0.009463414728145991,0.010301350435631247,-0.012359728990801464,-0.001250504441685313,-0.017444283111416558,-0.027029735076082067,-0.00851139383730945,-0.00799742103416647,0.021356990917249043,-0.0009438005255249095,0.004008765389253999,0.015308559596468705,0.020485144801041865
2025-07-09,-0.2005590323970339,-0.092440337432797,-0.0920486130814643,0.11300084593513915,-0.002577984244982851,0.009906871561618421,0.00988374526127372,0.011659273414528845,0.04361823399631947,-0.021119601318057176,0.002255422747925236,-0.006605205237299083,-0.0055878276017830636,0.021042501771654523,-0.01750975037868985,-0.00487295976268619,-0.003473334188945272,-0.04734653091458218,-0.014067451362928023,0.025590663832279335,0.0016215868278916788,-0.04288595325864638,-0.010341326940716352,0.003133178259970579,-0.00581958964443578,-0.010669683730929594,-0.03844074390695491,-0.0392234439435666,0.004624883425631665,0.0024658280579918567,0.03342696453883821,0.011405430576074682,0.009804691068914167,0.03513447113445764,-0.011889299069530995,-0.03344999658104652,0.006065154078919251,-0.0026461338706500145,0.0018741428286381948,-0.018122811092514797,0.004140584614934184,-0.03784429060383956,-0.07414520247157635,-0.01721750154148423,0.006760801537024202,0.028865774658149806,-0.010982207744335903,0.014391498764269879,0.012986511609227522,0.016829511895430686
2025-07-10,-0.13549764255933303,-0.16580902940544914,-0.11088237340612703,0.05669429834675962,-0.020650054408197466,0.0027331612484121064,-0.014927822036308878,-0.03462968650136088,0.0009371077414884558,0.0010937906665019386,0.00811175384504419,-0.018475094504202334,-0.026313316667840148,0.0038569327873412738,0.0021387824991238756,-0.021193333249265634,0.02371972559040534,0.017718238098145288,0.014765214295145254,0.0047576272891342395,0.009730288298544347,-0.011821244136294002,-0.0055794077246355605,0.022604073459720327,0.0021617427353707924,0.0008995090746914939,-0.04749655789660975,-0.010264724632369535,0.02369678961624383,-0.00919947358583004,0.015218007652459294,0.013682772616891924,-0.01468597023324407,0.020387513929307814,0.010599611373284459,-0.023671694363171694,0.0020448229128398995,-0.014747210645347114,0.03418202385572904,-0.020413447317902057,0.02359743337178729,-0.03254915776212865,-0.04055120367968611,0.0024379641000020396,0.017535182594097008,0.022337187353539074,-0.019842283311909237,0.005810739669803885,0.0323348423602374,0.009089963055946261
2025-07-13,-0.22190010985214387,-0.14063008484262607,-0.0939491098831675,0.12233800534646488,-0.02319805015278558,0.008988287137516666,-0.016543742866023833,-0.0015181988226192988,-0.006268057081066609,-0.0014911742451234756,-0.014410038138506576,0.018034241963870466,-0.015412449451360275,-0.019868985053204963,0.009768998985696985,0.013359161293273478,0.008736499472248905,0.01739985690360114,0.02426613415742959,-0.0034493181699765865,-0.02425647146734631,0.004363907930117893,-0.007326221574041996,-0.0030052957187552323,-0.014378400411230043,0.03742126987700702,-0.021154579742719875,-0.0008073902666482968,-0.004809058189290031,0.00144928927262846,0.03609038350033383,-0.01183514649232791,-0.0011342028689814633,0.02866319124945027,-0.0004626171712133086,-0.009178641610651087,-0.00622198513175122,-0.00817386958340708,0.03058255954108953,-0.02155123747270921,0.03122216270934821,0.004254302457615368,-0.020243719329765215,-0.0045782382090593645,0.01663941360284949,0.03887153216687115,0.009001085351782427,0.0016930651900189028,0.004701812878004518,0.028634804505151084
2025-07-14,-0.20940526359073564,-0.08282318466233833,-0.10796682165464988,0.1352949619644509,-0.023881301495916437,0.01647151467524348,-0.008696365946958187,-0.08261503679395371,0.03869144726976257,0.005071154821787943,-0.036672421889102136,0.03016787423349771,-0.034984237648882165,-0.013422194460870049,0.013749011553718844,0.0015269332855054924,-0.005938631097676695,0.05941923202837814,0.01996815873375841,-0.036628564796814415,-0.08184919320095962,-0.0014256788414404086,-0.034561627610136834,-0.0338967748084874,-0.03675685371980347,0.0586908756700643,0.027261669074651322,-0.0057409773626677174,0.002999550888871505,0.006447245182851737,0.02041956455673955,-0.010349339476511144,0.009064928193518075,9.383823298501494e-05,-0.019349031883793794,-0.032834077075296314,-0.021562247793049077,-0.007958265891891437,0.035193596065207874,-0.0263607014450247,0.0485606400379275,0.029290027776220473,-0.018976910954332224,-0.0018939680313650308,0.010808503080147868,0.03794736242976316,0.03460727731777005,-0.00842240831978114,0.02773430836550948,0.03306460638001039
2025-07-15,-0.24085276239294623,-0.10064125717187895,-0.10640145877125237,0.12578572403604638,-0.0695351592091827,-0.01945196162376717,-0.03971979644051003,0.01804029110971289,0.01099457227431678,-0.001909362703675939,-0.010829680791800815,0.023171023152835358,0.024064863214408247,-0.006765213053491537,0.003863158698598388,0.008294568532815303,-0.021850649546286908,-0.020160180078501563,0.0075806700563693565,-0.0017685281871351029,1.30648041084459e-05,0.007246358876907015,-0.01944479321783092,0.009103360742567358,-0.00306703056241286,0.016767056435021348,0.02059253539235664,0.0019495840162274674,-0.011085146887195784,-0.0005492653434001399,0.02209952451714867,-0.013500620107142038,-0.015300073461026907,0.004870572698997791,-0.0025625006358499965,-0.003440938418163748,0.010741927072406367,0.0028816388556030317,0.010732161812692074,-0.017798777645676184,0.012879509664678643,-0.009656201397665787,-0.01567207899189152,0.001825612815921954,-0.01116111323160605,0.013708770413448606,0.0008079335838973356,0.01139136923973589,0.009954343750502078,0.005138679499703778
2025-07-16,-0.1462478254298033,-0.11674823225915719,-0.09423093805843763,0.086698559189695,-0.022399104611214287,-0.0022708323154489456,-0.04812444128104913,0.024811338782234918,-0.0023836754831836416,-0.03410829084891341,0.0024758890996481957,-0.0052778178535448925,0.009390604919844702,-0.002822976764242309,0.006400904827048038,-0.014653737408330394,-0.0027076841882614487,-0.014458122886661984,0.0023120511270080376,0.009219078358683151,-0.00036336989913309,0.011726424084050549,-0.022367920515359317,0.042154952820195477,-0.0019204828025999761,0.014642718000060293,-0.0019173979181087684,0.007848574106851535,0.007458014681007963,-0.005636756103634349,0.01325741055591239,-0.004754049997985092,-0.026937630547277283,0.007609011037574254,0.004128177224588273,-0.01500841540858644,0.008489482263873683,-0.014696593406506038,0.008196500952800941,0.002715580612325662,0.00021821180900452865,-0.009407319240510269,-0.036692107820867646,0.01923127707451071,0.0022242975396366484,-0.0021402845829793286,-0.004946279255409711,-0.003413561190601208,-0.002964426470468212,-0.0015814887570519702
2025-07-17,-0.181891677073954,-0.08444034875200221,-0.06732502682239681,0.11776871597964952,-0.01517684869778893,-0.016606726816422092,0.01473788121941834,0.02017537623246497,0.028463395291431808,-0.016760607449024308,0.025190887193404315,1.2159124791369014e-05,0.009278745941170107,0.012169211287978016,-0.011731094603929808,-0.004897492780659728,0.012018539238482213,-0.016573448231636822,-0.016683836522461196,0.03790521153095485,0.014484525010885433,-0.013741028126682866,0.015887062986989744,0.011133306865557966,0.005936681601782667,-0.006857798390620863,-0.04502884771098454,-0.0006876440831960949,-0.0013934384008019174,0.0059703885761033405,0.015853710187200443,-0.012531058670814789,-0.009207274303432655,0.018323600166431656,0.004482567484537236,-0.01794545205237713,0.02726778152834608,-0.0058405303008063295,-0.011984435569810634,-0.020210672207671965,0.014270633328376353,-0.018324924068972202,-0.022924999403466456,-0.0038729670409828896,0.014007738280770454,0.028387772580317733,-0.004127301854430126,-0.01571041017791937,0.017841370032350007,0.006465842501481225
2025-07-20,-0.1684531001231225,-0.12941969123766459,-0.051994433857923204,0.13137568593096596,-0.03508100338641973,-0.009778872152799163,0.002029557122791372,0.008882901484625026,0.001418875605532623,-0.022463683991528864,-0.023335503511939835,0.0006000432121527728,0.009622280211898083,-0.011243760838937888,-0.02888078721948484,-0.007945963718457433,-4.353745749342164e-05,0.008997161646073625,0.010027283234499178,0.01947506412300164,-0.005236541029423991,-0.01846588004317915,-0.004564054299717458,-0.000742275647237058,-0.016425410111029666,-0.007969811984508333,-0.02893299029772635,-0.006977342508703072,0.014410520902151672,-0.012650331029834273,0.021025456360724323,-0.0013565997825141522,-0.01827508404543535,0.012687379833209198,-0.011270735693156501,-0.022635294857070516,-0.0028207793781675674,-0.0023795133951227216,-0.0021050279212049615,-0.001451849007644783,0.008959123587607112,-0.029010262497178824,-0.030472649741517085,-0.0038918077901537837,0.010688978652468584,0.0016752452764556335,-0.003209108849645957,0.00516981889970234,0.005599112395032688,-0.014388510170021095
2025-07-21,-0.2507778006222516,-0.1085755478342823,-0.0867223765901431,0.13215836782482576,-0.08045068052748665,-0.005238201598209697,-0.00918505885078629,-0.060911049195381976,0.07791024098156343,0.03860609893294344,-0.005967889638447607,0.006480746934324899,-0.0020489949933165255,-0.0054555380116517605,-0.004418228757049812,-0.014612631181237191,0.007708552004205956,0.05629111721569188,-0.0019549286407212043,-0.0339180249758719,-0.05235917199262097,0.004932914369917438,0.011261125952169463,-0.03033434605214959,-0.02237021518856104,-0.004025567566289616,-0.0015695126445957376,0.005011061249588941,-6.756951296120879e-05,-0.004805629195452002,-0.024606492836059212,-0.0070559599515570256,-0.005654512124528323,-0.0012314219221178765,-0.01069230621849148,0.010232852176746196,0.001803837164533914,0.023158847229005512,-0.012225107956849087,0.011476411428841187,-0.018355579191135618,0.01536808793161553,0.013030539645529724,-0.008847556213955459,-0.009504105059432576,-0.006279170697753655,-0.006170810481657736,-0.003677584164701133,0.009026761335701097,0.025108327579210794
2025-07-22,-0.2378803884279856,-0.13073027701333545,-0.06345398545739879,0.09993883325386319,-0.06825629841778236,0.01150401927065486,-0.008080489890231161,-0.027260465015989676,0.03298244163965077,0.0002553670887914876,-0.007689821043652944,0.020287377691048162,-0.018535600756924484,-0.012019554199913858,-0.0022355083527023944,0.027599154238905098,-0.021473372567588595,0.03633957496435871,0.017311443986921277,-0.01815101420661683,-0.01712956573713964,0.017132622289619363,0.015933652980324113,-0.04963428621425398,-0.046947393410782016,0.025967375644209822,-0.028562050528517836,-0.009068001973121194,-0.01777975451587657,-0.00948644550782097,0.0011940798205125598,-0.015443662489022476,-0.011176533380436691,0.03307017294380413,-0.019975414429345903,0.0034309046104242084,-0.007897739552325709,0.00035242552332986465,-0.002499787673756848,-0.0014892227173557556,-0.00905375688659851,-0.00997218656021603,0.004663455226904646,-0.01001588283955641,0.004850679321623626,0.011772468653068194,-0.007050251009431933,0.006126823110799678,0.007091382939524716,0.0006858368060974521
2025-07-23,-0.21471555589278482,-0.10185738179906177,-0.08800474946102659,0.11505081063717269,-0.0671150887781869,-0.014115079581545634,-0.029557291878272534,-0.03258342701414718,0.026530645175009058,0.020470428429624533,-0.017606835036484053,0.006216448076406499,-0.017438704533084937,-0.030414007589955175,0.0021236708973138407,-0.015424178938436358,-0.001641026605955239,0.010671097815968528,0.00820469390043794,-0.007291144251362412,-0.024984633717334344,0.0012166881071519438,0.011492367913701135,-0.006809075213130122,-0.042752637234097085,0.004305127668787621,0.016869657130915025,0.01798735511671768,0.016682378443197653,0.001333359852586896,-0.017529142930292112,-0.008847947967393504,-0.010430241481052977,0.01736654920193489,-0.019950613923029516,-0.002308470808832285,-0.009454410851554046,0.007527375169450469,0.010911584949330762,-0.009405968613120059,0.005987965315877184,-6.615581635847914e-05,-0.012633874671559324,-0.004094148385567976,0.0049354940282197515,0.012837617555394554,0.009084076911724515,0.0005596156234644,0.0037537694881986973,0.009779778731649987
2025-07-24,-0.23240850986699674,-0.1281753810131532,-0.07191698120601246,0.12185328397825432,-0.06478176823119183,-0.018479053448259196,-0.02848884672441832,-0.010397812591604305,0.026509178507447065,0.007998885426024737,-0.01228045933289577,0.017920596426093043,0.0024913218143217935,-0.023814342514358794,-0.008261062142240441,0.0151944619574669,-0.02158867987001001,0.018397654990633117,0.020005484843970495,-0.012980555683664238,-0.021671824096336428,0.010886641580156946,0.013049920476654564,-0.014308876298906892,-0.04288102128331,0.016811672310334848,0.00045110556691385715,-0.008270670163183152,-0.03179446604059433,-0.014889790944729107,-0.0014225430891582267,-0.010668654490460396,-0.002776742551343643,0.02578607471489258,-0.015669733605790638,0.005259289670926376,-0.011017561558856392,0.009368193768104516,-0.0057900779878393895,-0.008135814119340508,-0.009159102800812367,-0.01836288102084826,-0.013491135543722584,0.003191360509841425,0.002586442544864902,-0.0008052493780500513,-0.00529177263380172,-0.0022078618693584283,-0.010421960206687063,0.007904409868551633
2025-07-27,-0.21192726619044208,-0.1313360487769938,-0.06630657139451852,0.11491613007053678,-0.07711895527151759,-0.005565919504109666,-0.03257217496850703,-0.03444682481445876,0.022313687839191982,0.007648294493144043,-0.03454460288350975,0.013374265683978825,-0.021097324148607367,-0.02429652560098405,0.0012834961217241788,0.02023534976443718,-0.009263931377359346,0.05292475837083821,0.02849718092615391,-0.021977053216684517,-0.023478287269886024,0.014297385925568697,0.017683973075060252,-0.03221521063397348,-0.055645320650739544,0.017672353218675035,-0.005233045937537247,-0.006166849703864329,-0.020500721269121763,-0.026321043232037444,-0.005031748363202196,-0.005701373873023397,-0.006971799515798029,0.014284351392361524,-0.03667540877480963,-0.01361832246746176,-0.019291873384122256,0.004815011226753339,0.0015390388462106917,-0.008332562529551744,-0.008819506787778708,-0.017643306456904408,0.011749600646020262,-0.01271880833028462,0.001371817657700185,0.0036811336492638133,-0.0027710242661124432,-0.0029228382242292884,0.005430571502133599,0.0038770892864999104
2025-07-28,-0.23151210588620558,-0.11612283999009841,-0.10009660332371142,0.11016443848579752,-0.05883037442582845,-0.01067096678526542,-0.020738379667631538,-0.0537340410867861,0.035878165635009285,-0.002826292760107016,-0.014248116345309302,0.017939322610648324,-0.01407461068812637,-0.03194660366416752,0.0004500037550936992,0.003359711258662737,-0.021658744387311343,0.021682501823796684,0.03447890485435051,-0.025922685605587213,-0.02969271694531129,0.0023157418024166237,0.002812932126810179,-0.023616962689934847,-0.03030157473103018,0.01158928866257511,0.021837734104104996,-0.0015942240309243603,-0.006267691319179297,-0.010154980930796993,0.0021434414022779382,-0.020121316402035242,-0.0012284007086289601,-0.006796598474184553,-0.009381367094786508,-0.01342331497002388,-0.02790385443209407,5.9892539914332184e-05,-0.004635075366482549,-0.004067289453317585,-9.974697148541611e-05,0.0012972972427414365,-0.00832886480718088,-0.015925168384029662,-0.011325668078560534,0.005102480623927033,0.006362627059244105,0.005809762581162801,0.015191175411729223,0.016016207667830327
2025-07-29,-0.26984685284732013,-0.1765692201557901,-0.09694563075404244,0.12292646612538012,-0.09757999464079714,-0.0037802267792781865,-0.031208884340330364,-0.028210766230959895,0.010060031348221051,0.021353257226060823,-0.04787538590649384,0.023143513008302946,-0.009276635982231341,-0.029888904276522753,0.014217528934496213,0.017828413534089056,0.003143378928155762,0.04495327780089768,0.02643893952277527,-0.02261319217145409,-0.02279455997628728,0.00044056383282870464,0.0111384645162761,-0.02960278036469182,-0.04176726524925494,0.031550445768454116,0.005723466501509087,-0.0015064234314403138,-0.011864956166187397,-0.021032720277492478,-0.023750075742005095,-0.023255519973296997,-0.011516050550946583,0.0004884139091651399,-0.01666790772188556,-0.002882615789887517,-0.013969724649842764,0.016371791778686924,-0.005270116535739164,-0.0011980865879784547,-0.013369965274901044,0.005223607376434139,0.028670980304817923,-0.00874349626684703,0.012239773983641733,-0.010916760430736567,0.0019586720490149716,-0.009450681060239623,-0.005351465685240313,-0.009082487084978117
2025-07-30,-0.23409773238735018,-0.13707917280287982,-0.07750847366165763,0.12175278763711454,-0.06272909734623866,-0.003934470619633968,-0.007482356687199474,-0.016340673206683375,0.02698232416908324,0.011296625945190856,-0.014849013546622537,-0.0018784286410188891,-0.0276031148296357,-0.007473158138536818,-0.006017597034939732,-0.0035315861848953904,0.006285296549773166,0.04451387980752951,0.010039179081556687,0.0051258285622636564,-0.017876364540713466,-6.523474155468005e-05,0.012471774858579018,-0.017263136278834957,-0.022975087089092062,0.010097695972349798,-0.003890629192951028,-0.010691212998949769,-0.000606531322289214,-0.009244491338441883,-0.017402752364072092,-0.00267038448259602,-0.0008649652765347896,0.009580253924979692,-0.02418421817720772,-0.012329717772331265,-0.007026045331275876,0.007506445098567172,-0.013124819733381015,-0.015624000062896722,0.00871647853969388,-0.018209103735902878,-0.004175240591099585,-0.005622046522657392,-0.003164760767865095,-0.009217343348352332,-0.0033730330153102397,-0.007626290562981623,0.0017206174274209186,-0.001480824492276765
2025-07-31,-0.2614711721365007,-0.17318757399308513,-0.07506812538908278,0.1217524422454377,-0.1126507221299878,0.009490308426801737,-0.038778371518488,-0.05838160299688994,0.014273636668753902,0.028547958663292784,-0.05672900214288301,0.016209291877221203,-0.020217018191601047,-0.039449773265072687,0.013592580042841024,0.02963570199373779,-0.019157312286141277,0.08228681852638978,0.040282814559728174,-0.060610694679272964,-0.05839269831409098,0.047992903271260726,0.02241064662196276,-0.05039095254230208,-0.0777171126351363,0.06979673954644346,0.012666990968249744,-0.010489666242656393,-0.03061195792633487,-0.02266070923870187,-0.02864333584397911,-0.010148007291639994,-0.012736838133420634,0.007533213666374791,-0.047059789861817046,-0.009028924703068946,-0.019080379018009522,0.02484436228980328,0.0013959063798994042,-0.011021354602546402,-0.028303177201871095,0.01163011779932697,0.027273496880661247,-0.012276735955026515,0.004437613364087266,-0.017856657117217165,0.00830756338718678,0.010680444353019021,0.000615835604947414,-0.00681289914880749
2025-08-03,-0.2762501321029214,-0.11064585915048418,-0.054820318283427774,0.12484242703981348,-0.09396680980669445,-0.015722814425190634,-0.025619406357700547,-0.0728018428498917,0.048572285890842365,0.023524204539455355,-0.05334655533868377,0.013200809235474169,-0.02468500048344581,-0.031105581700479175,0.006229480173051674,0.021385099170498134,-0.03500625017198379,0.08715625993361183,0.04356334996535951,-0.05612843478802796,-0.07067133167458689,0.024674200598217018,0.03235290818628274,-0.06731994090699768,-0.08744711328438912,0.050133388883522166,-0.0001629291144052515,-0.0005783613262924671,-0.03556065824207848,-0.0184047249776317,-0.03505502556220284,-0.01793520985778477,-0.004870511665786118,0.01572655620731711,-0.03646974365240152,-4.141288809088408e-05,-0.031792442984824136,0.031756867307898784,-0.01617507549324094,-0.004028174363101721,-0.024554284925260166,0.00797287850409934,0.026946295110782937,-0.010328997670345548,0.0036670107136104503,-0.016954218545394632,0.005086030303759374,-0.0037574917743120433,-0.0006317911681338389,0.0004649072591718247
2025-08-04,-0.2502117050233593,-0.14279236697475636,-0.06038972311793264,0.11689905334387792,-0.09425464293470286,-0.0004531539464048783,-0.03035269773381775,-0.054364623364067714,0.027976506123900558,0.011255410521216416,-0.02857721487825754,0.006087028118552516,-0.019524268079624815,-0.042713976268201045,0.008017477453087169,0.02201689923618632,-0.0314100300357739,0.10414286172544575,0.049104656096494316,-0.04080944772148124,-0.05400553559293887,0.02273508317266357,0.03149888098961241,-0.08058894516619365,-0.1038443502144839,0.0444479172602838,-0.01606321003887677,-0.012398850957766173,-0.029412976457075943,-0.033800550818192915,-0.017193395167079593,-0.008295848302479557,-0.016036563962159255,0.008412959276388255,-0.04472168295517982,-0.008146951678805614,-0.0230896780382014,0.026587967768481033,-0.011433166153347362,-0.008361504727578559,-0.00958273453432932,-0.0008862253600713646,0.017090640519801175,-0.0061033577654634324,0.011223573522434242,-0.009445122649311194,-0.003492337700615017,-0.002143184413682256,0.009383755991379533,-0.011385402087218808
2025-08-05,-0.2599736001860997,-0.14098962852713912,-0.07318411319504821,0.12510348064979632,-0.10952366261641965,-0.013876198653735758,-0.03297663567313396,-0.0624716542357545,0.03076382164748345,0.02265901189177541,-0.037391428652048454,0.013617189692169735,-0.020407692054775318,-0.02593927179217519,0.003144784267139113,0.02874239493154459,-0.03768112447049378,0.09159565528400443,0.056187252988027174,-0.05352363419228308,-0.07431548155747904,0.0174667720062017,0.027352190925553885,-0.06885388750467539,-0.10422874721591761,0.043899289342908154,0.01368079965503418,-0.0056143243647290885,-0.02695452756152102,-0.02784742140454446,-0.03229281054358608,-0.02360655365531672,-0.02091831485836518,0.012840502802437393,-0.045711289561820086,0.0018435743256687183,-0.013039440488490444,0.03122827803345631,-0.011263467513692227,-0.018211975452887576,-0.020895436782372004,0.005910753536454578,0.02541215856257656,-0.014976077585569377,0.004954113046697724,-0.013550859848201546,-0.011053377381558942,-0.0027415950928581776,-0.0015896810609079565,-0.009809874282184574
2025-08-06,-0.2516787214162015,-0.12633012489085482,-0.05461004346425504,0.1073013690217815,-0.06698729200982195,-0.002924335510480542,-0.03650790665905797,-0.0574587379092151,0.011346490453607605,0.008584437069740537,-0.03618804443762117,0.01431841583032234,-0.014040573588732445,-0.03698386089514554,-0.003595928974681834,0.030332159054695492,-0.025120165213771604,0.06562886953700169,0.048866947102577336,-0.03589781785861633,-0.06843738175899589,0.011935082901272662,0.03186157020303041,-0.06199490117326767,-0.07573465000791932,0.03855702494181275,-0.017507851834367556,-0.002813369537041287,-0.014895347178131728,-0.00658919401205587,-0.015103305659306484,0.0030560841414613853,-0.01522598550486563,0.018406218245348067,-0.04276602973730606,-0.002993582767439867,-0.025783939240255287,0.00789357728177086,-0.00872005386253606,-0.020653135845242736,-0.004679175997410819,0.0012901344976503117,-0.005732900013191934,-0.014043950037578842,-0.0032039253188671396,0.0026730740538464127,0.0015643401311544944,-0.005694661588473963,0.0038392038805301052,0.003422602155700676
2025-08-07,-0.2704085202296487,-0.15781308583318948,-0.061343716473263116,0.13950705853404544,-0.09899861365129148,-0.003911139861842549,-0.03859576781353583,-0.05460810018688098,0.01638691565943879,0.02994447027223647,-0.06061332300985327,0.022212073015248076,-0.016388050236338395,-0.046130011961245596,0.005706265880199574,0.051586719041894935,-0.03755281447285369,0.07703144305088024,0.04287904563507448,-0.0691080326788739,-0.07357531571700393,0.037091938484825976,0.030762259275097112,-0.054221758264982406,-0.09428789001911475,0.07000948150685163,0.018411230763692096,-0.006005913912005101,-0.029836418759957583,-0.01756942612793114,-0.026350078436017273,-0.014214079928821679,-0.008649260469166854,0.019046829213008987,-0.03723237538581229,0.0033960318621394435,-0.027439200036550104,0.015574831446536963,-0.015570404144105794,-0.0034447106365161967,-0.01615807880315166,0.0017263715989255606,0.022645237225750434,-0.007978642621111318,0.0015321584747995068,-0.014819246474935396,0.009842095791911778,0.00317119971556285,-0.010986446945645536,-0.0024977014402189314
2025-08-08,-0.4164537186813677,0.17038535719828982,0.2550499097908338,-0.18804431172273328,0.0063847862352621266,-0.15184209487363706,-0.0356199837330887,-0.06232633314330966,-0.14755346051675655,-0.14749489011155664,-0.10832084486270777,0.2696913170623377,0.03941609494504161,0.10425335599382911,0.2550101184657013,-0.20738975857809916,-0.11336693972978557,0.07677265977032537,0.03950627725235271,0.0031599137679668597,0.06013209605414968,-0.14769002825306254,0.0746369120620501,-0.06607087523695589,-0.017236407264375895,0.02862834886154545,0.020462445255968485,0.030371258281504186,-0.030029994957847438,0.100906956392721,-0.026999324502180535,0.010370713928380623,-0.03521527157545949,-0.024014563529254976,0.057034068402620854,-0.019568833109945196,-0.018313289278133978,0.0751625279105416,-0.0010340233555689582,-0.0621143051651614,-0.07531402715462959,-0.062376129682895645,-0.012191133911488548,0.012207380278076514,-0.010857137551883682,-0.03295667841961154,0.017401902729631515,0.02510497275301384,-0.0069318373847204115,0.011277389301905022
2025-08-10,-0.2629579706818752,-0.14909288084343728,-0.050308363098829315,0.13522189470269366,-0.09356515029959835,-0.0003446616187209566,-0.03581256436700411,-0.07335280235461901,0.029302188620422893,0.035746575977023826,-0.06407295332337545,0.01188544230414561,-0.02556950414138336,-0.055702420341126456,0.000225185250054676,0.06068158636265749,-0.03970051794866744,0.11222056640753768,0.06436427426503351,-0.07099237752755772,-0.09519913850565767,0.046346641201943206,0.03304635831107958,-0.08395008582141089,-0.1173797553187835,0.0803566370598555,0.004951922519312698,-0.003988523377552295,-0.04590336417642937,-0.026143626106367075,-0.03988716282750181,-0.020887501047757277,-0.01266282879183208,0.006253514175583585,-0.04899049187341247,0.0024226096565417203,-0.049190106708808856,0.027507746627637965,-0.004649237558522688,-0.019525036782162983,-0.01584092892028676,0.01446975062899945,0.025266927989307242,-0.020038717735492487,0.014029035542282494,-0.007095474640139522,0.007452141646511469,0.00460291900559859,-0.006375191079902995,-0.0011498743716256235
2025-08-11,-0.22981230456159907,-0.14099531518107355,-0.09374072243151743,0.13716471048134654,-0.06427548374136707,0.010553588516613772,-0.034942570334263755,-0.10664200440523629,0.04121597166648972,0.02211469383507504,-0.04906043394216064,0.024383906247975953,-0.032082666831095695,-0.03354367604169933,-0.004872059960601813,0.03167021335614014,-0.0027570660513355823,0.09750048477151957,0.053184583018670205,-0.07342655595880263,-0.09691341328870799,0.025406778982964253,-0.006773027703446344,-0.054865133286239015,-0.0712467904398526,0.06625215327381656,0.022840944351621213,0.004967767461776567,-0.020714933804839,-0.002831931262079872,-0.013429524159929148,-0.0030411871747874123,-0.010511503215685449,0.011786465199625217,-0.039039144557340304,-0.0008070682263430753,-0.03229398245936369,0.007493328956113147,0.0140593866885443,-0.010766968413995557,0.01589906242367188,0.03321012545984509,0.010952988546232816,-0.026581015840787894,0.014248193703411351,0.0099591558431604,0.013657820532065941,-0.010432644812614111,0.018832078844770363,0.02280190447700866
2025-08-12,-0.22842838454937164,-0.10958570595755536,-0.08692901767485327,0.13099716622467011,-0.0480647153715621,0.01144117451383037,-0.008176182899404543,-0.034242059198011404,0.033509835893390565,0.008721795936372234,-0.02937909392897853,0.025735859551254896,-0.020526935295361346,-0.023393034653260352,-0.023380630639194662,0.016396245977127577,-0.009033304995121429,0.05293775110330475,0.03655331103664196,-0.046342155701131316,-0.03261679662517894,-0.007532986890040397,0.007465629697582748,-0.041718383117346415,-0.03755476419734289,-0.0017338356956159348,-0.018216983775630403,0.011454848204654375,-0.011858283210664055,0.010850873095334175,0.007161952729490286,-0.0107991605732589,6.75937368705009e-05,0.022158701281150654,-0.001909808081151016,0.0027858788915840044,-0.02352897990484129,0.002812890695411996,0.009270478615648942,-0.009723293660821563,0.02789991152666838,0.003823047963871919,-0.010451380596194092,-0.015580304674366108,-0.00930152359951736,0.02126887155259111,0.025233370600444064,-0.00794017864443183,0.019740433312237772,0.021303017845041825
2025-08-13,-0.22301240615747622,-0.08019169775096019,-0.08804927160170796,0.10361805846455445,-0.0558727979160017,-0.013183254231765607,-0.011346584812758735,-0.030392934852621054,0.0635733352160872,-0.0015453509127431753,-0.028737653620349655,0.009071493656556278,-0.009975394143384409,-0.010941739325675584,-0.014368485396493711,-0.0056207578439619625,-0.011027959739322215,0.02253731622405373,0.02921520973207635,-0.012547302750007152,-0.03093820358045162,-0.009976645004029117,0.014457847021617514,-0.03881155019127778,-0.04365981421215055,-0.001293963071283528,0.0003256321910018015,0.0031249621304087157,-0.002686673350755279,-0.006329943516930349,0.007956618854546915,0.003939860614342018,-0.014684565953315321,0.029969400518867286,-0.0206657932854604,0.0013897161877273164,-0.009596622572349379,0.005263208774711655,-0.023325929110680647,-0.007550903237660558,0.005943299331541459,-0.019287180465017612,-0.02252922334196752,-0.013817995574578225,-0.02037412960915779,0.020363115676918682,-0.009859437812030119,-0.005167307708272897,0.0009342870042209327,0.01288166906876675
2025-08-14,-0.2405809168397163,-0.13104739352115422,-0.0886995806964102,0.12759523663748396,-0.06869214953049742,0.009330699597505607,-0.011626909389149351,-0.008358890776110054,0.025118528952578115,0.003908604715726313,-0.02172828693520843,0.01151258070197866,0.008780030081137423,-0.008577884461052364,0.004332297672357366,0.0021425899861961498,-0.027327428826721598,0.005094072600215836,0.00272499905568929,-0.0151946424819775,-0.02137574793352317,0.015393952539807595,0.010894344273779919,-0.010798540647916743,-0.0233086981800153,0.00994038240933755,0.0119097873595264,-0.00744686800479007,0.004398458914417562,-0.009092639499673996,0.014160220783951655,-0.015333451134640274,0.007431484109793696,0.02179562040252154,-0.012286664270963804,-0.007354319400569845,-0.018120801832913334,0.009678912055443476,-0.004729573590216032,-0.003126554021558312,-0.00018320944786583924,-0.011069060982312697,-1.8470584529989462e-05,-0.006972028205770686,-0.010689657390477133,0.009861963725456283,-0.0007744800571230269,0.00035783724609495356,-0.031504988478268305,0.005795236879512374
2025-08-17,-0.19345870924673308,-0.10594762733363143,-0.08330232328895318,0.12988694612299778,-0.06950016024039363,-0.029849253379107196,-0.007224559241650737,-0.016365135334942958,0.026286587470491306,-0.017035464540978828,-0.02137706116245127,-0.017095985740945698,-0.008766998603911539,-0.013324351309877363,-0.01633302475234101,-0.0009024160985427066,-0.014394768615162316,0.020536092437926264,0.03496091003642171,-0.0015583732975856075,-0.009319150406040297,0.0005859252154206345,-0.0008274650418172204,-0.005042066462012685,-0.03955035336268361,-0.003985829060721106,-0.021575265518818252,-0.011531612691148245,-0.00377966412574915,-0.02058172755845793,0.0300718222937735,-0.008224927875810494,-0.0161320397952688,0.013243820808122508,-0.006088326797237301,-0.00994571214957431,-0.004911746708864185,0.004590124623821209,0.010145297101112645,0.014070300104249393,0.005728473684842208,-0.01848378124943767,-0.009592638210625375,-0.004269242617446833,0.001662046678551411,0.011422923766256062,0.0002515435756996633,-0.0008419709909374348,0.005932932174196839,-0.01626152441772286
2025-08-18,-0.2303878294189798,-0.11882675261832355,-0.10974361876534314,0.13419068912290932,-0.07638007376304914,-0.01411564835041522,-0.013529576139636689,-0.01753764934198832,0.04927971638006959,-0.0036310448621254127,-0.032813047270826096,-0.006836613358427958,-0.002422620929704219,-0.005971432587894819,0.008930670360224048,-0.014660909060499864,-0.029173958385805467,0.012764029943569264,0.03470768797160629,-0.015283842101103794,-0.0389985670852596,-0.0032599276059565997,0.007247669875864289,-0.011471437625670025,-0.033163653119091016,0.00909508832579771,-4.46977813668999e-05,0.01096308858044038,0.011424003597903114,-0.0010940069331719354,-0.007465747194297215,-0.002255520204718,-0.001175898012441973,0.007109019568031799,-0.01205025910531127,-0.0035630616810949445,-0.020637905354157403,0.009834647500325217,-0.009767289718520075,-0.009803944491458461,0.009119188975148516,-0.0054538846300924695,-0.005976001968325783,0.0029644619407685506,0.00023788599349355716,0.004338660612317999,0.009383265773625978,-0.006142292006679709,-0.006107880262556209,0.002889549473790576
2025-08-19,-0.22473543573271199,-0.1772639832618126,-0.10410516628690417,0.11430480225099314,-0.07498918936997442,-0.005849281778796655,-0.018698267102061728,-0.027505986795694028,0.01792931180960394,0.016996222158896145,-0.039731915994748596,0.014016696675057881,-0.031808461834253315,-0.03976281376864646,0.005935729415060678,0.013419517345500091,0.01368782534926711,0.026666934384062875,0.01729884312644302,-0.019446077445327656,-0.0340037170750541,0.026457467458256955,0.013136083093064035,-0.003433462272984489,-0.030488690232782865,0.015308889065785222,-0.017263793106403892,0.0035206806623142434,0.007553586099927418,-0.007764324826764773,0.008735071174711399,-0.0076394398683368465,0.003355139896957114,0.024572325816134968,-0.008885830500345875,-0.020083124235491752,0.0017148934111516595,0.0020384737743937118,0.0050395330939046155,-6.749518920692658e-05,-0.011053121894393008,-0.0005575298279219458,-0.013363213857505114,-0.006350740624818314,0.0009705897971100115,-0.0011131220096630221,0.0003085511102211736,-0.013736137257393735,-0.005253461427962427,-0.009071218911866944
2025-08-20,-0.23546212728509341,-0.12775130674289817,-0.0895658078469592,0.12892899646955489,-0.03332444344833828,-0.019081280782221165,-0.03610596559767954,0.014657883824335659,0.04636072838803858,0.0029033202957800203,-0.009001710308210752,0.016119052531700394,0.0005116206066896933,-0.019591381238985097,0.0046169595773144275,9.282418268692236e-05,-0.016891197685257073,0.009477837384665058,0.01626694846771172,-0.00990026830759574,-0.01914759917309069,-0.0035002867542603447,0.014702148408410396,-0.012411202436312555,-0.031770537578644606,0.013654016065439176,-0.008664585825020936,-0.014282425665641085,0.014604533652941206,-0.0007992414980864872,0.01941252228470532,-0.008862323182056493,-0.00721772348044283,0.01741541369573759,-0.0061615892478536554,-0.01547250782755899,0.012659400039985839,-0.0010790827172740514,0.0014718380798084448,-0.010265276792809289,-0.011067090327534381,0.0008158018950894536,-0.021980892305505664,-0.01601376955817525,-0.004189161232511312,0.014555797519914208,0.00141649106963148,-0.01014556757788896,0.016381483323438435,0.014748187356157086
2025-08-21,-0.2133965024907211,-0.12319983833346412,-0.08841654055181182,0.11689706565706523,-0.06736275197670423,-0.014306312217502056,-0.0007956336293896234,-0.02884196169774978,0.03601355138552156,-0.023089952364403536,-0.01021765909262834,0.00946819966492886,-0.015538791699225514,-0.0061656199987578505,-0.0026259278134354107,-0.009169237145020211,0.014403382314969394,0.017058102746000753,0.011331652039191236,0.0007511534561747913,-0.029328255801869575,0.0010827759542409573,0.01753809145078662,-0.01121541077546728,-0.03541956842174161,0.01378472412004791,-0.030582942960279216,-0.017295225684781028,-0.002741404473578701,-0.015395396844479084,0.004492340047388072,-0.0026827203049824304,-0.0030320216694075417,0.02622109056880901,-0.002608925914713733,-0.00457522612792179,-0.017595891029853886,-0.019887341220438986,0.0038300794750050823,0.003311740772707186,-0.008265963613929735,-0.012870846284971564,-0.0241420051790234,-0.011198284299799199,-0.004664009142084283,0.017056165146913257,-0.003498767758553863,0.0015483829674551896,0.000335226575519586,-0.007208763618163039
2025-08-24,-0.21015352500926263,-0.10139614636847698,-0.07312292742078051,0.11159618464866716,-0.039661914671923544,0.010597519802368354,-0.013606982929791987,-0.009445644672333465,0.04102644372159286,-0.009636224571637379,-0.019732250205790072,-0.028808606686037918,-0.0015150384129574354,-0.007435775698300769,-0.021115285888691326,-0.015221061176691775,-0.024519501060929202,-0.006311692326426343,0.01415829954051262,0.02268236247269263,-0.04764005638455401,-0.016610491315816264,-0.003186542844741575,-0.015136959781342208,-0.04572654928147441,0.010582505712588107,-0.00909156876273737,-0.019741735982267302,0.00729962815051661,-0.03519471657990985,0.018229637331196973,-0.0017830176699410553,0.0036524172898678296,0.023104224269050636,-0.027018192246336035,-0.013131550175111537,0.018774432020336088,0.021699772057969864,-0.017821928873736764,-0.03951885300033102,0.02303525634974178,-0.015044134437701763,-0.08114163004606652,0.002524503737197788,-0.017455910379763517,0.023571609500813058,-0.02572908710349985,0.004468856001631347,0.0014022146684447652,0.02116483523977896
2025-08-25,-0.1984321609244613,-0.12471409223729187,-0.07402551848886066,0.11156150508303735,-0.029775717621193347,-0.0016311727739839286,-0.023912896567438263,-0.045688755229926006,0.024798726027725714,-0.00809072663437155,-0.009527203329734547,0.011398628066539514,-0.01765416953418335,-0.015119408977976052,-0.014712555078471745,0.0036444335093603394,-0.010340153378263568,0.01247404066246343,0.01315791461138088,-0.019066476782902634,-0.04322706221157374,0.001876585731452415,0.007355177787620318,-0.013104270755282204,-0.036699488335106625,0.026884042357837933,0.0002228280752431815,-0.004246719994635548,-0.02039856223823417,-0.012774879085857577,0.003216057098731864,-0.0034972862213885573,0.007538297952704619,0.02382377665825966,-0.016253697861480263,-0.013114887357263775,-0.010193127469151856,0.006689264407388912,-0.007077000243606142,-0.02125106443470795,0.0011525008392616412,-0.010843769715710822,-0.019161394294493633,-0.021376425955715986,-0.0031366544968978614,0.012846247005008329,-0.0008119275924637167,-0.014348569904348652,0.003110147156353688,0.016301428948592385
2025-08-26,-0.19722600638789733,-0.14810217723653848,-0.10338297522187684,0.0675463864489781,-0.07078928415061556,-0.000693708466179217,-0.020896374253526393,-0.049283654625434235,0.02278158227157179,0.02002249225194409,-0.01672592337199882,0.011213786368553346,-0.023498925148443792,-0.01525491752204627,6.468453906777756e-05,0.013616348892645373,-0.01311855081506933,0.022285919733691945,0.03313332561254668,-0.027111908134185948,-0.03793401064881101,0.00931715445020676,0.013530421416050445,-0.006747394118911911,-0.027715841750992277,0.03121439989285594,-0.0016262004439074476,0.0037550827914864006,-0.017614372287303084,-0.02360032696124473,-0.005217926047423789,-0.0019371870011814446,-0.006904358002931768,0.0036369042108674015,-0.007917172718966834,-0.005192325466137441,-0.015086349035089883,0.006882263858005064,-0.003766176702587907,-0.0007338905252240673,0.001302228345670493,0.004366975745774477,-0.007413155069882432,0.002047685884216898,-0.00378538949086547,-0.0016972337236580814,0.007100714454779811,-0.0037631787486149286,-0.016385773165720853,0.0010695454058349374
2025-08-27,-0.1947424466026045,-0.13606919946796958,-0.08624832145664044,0.0803797810868243,-0.07148948452245461,0.03021255630056798,-0.016409968843287066,-0.04452232252094213,0.025794531289342153,-0.0023637678863313465,-0.02690964438174839,0.010731873356561611,-0.010822453856265245,-0.0041604249625637356,-0.006555109419185992,0.019067017736163802,-0.000486484741863511,0.032199230707055125,0.012619113950520277,-0.031611171056543805,-0.022529344147408318,0.017514838118932247,0.018260917845959512,0.0003661342073818761,-0.03866062591789073,0.02601578445530692,-0.01942678608457461,-0.002054415364816912,-0.007552110165300857,-0.015162530655919531,-0.013948141635234883,-0.017474112059953268,-0.011338190512490133,0.018840056146010184,-0.013101327528844698,-0.012506931605173122,-0.014184083678208838,0.003760518104965305,-0.012780206915880176,-0.0038690056979306968,-0.007969671399563389,-0.01250124833171293,-0.015537623333762497,0.007671473613834728,0.0018480686404476793,-0.01136496537012103,-0.006347305440572257,-0.011242519014913785,0.005100551091711048,0.0033198956396642424
2025-08-28,-0.240383857872596,-0.1273680956266941,-0.08463631783616755,0.11529943382622518,-0.0614116446429358,0.010294611470652389,-0.0004086043280133558,-0.026667996216318858,0.023427612267598454,0.0070005774961260795,-0.006969263859905016,0.0027674811514403035,-0.032177082297915334,-0.006006074512867821,-0.004051534550937562,0.014758613680774026,0.018506829665683473,0.03602568707117725,-0.0018922940508106316,-0.00681178545212397,-0.016584531541692586,-0.0008115738645086182,0.004147526164523053,-0.03217303815945478,-0.017088601648105918,0.024568705602133905,-0.013177632523903285,-0.011075741151111635,-0.006222528073153038,-0.006300066952086167,0.012929873264727915,-0.021781868873700094,0.00886696326490724,0.02633803129922304,-0.007907476921697534,-0.0011141596508171504,-0.009390337039480806,-0.005285055055682962,0.007551056517128192,-0.020253003946281777,0.006885593716562443,-0.01383742837425212,-0.0036406309964153874,-0.011581197390231694,0.006722025855048342,0.011417746321464002,-0.004028598680061714,-0.009931793949487011,0.004469410959598901,0.02072545266707564
2025-08-29,-0.310255771131822,0.1218366926991686,0.3151429478909906,-0.19973810427378277,0.12045568144826227,-0.11835726855608045,0.0469917568536499,-0.181795747429428,-0.15392781883248285,0.04029396484987817,-0.1412383539988882,0.08209511767855864,-0.09685366141216173,-0.10128085157242973,0.023468529313827802,-0.020307218209739564,0.05743876613740447,-0.015390164160603235,0.021358867652574793,0.15487971881011459,-0.09506282163370154,0.07077626948678858,0.03380739821867965,0.09672688179632215,0.083115412793469,-0.09895709478381808,0.003044213631664237,-0.02344060266940596,-0.03289385990527126,-0.1992632079619715,0.06931906826989273,-0.00224383290664541,0.05431314212518742,-0.03908636882843055,-0.06740166820470106,0.07601503591381982,-0.02125814259745628,-0.022807296941853676,-0.05118210928001455,-0.01549153736381893,-0.02203753472179411,-0.06945910287422856,0.012299251152379632,-0.14877801208519448,-0.047015448911215375,-0.04362122181379865,-0.10208790132775508,-0.12950355876910274,0.01624100702774241,0.09214521271304238
2025-08-31,-0.2600557110918123,-0.13454459385380024,-0.0768192719589367,0.12628132557619232,-0.0819013755101271,-0.005376054891018889,-0.011972721710999687,-0.04205995640511268,0.03498303607274724,0.01974690332964584,-0.03655655952948915,0.01257512584447558,-0.0038089126736248484,-0.04311955775676494,-0.007433652324773358,0.03153827732865956,-0.02857372415303244,0.05525864273467844,0.03245141453838213,-0.03038751563401026,-0.05142057383820861,0.013058759019356136,0.029610291800021015,-0.04581168744556317,-0.06987693312007717,0.02314603441726651,0.002983311563621578,0.0018927630262862924,-0.018072506337534724,-0.014131744459923355,-0.03153436950141587,-0.012198601453966122,0.0015674104418058963,0.005188961835235909,-0.021844968121579354,-0.007918875844828812,-0.021446044326375476,0.014411286991980061,-0.025199009851929993,-0.010326533165543678,-0.014652800755650225,0.0010301791241362863,0.01167411328432369,-0.0025313715731670903,0.004158406485051645,0.005186058624042839,0.006918998806833976,-0.006556636643200797,-0.0034762991096762698,0.0044399319444361094
2025-09-01,-0.20285283697957,-0.11657974356293029,-0.07900787149145683,0.11710345521601341,-0.04958728378457999,-0.008612908192595846,-0.0026842813584733952,-0.006086150310249363,0.00224648960342815,-0.0012619269681400657,-0.02709178759790194,-0.01527753146429126,0.0026697084175551764,-0.01829318075411889,0.0006333300703863973,0.015996119488377092,-0.029771401731135308,0.028927452483101197,0.023355958340179245,0.003104699534743524,-0.007793371118737542,0.005626018604259535,0.007519616475669259,-0.012699474847397047,-0.02465445446119163,0.030466631327361618,-0.014459833304452633,0.0016644752588893604,-0.008031620113924415,-0.010551534514863414,-0.010902020463866124,-0.009874672767537795,-0.016348802106793594,0.02132095917595525,-0.015677655657645326,-0.00662346920044886,-0.017757903908467817,0.01711393984546833,0.004238920994361051,-0.008012718023568784,0.010043260533464276,-0.015244206108285717,-0.00597486948103178,0.002948433484696015,0.008240146250186963,0.010629629191907068,-1.86109191515331e-05,-0.002634237209085222,-0.005651616459684579,0.001547865931010379
2025-09-02,-0.20379479790121566,-0.12222169707728942,-0.08322651069690772,0.09103624965333504,-0.0544464855972782,-0.011865364651733396,0.0061043345495378105,0.00870399400590302,0.00951609929404504,0.032663487720188886,-0.02697143816480566,0.008983537741822449,0.007363491679902078,-0.019468476174850667,-5.3890370855396496e-05,-0.0027143828106222204,-0.010423957082214767,0.00635594075075017,0.003512829922024128,0.01940468558829485,-0.0037645279998837606,0.031289004384423336,0.013323908577429214,0.014868768733339968,-0.0068890024238538,-0.0035719048746154767,-0.012126080333269696,0.0020537639260979007,0.0031182508211123265,0.009784447446412742,-3.1917237927888965e-05,-0.012331726379972577,0.001058971785750646,0.015290617254063207,0.006308989420946389,0.007949368970134122,0.013101399186068069,-0.006178689419798635,-0.017588624373444366,0.009045456156842843,0.006826234245411568,-0.014506578635551933,0.006621707763043001,-0.0029726667539102763,-0.010206665259625927,-0.0005997089115640498,-0.010178432993218755,0.006050127643328775,-0.0017163431981167148,-0.005059717446934663
2025-09-03,-0.21965536586089116,-0.09927749099081218,-0.09826665288716617,0.09426441050167919,-0.032052224263104265,-0.012063493649740529,-0.0032144798953886726,-0.018275594729533856,0.021265541106302906,-0.004908883017612511,0.005280495797706234,0.0026977722801301636,0.005970958323209798,0.012907903085131213,0.0011009457304717335,-0.04770466599536924,0.0018452204817206743,-0.0029426790315539918,-0.035386590666823745,0.020221516523611004,0.028004467141364113,-0.0069100014802156275,0.0005689604509872934,0.007098782154812254,0.02373637797981092,-0.01981854757044132,-0.01714303730995674,0.0019077144014214632,0.01614862974777585,0.0003273770060631834,0.010848999294381705,0.005207862685012649,-0.004692163315400494,0.006058889237115298,0.007015520252358296,0.006335009631765563,0.012573441846739234,-0.00270813405743673,-0.023018076948904162,-0.004004233348940716,0.007370591809119807,-0.022749303227903646,-0.013247936661115728,0.0021354167293651076,0.0018335099772952294,0.010571149897136407,-0.02244821896984757,0.006478124434842526,0.010214161376768522,-0.014376479433099094
2025-09-04,-0.2463685051699813,-0.13236643706855247,-0.09557519832900739,0.10897898701871536,-0.0673699936365377,-0.03026957979304543,-0.01593923234993111,0.030123314173561077,0.019922355254126077,-0.006100738326471658,0.007778876152552826,0.021564098928238695,-0.011991083181626078,-0.0024368942808752026,-0.017207460278346486,-0.013513080189316577,0.007258268671764401,-0.002968552482375907,0.0010363802445970474,0.007794922961789079,0.02991173204053259,-0.0012122816495699254,0.01255394547757483,0.012843262146317647,0.024114138440715426,-0.0182689070879751,-0.008741796493729522,-0.01747161764597511,0.0029298912095352893,0.008968530661123573,0.02091907880594495,-0.002935274500168344,0.010303289352935719,0.012527745179392492,0.019456314764418916,0.018064528757563838,-0.011847298674878584,-0.0003089507265861361,-0.009247214215752161,-0.00758508428336595,-0.007461252815960267,-0.011429909866813154,0.004755927015575717,0.002676602695180365,-0.0020450462924386905,0.010605505877115791,-0.0027791935455959375,0.006675287091601706,-0.008163254815202628,-4.94634243269433e-05
2025-09-05,-0.2276524861542222,0.29502270910903255,0.08820496240305355,-0.052178105184748184,0.06807836445435889,0.04239691408541263,0.1459277322275138,-0.16579597329215578,0.08844576889879226,-0.07687580415938701,-0.06857017181094487,-0.02060873685045305,-0.06097092143910478,0.08306948077684247,-0.05276598928244493,-0.09091094929985734,0.08398146069382695,-0.08039772342785899,0.004851038701005153,0.1029917664179497,-0.14282722556771024,-0.14816534540166207,-0.04878885050114405,0.10599072144851589,0.02200337458536341,0.006763038855818515,0.03921449169410577,-0.05925145387594405,-0.035129729432656444,0.016949295358215218,-0.036522753682105044,-0.0105213500182011,0.043460483818533104,0.0197147983734917,0.013336460594262202,-0.02854986884692923,-0.18671543743016558,-0.0814202609970961,-0.00411641183964245,0.03535405640498549,0.04705628083158153,-0.08884574426796264,0.08410051977628408,0.057760862332752294,0.08905374875684018,-0.01115743635346587,0.05268551466068432,0.08952849537320268,0.002099842350945978,0.10371330310070287
2025-09-07,-0.2449218789226078,-0.12311423188100747,-0.08828209646287542,0.09262185542244225,-0.044703278324991325,-0.013676057835686742,0.0037640768964775717,0.018578926025158263,-0.0009682614498047357,-0.02539557706214882,0.002679471192780759,0.014897448097425896,0.027611458534665297,-0.0065963982025737415,0.0018929045056967366,-0.026306058313833303,-0.006002287384903193,-0.0199999571648389,0.0010332330696132615,0.02333858863157169,0.023126884348150915,-0.0003984056884248136,0.0030222453032842968,0.011361731668765343,0.00962880632729912,-0.02109435844998103,-0.01953699866504335,-0.0008599407342303496,-0.0027914341696381956,-0.004491244494969361,0.01518169525682511,0.009830466186486964,-0.004043663404267002,-4.055127224694268e-05,0.00707407026968014,-0.009151083267168743,0.011531185316482472,-0.015608119649402806,-0.018439843427925328,0.0021907186979501026,0.004968458440483425,-0.017570831380822587,-0.030308713142588838,0.007024477409239232,-0.00712911014673709,0.015496307767603188,-0.007717076137675036,0.0023521843846835444,0.01023202233259699,-0.005658427961834337
2025-09-08,-0.14320249082288972,-0.07263254033280998,-0.08457401018681776,0.019483232383622935,-0.056142198163703846,-0.021340088145715308,0.02623715038543703,0.01703233666501444,0.043569481855778795,-0.012356849033426475,-0.002910528435839279,-0.003473830738394515,0.0029490447440125326,0.011391514398113716,0.018297595985390307,-0.019071514231272985,-0.00854674499469303,0.019262023754902293,0.01029767954349244,-0.008268548406154654,0.009831009709705824,-0.03350816720235582,0.011350101438059574,0.0034809911285954265,0.00668748900326225,-0.024292229296579097,-0.025061188454529384,-0.010036042449297879,0.012048452763654514,-0.0014194617084740612,0.012433178183881208,0.007387902305066745,0.003316668948603404,-0.0035423459433482365,-0.00915395592391561,-0.011464087654561717,-0.010025255297979931,0.009071580776157856,-0.007925955426541181,-0.00037189371737176495,-0.0045831447109522345,-0.019981879630331392,-0.027754259588002254,0.004010325579328007,0.004942040693583757,0.01387237225984743,0.004771212222054134,-0.006880990817188374,0.019170372153026947,0.014373168092661101
2025-09-09,-0.17919824343683236,-0.10374610605551733,-0.08718113201344627,0.11435497140531331,-0.013746004584957573,-0.004959905993706638,0.014013730899320412,0.03832519445120547,0.008085386329124372,-0.04783348074305072,0.01069537794206604,0.0033475365402156195,0.022554031660788315,-0.0064641517049496165,-0.018263597658841356,-0.01752882414399359,-0.010620994929392131,-0.017712729013076158,0.01797694077068016,0.021136647478771087,0.015856676394561814,0.005480997573600606,-0.0012370419492347031,0.025112035287967033,0.004914180288906818,-0.01090267459718018,-0.018115821401598297,0.0076036015437976326,0.026944472472126498,-0.005413129578501396,0.025614282585755942,-0.008839000557170757,0.009067528249975615,0.027220225975828745,0.020057220845038255,-0.023760749640509515,-0.008543932909775198,0.004240487568746701,-0.0055066690975518,-0.008190814410549386,0.006712965017916393,-0.01847700622512651,-0.042623144949091585,-0.003587052169540386,0.0041003256402603145,0.012852081811091712,0.0025649499575418487,0.00951425341950549,0.013646449273260104,0.01632222434223154
2025-09-10,-0.19540517282210465,-0.1338863338144041,-0.06888363361589558,0.09948626620725912,-0.030072644433117253,-0.004228700299900192,-0.018077578106339115,-0.0003975838293254561,0.025774509843885858,-0.029586236665259828,0.00494054478111417,0.0006135796456025716,-0.008474998506672828,-0.025822995726089978,-0.0075221029962566684,-0.02623103660378878,0.014466870471802515,-0.006041600166282932,-0.0005124617388451398,0.018019060221766938,-0.006308039749856891,-0.004505991388067907,-0.00423847578802273,-0.00022825043640723074,-0.016613458034043366,-0.0064185200685680024,-0.023366879993256186,-0.03555264496588815,0.007933148649262936,-0.01734288272078805,0.03237079291762893,-0.0007952156088155596,0.016209178731327958,0.03747827978971593,-0.02073480621248048,-0.02617288389731703,-0.006317247269866177,0.00883545181387149,-0.016039436507945946,-0.016943669673619044,0.0007154651210916679,-0.029265879850171296,-0.05422113722997834,-0.010283280481351522,0.002157111757371274,0.023180150318658124,-0.026281823009489145,0.011804115231867413,0.02225182736107402,0.020305820145492124
2025-09-11,-0.19019401276667597,-0.15074765293510486,-0.12906538007052773,0.11589619312728373,-0.06442889060980643,0.005347400015432465,-0.007919447984565597,0.018122316564794586,0.020238774871687282,0.013706472095586982,0.015433607784313077,0.007450716153368771,-0.007602712129110252,0.02387924224259318,0.0013178949846308617,-0.018510840405911885,0.01201888693238878,-0.013104332135776544,-0.02518953419936832,0.01920054505170812,0.03149863447680736,-0.008594050117947121,-0.0012000427503149227,0.017217716012960297,0.04781078118315383,0.005005023889060182,-0.014634928879267508,-0.00035492911546018783,0.0017724439322680005,0.00320473702635445,-0.006933957489227186,0.024705768338047406,0.001969451973036892,-0.01874694811087074,0.02131880110745445,0.0028933364923859973,0.014116682370194046,-0.023599156352372593,0.010350466207943327,0.0083712606424072,-0.011924860718723965,-0.01300817358193546,-0.012714182997913236,0.0011894582202153063,-0.009712020423445968,-0.004028126181027685,-0.012075885592754187,-0.014131818600556118,-0.024100143538283873,-0.0014682472499780107
2025-09-14,-0.18981761575737713,-0.1242389105002432,-0.07215730850801069,0.11010415398398161,-0.025567589068852533,0.015337660026387418,0.004130798218228432,0.026993842728872394,-0.0014706749844083228,-0.01719400880948593,-0.004092806966867064,0.0029448675974362635,0.02272791660982566,0.006467355153315146,-0.008721578535788968,0.004445622364874816,-0.001883155775133709,-0.016956853663095905,-0.003933108779209607,0.024528474012510633,0.013394867678712067,0.006713589059991975,0.01468936990283277,0.014225375166423224,-0.001915835288321975,0.006983066401468488,-0.04076870653439362,0.00813686073534594,0.012359006102392312,-0.006103052460522622,0.011448616701817755,-0.0019831219947885194,0.0032290896739615594,0.023382119592808934,0.006830929340602335,0.012422704356067222,0.00028739851469953794,-0.01506561817923007,0.005913782781047652,0.007793241723035203,0.009822920126937982,-0.0124670225457236,-0.018312295696447337,0.009396450813150086,0.013781951213507128,0.0032491998852428646,-0.004175941134503779,-0.011704000591309504,-0.015563641575570697,-0.017163271598647972
2025-09-15,-0.20448720265470122,-0.11307704832750806,-0.0949924672455365,0.11599784143880186,-0.04031877184873274,-0.010170727035907514,-0.00015452607220179588,-0.001388694220169947,0.040539318521521955,0.0019789208877547056,0.011141478710653942,-0.00900987215076507,0.007845948325997788,0.0028905371089831544,-0.010437464268941982,-0.0004054839379562498,-0.0067730617099191585,-0.0024774774264704905,0.00019619304790055434,0.016361797562738704,0.005594878418070387,0.003390594701376672,0.0031700844716195577,0.009822754990921353,0.031090852801067662,-0.025445401353109725,-0.023853132112423514,-0.006568784650416492,0.019363504929680274,-0.006784358988253229,0.022692578969167633,-0.006181159894301392,0.008114590668143296,0.015138488704164997,0.004506803526945915,-0.015018609674341248,-0.003977949496502703,-0.004994038031789602,-0.014947796804369005,0.006138696061922402,0.011213549543575571,-0.030701124015989737,-0.03677446266021388,0.014328752989643853,0.0024282891786387897,0.006212743845767202,0.005639540307144827,0.005380022059476149,0.006684797954040275,0.006937517278561149
2025-09-16,-0.16305040809521093,-0.1365259593816048,-0.0954551777195031,0.10336963154168317,-0.01465589350721732,0.017796622133873275,-0.004047509216659085,-0.0018789633916290942,-0.03626909043281938,0.011072920038284102,-0.017933642793810316,-0.011244244090587097,-0.009621965905101702,-0.0039828125617889,-0.013816321320891015,-0.01814091178287513,0.016579805176494683,-0.03141171500991132,-0.002587183636331797,0.051909572103746165,0.003272633299065606,-0.012230874284361466,-0.0004786503464222387,0.02736664349368758,-0.0025207230967962315,0.019988604669440063,-0.030853750077947443,-0.02602344300955465,-0.008109117164968652,-0.023868778082297686,0.005348149723232582,-0.017198477941760704,-0.019276984066432124,0.02143453762038431,-0.009294665773401668,-0.015548643295129744,-0.013719556207426212,0.027607045653581002,0.013316991478288222,-0.034866584755844726,0.017936479920395553,-0.03556702243286152,-0.033135876836632785,0.0037310724937681147,0.015260409693023521,0.002694745890270816,-0.019537792271720974,0.012939348781981415,0.0024366640869788554,-0.014218951845828094
2025-09-17,-0.18976699590335333,-0.11949416832513472,-0.08235827289537649,0.10683700529734583,-0.010096307238972202,-0.012652809866766854,-0.018165593757539577,0.035752522353854656,0.02885975226885101,-0.033424152021318855,0.0040393213114449985,0.00912420852557972,0.025800648156425528,0.009267285819894599,-0.0069253092941562325,-0.012212014032564094,0.01212874192843923,-0.013161408331540251,-0.003493911625047426,0.01767953840487856,0.01359771544197743,-0.032402602095877246,0.003237922597156176,0.006061528894479772,0.0037585043168755967,-0.011080946466395783,-0.02876434495282019,-0.0006237075373948862,0.021997722545057573,0.004164772689985962,0.011628246537723043,-0.015861097294222807,-0.009654672619352331,0.008840993536503392,0.02035159750464214,0.0057994740550267945,0.02076529205063443,-0.010216856165144854,-0.005189636958828804,0.003889067517421819,0.01343741352561741,-0.011659512958821677,-0.016314337617140146,-0.013995892023055912,-0.0003386093472043559,0.0140691479137451,0.011266458761725585,0.0031785075983910087,0.009365079550441266,-0.007801320601340613
2025-09-18,-0.18553969671571932,-0.1350700913148822,-0.09256907365656532,0.09458026437678585,-0.034904809344214256,0.005847753377371256,-0.004068111353900482,0.021205203835832954,0.02720129056246404,-0.007964703921582035,-0.011523868126577196,0.0005809340838536895,0.021740738743097968,0.012065821343281989,-0.003916458007520643,-0.027084864597075153,0.01270369388087602,-0.033754046554002846,-0.016437714312262732,0.020382320413962752,0.018489783879649224,-0.008881850235028204,0.0012220437918676592,0.02955608559719876,0.010505033080298662,-0.00658765406021145,-0.021317028529251908,0.010074324084728775,0.022924812348185462,0.009152654596588908,0.0076080737728129975,-0.0034796023786215903,-0.0046052238013926956,0.011682202494690217,0.011897676629360221,-0.0015845886989618219,0.007510234279764308,0.0009152064352078446,0.004784154342575962,-0.014188862508972857,0.019623857736695408,-0.016742372091272564,-0.023421645870682094,-0.011958724290035094,-0.0017803596589826744,0.010648351513070267,-0.005293911816668843,-0.0113907032286832,0.00734796697592347,0.009866940571683271
2025-09-21,-0.24298853060886755,-0.13721774795688887,-0.08885295982303053,0.12344298539687773,-0.05027878353753585,0.0049255681968135255,-0.007926167025236984,0.032332602772630635,0.03805705961585158,0.007019203149897346,-0.007873503996318348,-0.012499137333699584,0.006467135536761409,0.007804676824465261,4.792894873080975e-05,-0.011668363299402839,0.0012103166418096667,-0.020563243940495652,-0.010247361956353111,0.02157594836793492,0.013053148496292275,-0.010276327319192336,-0.00647587573609894,0.007561243945559565,0.011863730272202541,-0.013156648370451596,-0.014903723135842956,0.018088402676751332,0.016008096782128098,-7.251459256387953e-05,0.014927755483217068,0.004382906928686217,-0.0016544279638124177,0.029729090776112112,0.0136735250279211,-0.0015744598593925626,0.01677047850589086,8.83896356122211e-05,-0.0013659968716835504,0.002559858521062915,0.016337252776129383,-0.028160319453801045,-0.024762419797314434,-0.0006454580006769013,-0.016944800005268434,0.014606403358312018,0.004830205846243326,0.00011587602164894816,-0.005695857453619811,0.015408917096876454
2025-09-22,-0.20718165404597838,-0.15331352687439528,-0.09828108051477263,0.08217715407458318,-0.07197775338899963,0.02409583759397719,-0.011189577492881393,0.00992387411835633,0.03972966748341388,0.00982843088526814,-0.010910822373435113,-0.005466354659372396,0.010364590501353714,0.006462424507264837,-0.0016216682479737348,-0.027139133298922567,0.008301781352610678,0.007583506954100034,-0.012060688292647228,0.0029579176060806423,0.020219952697363902,0.00010340677800357662,-0.0009688538641711103,0.009090227105909319,0.009369489574148578,-0.025708119151572582,0.008553511205602528,-0.011008410690449702,0.0075464448482595314,0.0011210654232740138,0.003972181461491958,0.0063361734975931686,-0.003830851843484481,-0.0030981477524889903,0.004249126076016399,0.004311547157097921,-0.0005840929975320182,0.015045960132453167,-0.004215448144497459,0.004179262899049479,-0.0038591328048578075,-0.005661133915500746,-0.021224687164876337,0.007362514578543547,0.006474070483777298,0.0033975475411725333,-0.012181880127746365,0.01612728331047373,-0.0032127698128390472,-0.008735347535258455
2025-09-24,-0.21384739362869407,-0.11780170827728195,-0.06337807224358709,0.09552365106657364,-0.04802109548996681,0.005125395195676044,-0.004142233705929964,0.01358873641722764,0.0026431378179102277,0.023373111777573872,-0.025155920402791094,-0.010029104282607698,-0.023544401044209202,-0.011339282266731317,0.017087201870648015,-0.0071408697506956595,0.022827870773522826,-0.0022910241341339535,0.009921688765920297,0.026854440042007214,0.010357406197352512,0.0011051709906496304,0.011579838466557444,0.020826566642110925,0.02274211413662664,-0.009564957541261493,-0.03853128255589897,-0.01154568526423738,0.023643165367896915,-0.013060068808373603,0.0335052251002862,-0.003215707694066713,0.00918459211647456,0.01850090647339212,0.015823597786948303,-0.01667321609867847,-0.011340118466745744,0.0009771927084168185,0.00929865831372128,-0.022491709915867568,0.014738165300964586,-0.032874169532975964,-0.015473731848522656,0.01036500187818977,0.025816566956716646,0.016063911338478815,0.0006120096691602017,0.00974019049001562,0.015005286375618916,0.015940470246275602
2025-09-25,-0.23897275875162174,-0.10583992045870975,-0.12147328517295565,0.10693921980961558,-0.08557557725111405,0.008561130917047678,-0.014670843041289263,0.009701469753686265,0.00922641016315278,0.017723345610313992,0.010209519620824349,0.003112160033126941,0.0034508301815749454,0.03559323587221932,0.00281592531174957,-0.03745863618418804,0.04281549195952423,-0.03771565253528715,-0.0009624311268639843,0.020682966996961514,0.02127607740337266,-0.005115472486331354,-0.0029760845403283263,0.04602160209303824,0.055392984415290315,-0.01147432261531233,-0.02069141465399051,0.015223194667244401,0.010787012182803143,0.01625858533548445,0.014553864319598687,0.006434179024257129,0.004093534767393846,-0.002097251789181167,0.01636370261740168,0.004749553288850128,-0.009866308512215134,-0.023069664088363463,0.020612559608353155,0.013802489057017224,0.02521904597677031,-0.01235099714568294,-0.01180193196824605,0.010296552181298026,-0.021711451525212925,-0.025234523292153907,-0.0067292236669212815,-0.012639203561232293,-0.0013050462688929962,0.0018210781049856472
2025-09-26,-0.3871833260819653,0.1152176454929963,0.2941603241775422,-0.2888591334747455,0.008653896150418844,-0.14908591569095417,-0.11758566469200242,-0.07285706042671279,-0.25243167582603865,-0.03476583066444689,-0.13996915261176676,0.24010778115614811,0.008676206742392223,0.08175265679657812,0.2912573797327569,-0.15401050095510432,-0.11971293166602544,0.0253268340930344,-0.020089356751898574,0.01778139520059687,-0.03418416677066115,0.038235242984706916,0.05472810115126598,-0.09389821510343693,0.05390285780502213,0.007544663746583689,-0.05859510682222612,-0.04230623456355492,0.018405062448844607,0.11484021819647794,0.035319683868574814,0.00722593586126803,0.014257343025722777,-0.03966466988333463,-0.016899652699441808,-0.049047550895441966,-0.010801124127288122,-0.008740967648300905,0.021871699732463334,0.03737918837529957,-0.07283391098285552,0.03560511687842466,0.006142836386658997,-0.020811265931821445,0.04601113692113351,0.01834035610742482,-0.040632082807420165,0.04702935919270039,-0.006851534567878156,-0.05439761685711458
2025-09-28,-0.234831211044808,-0.16370736004062467,-0.08593344260276223,0.10640776085346673,-0.05039865738882127,0.021679606036571007,-0.01987355395607923,0.0325632713641629,-0.013454866834523843,0.001868681478946424,-0.01478675430092348,0.006074596026323552,0.026871462180971938,-0.005599867816176335,-0.006882616981539032,-0.0021515252252425274,0.0017397702208831166,-0.02060491390750856,-0.002845464338640775,0.034199132132783736,0.023842125194125034,0.014969391974552684,-0.005360933063896975,0.02456778352110217,0.0228121212133438,-0.00801361970710665,-0.022682635655770115,-0.010095240356148687,-0.010665409781629201,-0.0003280557663860676,0.00734257410996858,0.012021275653771544,-0.004493653225687518,8.403460225784933e-07,-0.011873940677802916,-0.013219584297555959,-0.001544619056091468,0.002740069996244474,0.006252319372921738,-0.018173956096580568,0.017597766476570093,-0.010700966054226043,-0.017629285468368484,-0.00645215164535516,-0.0006703184345117759,0.0011308750584654817,-0.010975203005663983,0.008964497719884224,-0.00443583845226147,-0.004010177832104275
2025-09-29,-0.13251336029415606,-0.13033110186196756,-0.10410642417303742,0.06107824708238766,-0.027943568197192195,-0.010305450416288265,0.00021967125484444942,-0.0015208726938798196,0.018320440016177983,-0.015193345782267404,0.003323333039995176,-0.0014990359027894306,0.01699221017254695,0.015899560138540214,-0.02230482383998946,-0.008792252096859738,-0.000553950268047255,-0.021963452281336344,0.005737902260445854,0.037475350851238265,0.018145298106789564,-0.0208592933426028,0.016727550554766615,0.020102529694787676,0.0032051252838246813,-0.026915848173670803,-0.02362432715915038,-0.005997203223162856,0.026852843873283513,-0.007458823361544084,0.01864917566440564,0.004289739894669159,0.003239664474566844,0.012821660881712707,0.03136710435769578,-0.0050156735068199116,-0.002756669330811933,0.005871618251234821,-0.002018317650515931,0.0021660777088690396,-0.001065456338134002,-0.013200866571686851,-0.027220329811600087,-0.003238517992444721,-0.011059746806297085,0.020330916704044636,-0.0076619357555706615,-0.0068474343063628495,-0.0084598737555934,0.0022473978425534467
2025-09-30,-0.22789969489638803,-0.10991285420695958,-0.06626097957661682,0.06893626447007112,-0.029557495686453158,-0.011063731115829053,-0.007287305717942857,0.01033379321742396,0.012326777473903651,0.015344178955809536,-0.013210999899067329,0.00248912513352565,-0.0038228185707606752,0.0009781294416687022,-0.0005956365210679224,-0.011928293989275378,0.02161776799653943,-0.02780068957011926,-0.01154775537989663,0.03320333866350244,0.011809858881724068,0.007932738276550659,-0.011197783737485915,0.012744852067022715,0.026568207766088276,0.0004891623464032555,-0.011317739957033295,-0.007629460158176196,0.0074284548101484415,0.01433145426746625,0.008633020758217933,-0.00012659921291556671,0.02785104952656309,0.003388593395103864,0.01900941194838261,-0.005313876690746758,0.0021328164765639364,0.0008255924026456243,0.0089184476235775,-0.00015358465135172826,0.02094888037166438,-0.0021766249506404785,-0.010510310904140799,-0.0053751107236131145,0.0007048447485730756,0.014243257578143974,0.005457033822771754,-0.0029810770244193146,-0.001190726637305712,0.0006837364489392768
2025-10-01,-0.20898622636427516,-0.0690027115941953,-0.042271754171350304,0.06090712877402482,-0.010620107980952023,-0.007560860976210606,0.010968765248826314,0.007888611555402774,0.014361025930931307,-0.0022844222634123834,-0.024679003459115976,-0.0038156967942105965,0.0066139388646607265,0.006882755933900531,-0.0046373100919487225,-0.01744578243859176,-0.013100604630632442,-0.015480885643949904,-0.006480599214971128,0.018280495440342673,0.0022544550744162824,-0.012974126739204474,-0.0059490086355431385,0.006926428329754661,0.017509113281082653,-0.015838767482425346,-0.017002737214660207,-0.0160125512265588,0.00987825866221025,-0.007403210351597901,0.023807580435559215,0.0036799175576182766,0.0006921188818860705,0.008409609275978674,-0.005918520150690217,-0.00434849627553681,-0.0019869044149096802,0.008315946049538897,-0.008165090808981857,-0.012191482734946708,0.006873807023831911,-0.010464033868011502,-0.002648203030879511,0.016966370974095694,0.004308575566633049,0.005004116403180467,-0.01422151279229613,-0.008052020191687555,-0.007770819460336124,-0.002981644926283173
2025-10-02,-0.16957368971740489,-0.08696704872250254,-0.06624409461210003,0.0724244408260089,-0.02741007345128281,0.05986704008038601,0.015514689629271838,-0.0002864348195205901,0.020131204852954835,-0.012028516617745925,-0.029955302440906193,0.0059570075719582675,0.009691177096622051,0.024864426575856805,0.026277806089155215,-0.027440722977022304,0.014005623736283685,-0.020852538679672683,-0.01599849323719672,0.01833595898460257,0.015923322869522735,-0.021429260495138554,0.006651238359379684,0.009708587968286223,0.02889923075685364,-0.01842942672820169,0.00311940014390675,-0.010050681713373779,0.00839379996019428,-0.002843528129619915,0.020410465138450108,0.002341603234987709,0.014800492808106561,-0.013334330560245817,0.009917531281390167,-0.010359486502752055,0.015806434816031466,-0.005011622846870562,0.0026541078475593254,-0.01691732325370127,0.009828420780437485,-0.011364193293229635,-0.024906484306905546,-0.0026171678491693083,-0.009502321455925477,0.018257137866871664,0.003991306163332331,-0.010021785525015309,-0.013030421360181661,0.015304753696150634
2025-10-03,-0.2676095898942843,0.2912849339001756,0.26845449811480326,-0.12432808553194323,0.037159036765185595,-0.07534555885449323,0.004002783172496727,-0.16025691138280837,0.11751920421602172,-0.002602720860438931,-0.17714045462166453,-0.016998640039734662,-0.13300205142964636,0.02226204093781585,0.03856776681778456,-0.06760508646058191,-0.037261785182137554,0.03796046771673965,0.03813399761496265,0.09843437402940738,-0.1608717942061184,0.03037472550360601,0.0014175126946185561,0.03505255225971591,0.02103817767140255,-0.1305568256410351,0.002247625837220124,-0.009546404308798141,0.08355713607856537,-0.0723119081786405,-0.019492755748188925,0.02057439010236618,-0.06827238435536992,-0.05336003492157499,0.0021922447931179024,0.050619425918867166,-0.013723375911111307,-0.0338350547980412,-0.06918374300703112,0.0875683586839412,0.06140256623230172,-0.09538650143522825,-0.015063314577595906,-0.03417298583740774,0.026490966443950326,-0.048549335697906267,-0.05811218292261483,0.06824174188847476,0.03526385375510047,0.025334821056924563
2025-10-04,-0.3447204386552195,0.31009903097017266,0.2261477411931673,-0.18380590248449435,0.0630952624938185,-0.08025505057599115,0.10006307245452682,-0.05890820647546646,0.008994478479349092,-0.05140932813958179,-0.06933056580726737,0.058078224230903974,-0.037799625802522045,0.044845864497907985,0.09620453427575405,-0.0727333834931045,-0.0021475538339922134,-0.03774905942699216,-0.02375517612543919,0.14674007553403623,-0.0687627354081782,-0.06284197077534573,-0.08635071090717669,0.10626380274156785,-0.10329103790129986,0.029894776723592892,-0.01625088897976929,-0.05639314769417575,-0.08726932220085407,-0.14381739587288,0.004911104920388686,0.08604522302064352,0.043810130419286455,-0.009886230863527556,-0.0016842017212643423,-0.024617292135346715,0.05457781486968847,0.07214506034207618,-0.033853590368849544,-0.0455873592077306,0.19478994853357595,-0.07497874379575098,0.04056306435673076,-0.006367447508494475,0.03838022731808707,-0.1248523555890075,-0.008059014005154262,0.12076908571152975,-0.0030042037261124076,0.04965703997678045
2025-10-05,-0.24840982104257248,-0.14178285278856304,-0.07526695858765624,0.08355896681216542,-0.047890601597712704,-6.159767613840531e-05,-0.006080942048627291,0.017820253417215506,-0.010748192469498211,-0.01671232788664922,0.002780046711426292,-0.009359412273032525,0.014434118086687315,-0.004838444314570829,0.014047305333448277,-0.022422524701170333,0.0024111697129191316,-0.009077094075182002,-0.0064644079334209535,0.0437588611831975,0.037257527652188496,0.007029257856576047,-0.003622297118881246,0.013111560298443004,0.01478466794243339,-0.013991535260036287,-0.006373848251391522,-0.004570978396973074,-0.003171436686439157,0.006974998310187407,0.014151620478625017,-0.0041688639406644926,-0.0022960065328858767,-0.0015309568784598584,-0.003971137717194533,-0.02471542658366079,-0.018840766049752877,0.02261948574017072,-0.0005631712661672848,-0.020607366611941902,0.015915890545789027,-0.00870132616495578,-0.016565096769524223,0.010578486102951172,-0.0031001605049764906,0.018552571118409144,-0.015001342780770281,0.012607783008807005,-0.006589961537452565,0.006258169697671151
2025-10-06,-0.1792068728509596,-0.011916803598161479,0.03148472339043545,-0.033685587517876585,0.004560309149230024,-0.030081655578623263,0.0023528220691871595,0.025842953885806243,-0.026353462112419273,-0.006663137766324517,0.027346705215520347,-0.001924393040733657,0.011334526669745647,-0.002222495540822569,-0.0044952632206909345,-0.015659068715113557,-0.0025812767757743826,-0.02486694880277399,0.01300102312147273,0.011636552882018017,0.0026420174240722677,-0.007204334572782866,-0.008327895051286376,0.010111668197272177,-0.015369106736680103,0.0059182455889597455,0.013321276789023744,0.01974899882140069,0.012900318980250857,-0.0053839850755906735,0.01735896096054918,0.001039943845555539,0.006639003237486547,0.010710875895007528,0.02793651477486004,-0.011897270981665596,0.00985297780938589,-0.011932941117197629,-0.006403350146786907,0.001263719998770863,0.032312368969526516,-0.005573600641624476,-0.0026188151294310835,0.009471013589805307,-0.013008119485056424,-0.004195898875173308,0.018402869191637892,-0.014446104092854475,-0.011383822613840421,0.003433072311002747
2025-10-07,-0.18310461266979575,-0.03240299188583136,-0.006585658890035111,0.008094696500495676,0.018810376632257406,0.017744676116340015,0.002381850701517472,0.019916012542941147,-0.010586462638956446,-0.02916106840442201,0.05072136333186838,-0.01106550811209288,0.03661953564741816,0.0005986402814564898,-0.018727362390331063,0.005092361857869861,-0.017747526006711603,-0.034962738939031984,0.01648706306800336,-0.0037647455080223767,0.005299153516942919,0.0009562436755491495,-0.00674505946767252,-0.015819564703792893,-0.004051057876311407,0.006183722836249989,-0.03459055402644462,-0.00908019449843334,0.01549994098417045,0.011895389153635017,0.012977613497184232,-0.005330143460692679,0.0015581128923645507,0.02107919640644786,0.008647093792762052,-0.01805671374745651,-0.01821374855097215,0.004532705005246838,-0.005538159807474832,-0.005048248047736864,0.003532684333868263,-0.022724742191623615,-0.026884031391248123,0.0008058211431803961,-0.002984344426141222,0.012403223772175499,0.007055305185574301,-0.006642825840886249,-0.00020720628325821328,0.008038562400633354
2025-10-08,-0.19902681099222247,-0.05655897387576181,-0.016540550061722413,0.034774263992374835,-0.008847839964899518,0.012636343897026342,-0.018680626309785512,0.024884770215011145,0.015862179485992688,-0.0068038965817652265,0.03204451343946228,-0.005192938610130174,0.042114559923493895,0.00927278496806569,-0.02037984609182013,-0.019822373550627968,0.009635303629117345,-0.03297165903532069,-0.014116680551859986,-0.0010394544365113815,0.016044192426798273,-0.005035136012151555,0.0003212265788222826,0.004352943060609691,0.024206064234958857,-0.010006747787408092,0.001152615959144226,0.003629773759149122,0.0063869590466607866,0.00952537069158842,0.0016241599602256403,-0.0018068904623809098,0.011461500663325514,0.016268250033415022,0.016123897450472786,0.0050945745859667544,-0.0011160076481074937,-0.0035007210716584314,0.0014528337382292444,0.0133538796766474,0.006398398962679234,-0.010265957865969816,-0.01130833411336316,-0.0025081382947732098,-0.008105037698956279,0.002031716528363585,-0.0002586351307525627,-0.008757399653921374,-0.0045693590846148605,0.00759512601799845
2025-10-09,-0.20294912478216007,-0.07264497364840097,-0.058797110155214355,0.06428582853273063,-0.028744506919921132,0.02298664562102628,0.027774089572956337,0.01317842466190735,0.006812256529379544,-0.0006629928233141312,0.009422561411608988,-0.015182492093062943,0.038555370725793126,0.0006913977881483315,0.012152965533197174,-0.023292179454812108,0.005687473851182568,-0.03612488526603674,-0.017288809075809163,0.02245769193493651,0.025014895776724118,-0.023101853952796292,-0.026002709467153235,0.0206835493295358,0.023245479473603968,-0.017946653912492873,0.0044690845836222555,-0.005665202998007946,0.01188205346251547,-0.004252351289045416,-0.007248872730229116,0.007520632795673673,0.0039829811984650725,-0.00816252909136932,0.011151069035486502,-0.005889219071144752,0.008340527088372993,0.0007472377168941465,-0.008213828319515587,-0.0024362729641418525,0.00036661599908876743,-0.011657332884414904,-0.008415383393480486,0.002573326770981963,-0.020344744635273946,0.014814603972182504,-0.0026032348180760976,-0.0051955375386784864,-0.014715459184325362,-0.00396607015369537
2025-10-10,-0.1170166668935441,0.006561391275403038,0.1563439726108796,-0.18492388331197512,0.08903744420717348,0.035074003226331564,-0.015071680496445476,0.06789783310150593,-0.07785015815463792,-0.013786862842068537,0.13174648847419282,-0.04370452094094482,0.0655963415766965,-0.003137917446485741,-0.0837195863527981,0.03480677533055488,-0.021600444824261895,-0.05014534409255196,0.0184684401143533,-0.03502987955086931,0.024818720742592806,0.0448011930438406,-0.023302675599194404,-0.03502507244935092,-0.008967895172105536,-0.007652449239963716,0.058443746625010236,0.02061836050371898,0.027633716919185144,0.006428166234006556,-0.039855872380838826,0.03838719114677311,0.016029127253096034,0.024229265183534698,0.0556495374883509,0.0022942304627174563,0.0037851997666481342,-0.009875156780405058,-0.017798144232126317,0.013973726960327533,0.030367510354402744,0.0036404679339476255,0.03627855099044417,-0.037720263984730495,-0.008153291257977494,-0.008805542804678816,0.028597714229119234,0.026222297693576833,0.004439136012926132,-0.03299574272596062
2025-10-11,-0.1742556230307674,-0.030449250695199076,0.1671516048784739,-0.12840058206789864,0.05777957813756786,0.06876938959542711,-0.023296990791379105,0.037695060643065444,-0.13431295812580035,-0.023571655925511675,0.1628191648235453,-0.019975178057329825,0.01685254694446349,-0.04466285214499846,0.018896435126554697,0.012712664301352762,0.02996365278519552,0.02731814838981516,-0.007163988679729885,-0.009077361369881366,0.05895451915962531,-0.027478054637656978,0.004836023156457619,-0.09276705264622491,0.017542211641304335,0.002416158765439966,-0.00143762892272187,0.06314172277258073,-0.023660930671997323,0.024787731743666067,0.01076227528793174,-0.0028052880112511853,-0.005173248082674143,-0.01036641441824035,-0.004716672985641689,-0.03519170014051285,0.05688038629692062,-0.010469694484951905,-0.010577188853224713,-0.003731146588597368,0.026250759662747907,0.04976033273775686,-0.004748779455654875,0.004814423439190002,-0.02100280644139698,0.031035894595219795,0.006680278699811864,-0.07158506747447081,0.03351585255495647,0.006682143115700546
2025-10-12,-0.19187880087160702,-0.026898989095603485,-0.00937454580213644,0.04063385649550924,0.002570904426974745,0.015363975635153888,-0.0031128290956545963,0.027337669981960865,0.013199900957148288,-0.00412577857377619,0.060593970524889365,-0.014832584598164104,0.021875046552414592,0.005912274565342871,-0.01932525647664998,-0.005212915166310217,0.01103224241155377,-0.01905455182239856,0.010053900538805694,0.0023019285241414854,0.03019411034067391,-0.00956061256330693,-0.022145750269829272,-0.02347787372545017,0.015192265224632755,-0.018834536575932502,-0.005994856713465355,0.007543925187213552,0.007785854243544786,0.010214410148049701,0.008398706871781417,0.0009944787421081857,-0.005649180983460245,0.012432897675355369,0.004559525168502688,0.003536549278550972,0.020076938712836806,-0.002879156989062548,0.0008738443648695757,-0.009299346275940291,0.022861633599340826,-0.011826526961848884,-0.013240286111220776,-0.0022857848617851783,0.014296450460777762,0.02675951802493005,0.0015929851809910937,0.0018464982108370685,0.010912667798084447,0.01665724254867055
2025-10-13,-0.20206554321716277,-0.08017382870050584,-0.04713236144928415,0.042436190231012576,-0.019725367218858685,0.0036451727391087567,0.008952655485023163,-0.005087652724349235,-0.016752113656496922,0.001802895777419495,0.029335689000864976,-0.01642096143648929,0.010468920120940074,-0.006251954241779309,-0.005574213731201056,0.0012413285504740688,-0.010486427745323561,-0.0026728069585443847,0.006377309186407504,0.00314753530148442,0.012315690336688645,0.013947514745176316,-6.227721909909569e-05,-0.012103271753612768,0.009640968640831745,0.026807837997053083,0.004365575974886459,0.007964739455863838,0.0055458688763472905,0.017790421030549394,0.008811183770378938,0.004484633993140142,0.0033815373922882813,-0.013874669258686178,-0.011871087442324043,-0.0004094493019305509,-0.022217001737063417,-0.0019665623640747923,0.008797922422491033,0.005506738805677228,0.0060076402088306054,0.010921225178434591,0.005146241803334574,0.011263619550669093,0.010597547195884315,-0.0017748503852651303,0.018268697617691926,0.0014195851724965699,0.007845242451200418,0.0005734340408614425
2025-10-14,-0.18195952378762995,-0.08351650616811844,-0.05077044049546851,0.054050411862059194,0.00012272435515767353,0.03786532322232222,-0.016037009849738194,-0.04529788877299515,0.020803925407333956,-0.0020920899186185147,0.008573049722479522,0.002820013631793679,-0.00042514347568501607,-0.017384781552120723,0.006306566300738842,-0.004065552208465522,-0.0023593255840080093,0.032672820947026754,0.017189211507553304,-0.0481785375636434,-0.04586764280202601,0.0019244445082610845,-0.04718836828312344,-0.04032641908596137,0.008573664947664686,0.035866461732809454,0.02409457065018533,0.001975696360757766,-0.00201807792599105,0.01235772224159925,0.016083873516583254,-0.002632457494535583,-0.0009962132500999973,0.0013201526890196898,-0.0008592891689491208,-0.013041217971975563,-0.0037108941170270475,-0.011637189048337392,0.04056430001811021,-0.01816940326788515,0.04200570696482151,0.01861861052977812,-0.01387781361442912,-0.004592697983320921,0.01017136070469223,0.03639141761434831,0.014211554413074813,-0.007181451289619827,0.010118579572470858,0.021124985665912713
2025-10-15,-0.17231830486154315,-0.05520578094205465,-0.029003693717318285,0.04534767026070103,0.01645486286251052,0.028976978179614907,0.0007088956288822376,0.039918503369806735,0.007826602367288374,-0.0015105265861369871,0.028492127867081565,-0.01879953876911077,0.041150234850463596,-0.0035342386225886493,-0.00400696743711019,-0.007299839538468525,-0.003763032122575226,-0.037343451719716335,-0.015058230756600136,0.01587602245568452,0.021082360523045417,-0.008561630208675775,-0.01450460195154453,-0.0033408796024817994,0.0034919614969646457,-0.00016223869918149063,-0.007488201574114825,-0.016620991587008138,0.016468048747064843,0.003280033757548733,0.0008103153998894797,0.00045210453103670847,-0.005976277642756161,0.00801734984469104,0.006891758365404037,-0.001779198016875506,0.006286575369606265,0.009674021870935147,-0.007078040105207904,-0.030589059994764307,0.009329999614483915,-0.019819154086933004,-0.035910797210888724,-0.0072006399640474165,-0.006019490146796857,0.013698864365027364,-0.009724798196504235,0.010930450528007752,-0.004346898985957237,0.012041348633936516
2025-10-16,-0.1587381102440246,-0.009443471584729565,-0.0032620895509196455,0.04081427973716082,-0.01710893613949104,0.028018308383890574,0.008410234021528783,0.011793258030752424,0.007289113144239002,0.006422780539759199,0.040188463197981264,-0.005660961859646781,0.021126550510757004,0.008766315964067465,0.0013988996567660854,-0.011053220390584848,0.01182877577046114,-0.02464095752872789,0.002119651126018218,0.010189697049184192,0.016341076522208304,-0.0012668317624385445,-0.008759907121379463,-0.002922246109694386,0.016486437832220553,-0.005980090223569001,0.001612819892297219,0.0005154741651214716,0.0037107703880595697,0.006668534443328764,0.022554168907738256,0.007883754304852374,0.01358602136459156,0.007992326238451027,0.008881588338682016,-0.010033815513664371,-0.0029402150829415906,-0.0041610657872958815,0.007269606258848889,-0.008283873185151551,-0.0076577571823538805,-0.01039203162616005,-0.006416063332505925,-0.008230070533334662,0.0035424766709894573,0.002702079583334905,0.007004120068541313,0.003268204378678121,-0.002222842688677586,0.006411646541067709
2025-10-17,-0.07746536002829771,0.21929775085029826,0.05997639216008849,0.0341191850855926,0.0004337139941371697,0.06064109473904952,0.06708535030634231,0.04017921937257187,0.06732854371842978,-0.03491116467001847,0.2209367960612805,-0.03613454251114649,0.030840353740654237,0.05285318785346544,0.011518014698536342,-0.08016760222609816,-0.13658472087036788,0.036323873089946786,-0.009674833061468763,-0.03460482299703783,0.10749396700465126,0.04390296952537566,-0.06984639411121984,-0.0754966953962107,0.013990728440872829,-0.18771655072427865,-0.04021766296737619,-0.020690152051039967,-0.08163818863606473,0.05574337256846277,-0.04631906178523322,-0.016767362661377717,0.02252145677808135,-0.06324738347594847,-0.023990148619742867,-0.06458567625791031,0.04672387877872541,0.04188613549741269,-0.04051415026177652,0.034610386491409226,-0.051137779263339345,-0.05397727365722708,0.022492540151848567,0.1005184921993419,0.08189975962704302,-0.01749009439375815,-0.004789674452982535,0.03431830399396313,0.06919952970202128,0.03867260927734062
2025-10-18,-0.13965329024133058,0.1364676281816497,0.20360450116659573,-0.18097797792282394,0.08863053714371918,0.016801871886947754,0.045997346529303894,-0.006515396375687977,-0.07324222736907818,0.06189335358651928,0.08579658448074391,-0.01824986831603052,0.06564132515120905,0.051430003999528795,-0.004058237159684174,0.025325675753497166,-0.05717521594285839,-0.07428785692518994,0.04847256378210716,-0.10245435549572986,-0.07861613384449234,0.07959091742909075,-0.0015841782606626077,-0.012382749632777362,0.09441637068464631,-0.022702893111277597,-0.0034135512847644454,-0.006668112817735127,0.009223313219353796,-0.022282633148281855,-0.08305519195163731,-0.004704098922917413,-0.00624618043381096,0.012894780532426976,-0.05346349825766833,0.03645517952213135,0.006911242962188006,0.02075952497849924,0.050832002072709305,0.011457482304332299,0.003983828557640582,-0.10297713205677164,0.04372518548322562,-0.033543149742424734,0.08232139544493228,-0.023757313297114998,0.03134116322723888,0.012401712707011259,-0.07820165752412979,-0.02650135405792975
2025-10-19,-0.16144596711932951,-0.020095272551454192,-0.014920485675943156,0.012778771137792655,-0.011424161294339952,0.012996362490889361,-0.014296740985115885,-0.0006363948875956878,0.022560092627987378,-0.0077032995168473395,0.042331892145778656,0.003047049819338655,0.0363677778831404,-0.0011685767989490245,-0.018290826641998634,-0.01494611875095419,-4.5537612446532944e-06,-0.004322266764268188,0.00139729434194602,-0.01759898540104442,0.0017017237081745457,-0.006510272117790261,-0.00797416735535612,9.876324288394924e-05,0.005198947751641022,-0.0127787020018974,-0.001616659994104544,0.003261794107738647,0.012957552096444693,0.0036211546114946333,0.020006410376751247,0.006783499511319089,0.014231149915839876,0.029680627404611467,0.012724730676031202,0.0018558882506635864,0.006793022450571665,-0.011257411129036094,-0.01181924625588266,0.016713094681495722,-0.0061887012672084026,-0.009446674216772508,0.0009914771464919544,-0.0088434788163294,0.0009157814015512299,0.011479252507865488,0.0021107596245690382,-0.021044255948819465,-0.000148300912611754,0.006715825651063901
2025-10-20,-0.17701267115179226,-0.03003231554705966,0.01518238436704819,0.013090523777606727,0.013943285094273413,0.0017383562848800448,-0.014704436454772884,0.012965484481002796,-0.003352644831279593,-0.002249384406154545,0.05053516828442569,-0.011136200156863762,0.03302834114196852,-0.0022952013234785115,-0.013501661338148056,0.016732380767684695,-0.011287513391541836,-0.003534806536242725,0.005873705226832259,-0.018503280199691545,-0.004115429708790892,0.014632632577561816,-0.003354798539771705,-0.016069479776665653,-0.005200940789990135,-0.004007863318185994,-0.004320891483676335,-0.011756623247917004,-0.005609555305977921,-0.007760013556849131,-0.026615005918186475,-0.004853803691439138,-0.002868960960807907,-0.0023755769088265335,0.009646819655753954,0.005952825590031337,-0.008692246476399922,0.015643593486283518,-0.002199854514965398,-0.0027414473034784166,-0.00928292912729256,-0.018886858428519213,-0.0016468332125905878,0.007085678167914973,0.002022376366678871,-0.001847289309522994,-0.006469119785057993,0.013123274592044674,-0.010816249468084498,-0.002141887843202044
2025-10-21,-0.1888941687279337,-0.0159993667999063,0.014360804275792153,0.02686075948642573,-0.013716305238304879,0.00942067588842485,0.017482911165550105,0.003595151451266332,0.032301990263569745,-0.010177078546425973,0.03454885094728372,-0.014742214994973012,0.027767100000162262,0.005975908016469697,-0.018643944812746557,0.007895386802979146,-0.002927601757558291,-0.0074917800254875365,0.012339285451698207,-0.00283168393536677,-0.009230208134763641,0.007148209603340821,7.780910552498777e-05,-0.03127044675026458,0.012859778061579246,-0.00944535131341414,0.0027300551025843268,0.00014795297294337934,0.0048371422260088046,0.01301911404385004,-0.0013140930907079961,-0.0069922226793878205,0.010846624046832508,0.0027019781496667953,0.0012355338897429415,0.0041035873495910815,-0.006725994610421715,0.007233837300884853,-0.003455643989780048,0.01029217746777334,-0.0009207679282565442,-0.0016308881050722112,-0.002342234390441889,0.005553015713813427,-0.0010231800328479252,0.01951361152953057,0.011857597840712445,0.0020422824796136,-0.010876788189881236,0.0013732005943329513
2025-10-22,-0.21309710398606324,-0.08795501873370991,-0.056878800154655115,0.06792937761895194,-0.05313066101484044,-0.0023886649418553255,-0.0030446396291935584,-0.0021057994600332855,0.03917339990486514,-0.0047527222451525675,-0.01003105614529925,-0.012750620287208475,0.009011005132600284,-0.015320620337650186,-0.002418192871352879,-0.005204000765607676,-0.013450072536342684,0.015554518719792331,0.016477896684246537,-0.0003063773667713373,-0.010425367337973968,-0.016972629013033785,0.0161953152269271,-0.032018047711094004,-0.022345173204314193,0.005660128143900289,-0.0020965645152021687,-0.009591588085254026,0.0013668464523724274,0.005732620225133101,-0.0028741404676646217,-0.002700857243702381,-0.0016137752215156548,0.02541673294433579,0.0044262245148869415,0.004780752674432078,-0.002476681665387993,0.008131425927865883,-0.012834917202062989,0.008268669920280297,-0.003595071129320083,-0.012929154451835484,-0.019805016693819937,-0.009635914038649166,-0.003627233829174175,0.009062913162927323,-0.008311740913457284,0.00046465689900337324,-0.009538544523416813,0.006479636139953354
2025-10-23,-0.18762931188741303,-0.0838663006870889,-0.05088979286672681,0.04838685410308356,-0.01985216666293116,0.009699071159700945,-0.013865838659067965,-0.0029444556117854035,0.007222631544983634,0.004528588838961434,0.025761933652154394,0.0010555758738804654,0.03447261560811383,-0.0013469553691443869,0.0001707535510311637,-0.00989616891136264,0.0006490488205949056,-0.011593479461304415,-0.006659633761342302,-0.0016321474765055748,0.01695484718490943,-0.01385481774070284,0.0006959976175281054,-0.008253362105060969,0.0063618406596532735,-5.6671234754521784e-05,0.002791965158928549,-0.0032001133163510457,-0.00039628698949377027,-0.0011808725628839132,0.006467275216698391,0.0027906508441947523,0.0006792663507704184,5.380573072623886e-05,0.0014618170639341672,0.0029255408120065587,0.008645182825291645,-0.01190652005896161,0.006446433423215628,0.004779530727259415,-0.004776521942908595,-0.01083867664520971,9.653816063316598e-05,-0.007561894299966758,0.003053719539948039,-0.011383271392550345,-0.007788419820308337,-0.009492094905874724,-0.007608600912304292,0.007184384092898624
2025-10-24,-0.06540074569431292,-0.039895041450206316,0.053114372806260454,-0.13982589991260633,0.06008104983313124,0.11801724607329865,0.02643621711450595,0.049270802906549255,-0.05008321051269038,-0.03363791964641331,0.190121744002594,-0.05074959599162665,0.06051087373768964,-0.05544480857234907,-0.1173086024656777,-0.022920405522429545,0.07488768143615522,-0.020961156423231077,-0.0404979208089915,-0.047443623927796545,-0.0891990724636639,-0.04696301712291122,-0.05746522750720451,-0.15766446639584314,0.028042633838887162,0.09429378691400381,-0.03598150952526553,-0.06938110943044909,0.08406070061473085,0.02389883062475202,0.11245077064556591,0.08634006172885207,0.07693155258882393,-0.011175410326770009,0.024411373592736013,-0.03482694988748038,-0.06360553693169445,0.03833448290767866,-0.013077593123483102,0.01385522137550634,-0.06509174834400815,-0.01721600406420434,0.0032391733486730368,-0.053095878003562455,-0.007961365289882276,0.04809825873866066,-0.09143949192853373,0.07894877817345239,0.020763180225034893,0.10984374588316252
2025-10-25,-0.13049908100690094,0.02015639344067427,0.1262838838392025,-0.13362885419218998,0.0672743702628493,0.08457286405963708,0.02093554761536614,0.09627562323149585,-0.04773465010086628,-0.017696395995338097,0.153354033359247,-0.02037952705375864,0.08349920872920762,-0.0005090546742164623,-0.030975072992120625,0.025174388111829052,-0.0027071757653166733,-0.07685776984920763,0.013499012489725737,-0.046064430906786955,0.035656170580443916,0.005699154727601943,-0.022530253741626885,-0.09528066842765852,0.03915202600681188,-0.018095434439544526,-0.009405961225878912,0.031225385358633423,-0.011026688695742415,0.009031551474139983,0.007521082515355973,0.027216035704689386,-0.008164917903692231,-0.011178292885809816,0.0061839470000903144,-0.011211649519050435,-0.013576235367995945,0.008444689618658194,0.00530938361371039,-0.02219753674470933,0.010311780596139354,0.003991211548240894,0.00910577828529021,-0.039812337948535156,0.005144517166700575,0.010206009881725443,0.037307194688262005,0.005781495031618537,-0.018391651577964643,-0.013405759969748826
2025-10-26,-0.21142737226048353,-0.025161785340166838,-0.026776354508231667,0.0425363345557058,-0.013937602778975952,0.013833860145232002,0.00020878524891457625,-0.014378449800430296,0.01299761843337789,-0.00484930645300122,0.002426956160022288,-0.0053808972952417685,0.029387166780364876,-0.0022783335664858725,-0.00898932833134059,0.009370921956820119,-0.01872363086942482,0.0017124693452056357,0.02501060085321872,-0.01505007397716916,-0.02446705250464598,0.009846317059157826,0.000962185733355894,-0.03844260563533939,-0.02173068283544007,0.008060304586148669,0.007876235879294077,-0.0009286253443063138,-0.0030770742178673426,-0.004976544423520731,-0.013886861085581865,-0.0012155038226389766,-0.003958839146527524,0.009510958811797006,-0.01923414894153923,-0.012554987344098234,-0.021441378508649765,0.000265505875528314,-0.002031236603158717,-0.010413387781399594,-0.006745218309082612,-0.020814857828841824,-0.004146589304188212,0.009583222329544666,0.005462835177322102,0.006315847782845721,0.007522519107804496,0.009159018797502614,0.00047630367377758036,-0.007301222540786733
2025-10-27,-0.21601095394698017,-0.011543180226887348,0.00442193800497509,0.03565429694068138,-0.01405035035973115,0.01090857503727886,-0.004073361154008893,-0.007596819935414544,0.006613336127647326,-0.008323185539295746,0.03450413304435787,-0.01233054601920381,0.021813002836753054,-0.013415736628407372,-0.005346935882809191,0.01055787819736917,-0.02238722025066846,0.015595852726863734,0.011738412065228774,-0.009446378854037988,-0.0034112399531148942,0.012839297877343296,0.02090821885090031,-0.050172093197106485,-0.03099612725692545,-0.012262766166709932,-0.009130476761083191,-0.0071826144375111796,-0.003724427823795557,-3.022972008510966e-05,-0.01077962009343713,0.002602473252596027,-0.0013530575405094089,-0.0034818566729300417,0.0003961005846474679,-0.006086430620849451,-0.023766194595035612,0.013480572413996927,-0.01135233685552127,0.010064878410068683,-0.009173945948134187,-0.010059368693319653,-0.007506340930888977,0.005238828146738216,0.00974084687479422,0.00108801878046318,0.0007821871232260466,0.0023796484981211613,-0.0013269196676705054,-0.0005073187619533919
2025-10-28,-0.18390923722149277,-0.06241209809234198,-0.022297590259105216,0.03708676814310772,-0.0269006665738226,0.014820358023633974,-0.0002508354143208339,-0.029049139301643493,-0.009568080539414547,0.01066434152019397,-0.004481681635489888,-0.006751057218388036,0.012255684149309935,-0.02253951843500796,0.004347351066880203,0.012618868071184638,-0.016335650380675484,0.01565221904937318,0.0052563650591054235,0.0010910485614500315,-0.026948044671556017,0.01704828187470066,0.0029494830439662275,-0.0263954615987081,-0.0350452745298554,0.018118929559404456,0.021707150281628815,-0.02238396857263891,0.008731722041412832,-0.00833638895746968,-0.002145060619760403,0.005151836023884282,0.00038863413567894985,0.002216501206502372,-0.023816672177380187,-0.01055721114444804,-0.007440054207568957,0.004447453486622537,0.003334134410923962,0.0051802338885390585,-0.022170818409267896,-0.0015524260035074166,-0.002713242103627038,0.0032947227230263132,0.01816602984163302,-0.0012158284964506427,-0.013756590891576468,-0.004693193922250295,-0.005804574670351556,-0.00805628112656616
2025-10-29,-0.1867035972121502,-0.042795954003682385,0.005750383571497458,0.017357562354106213,-0.016909759932688694,0.018598305425610487,0.000939148093233962,-0.0017710028330583552,0.010141928376591383,-0.007870465255206268,0.017952711150350114,-0.01218396567351279,0.02616112341290323,-0.027141464410410546,-0.020254056120693708,0.012756083515203895,-0.006844080136543797,0.015204359361628846,0.028403120457229102,-0.023020643188333075,-0.03545062020320215,-0.0009573534413816623,0.0001129271776406657,-0.06149342880557302,-0.03382640768551871,0.008104599175044677,-0.012117704629202279,-0.0033115304240540315,0.006835366742185007,0.0017018628488944991,0.006999153141113215,-0.0073980159131261615,-0.004275109721800107,0.013676104640400288,-0.011084170725162929,-0.005415823345500232,-0.008569671620316808,-0.012310433322715818,0.010670525939557963,0.006641045030540326,0.004665993252213784,-0.01421966866334214,-0.014254858662629153,-0.01612126389622509,0.004519739393427528,0.010243824699027156,0.00678744106399649,0.008370443096979537,0.003686586423337306,0.005925817004086776
2025-10-30,-0.22016006772769098,-0.07981315107021672,-0.03045166189563278,0.05144786969218228,-0.03645900168041188,0.011420240551982428,-0.019568390432036432,-0.03696542866068817,0.015558252847640078,0.0039209084053851,0.007759126092221551,-0.0029737137689879256,-0.0008181851867802187,-0.026299134919951624,-0.0070781445958389005,0.01732603621896721,-0.006216414163948071,0.038396784222303436,0.02416478344471464,-0.031037532201488745,-0.020311760236527473,0.004758484940140705,0.012160065208326822,-0.04666719313165452,-0.027386766742740692,0.019408135318702762,-0.0038917355069817494,-0.016078065760896685,-0.004525367974227985,-0.01454654596544254,-0.012966952716798152,-0.004358654463478951,-0.004632393616740621,0.01484491419122925,-0.010329138793395422,-0.00442250702659002,-0.002375050291675458,-0.006136705722096854,-0.00981993289406365,-0.006387497564461109,-0.010789197928835103,-0.013638533889552313,0.0090269755629765,-0.002222360745856094,0.004840957517431054,-0.009402204266781304,0.008583399496760766,0.0062280464955626605,-0.008584628860666394,-0.007246852383468608
2025-10-31,-0.23233696016629432,0.14126274462672003,0.15029463255658387,-0.09537015461633788,0.08003035063560444,0.0042562078074836335,0.021274233815386283,0.03876510349595303,-0.04857263928994373,-0.046897853899609966,0.07257820287807157,0.003561127743925861,0.0831019050592023,0.022978654089552585,-0.003619640808631103,-0.01185858982964779,-0.06811172145080788,-0.04806727414011398,-0.019533556551140262,0.02694645396015488,0.039196254366782174,0.0101237159800048,-0.022867737706858546,-0.05413451252779821,-0.012973242217340706,-0.04393108136311773,0.01677633992281585,-0.015610336918100374,-0.039516122734248475,-0.0065248894542816235,-0.014105310366345996,0.010127102502291367,0.014821359618014706,-0.036385034765550925,0.0010237746442603715,0.0035589747178137823,-0.011747971618197996,0.01164555959218759,-0.010504359941342654,-0.0015714309268553444,0.017403116448642012,-0.012028747240893522,0.0422097123277436,0.015456862732765307,-0.005482390158197673,-0.05901398043410439,0.026987401465499317,0.007617877751318233,0.02545751036600088,0.00027513378984977374
2025-11-01,-0.16425794282330616,0.15513896026506283,0.15271285838630536,-0.10165374333621627,0.10879590801516278,0.039004430740006285,0.06098156812004075,0.021656604889237437,-0.02369689691579441,-0.021212528637536858,0.09740265157778875,-0.03895484632205196,0.05615218307779304,0.0222868691695036,-0.06938052839932304,-0.009864597311161117,-0.02371287904673747,-0.07661600467970786,0.005284971747098888,0.029490148059458345,-0.03265134592221079,-0.026053015572040317,0.02772900237618508,0.01085140282441773,-0.006447614914800174,-0.012277743080320055,0.05057855988977075,-0.000541647922152294,-0.01032798138339858,0.006473457531828342,-0.025960086008176727,0.0008973427493847026,0.008135257916896156,-0.004584820065498152,0.009412247060157199,0.011557042015331705,-0.021428857529309918,-0.002217027158709076,-0.027738088699260047,0.020798614167814696,-0.04610713979782397,0.01125053551478785,0.03193977848134122,0.029951119971123607,0.025364603598180026,0.003138373630451455,0.024614072170484155,-0.07162286636038641,-0.0003024737765576793,-0.013807079117086772
2025-11-02,-0.23359338306025773,-0.10846560355548567,-0.03424882184709337,0.059887263334317924,-0.05760779820142017,-0.009079100681539463,-0.020231102691593283,-0.022266040564552763,0.0054901962778367095,0.004414287916531943,-0.02449089975559992,0.011262997795604286,0.016383434851561043,-0.02735401329973171,-0.002692471468583597,0.033251554566431106,-0.01582239253329872,0.051722338528494234,0.04554548073962267,-0.03465548559964269,-0.030168979867942838,0.011564464017221773,0.024050369111158418,-0.04795711886996613,-0.06099905980020697,0.03315732740101432,-0.005352086773243144,-0.002756845961899441,-0.01379194123947913,-0.001268819024075286,-0.013351822919978874,-0.008957061803035881,0.0005512960641522553,0.02633954917431524,-0.024950492822423283,0.00805284094712661,-0.0037243693385034782,0.013344494285618338,0.002026394170318185,-0.00252645666863979,-0.013319887506905098,-0.005974812107613395,0.01206655826522468,-0.008167863903465713,0.011094004629164333,-0.00937265919233069,-0.000748776678951039,-0.0026521306880582197,-0.006067412237574322,0.0019235762848912067
2025-11-03,-0.19267344918186782,-0.07055542535315715,-0.02975350119870018,0.04765661244081,-0.04584433443784181,0.0006457645975792023,-0.032932619958665345,-0.03328861694696765,-0.012338428829023888,0.006659802116676815,0.000659847153562222,-0.007140352724112914,0.010053945274202059,-0.02629963562832215,-0.011951196358607717,0.016838958378551285,-0.013909012655045112,0.03787934473099859,0.033862793627453085,-0.0196993066898343,-0.0379245569172098,0.01871352027309796,0.021015580404043995,-0.04210920082195254,-0.03697192947185847,0.025187103289599277,-0.0048287962996806134,-0.0071111816612828465,-0.008238297060648598,0.0014993565058895456,-0.020999578083249988,0.008289781232281494,-0.007102073666211911,0.01008405178382184,-0.02086205855020459,0.0069948529650805235,-0.010441674545788256,0.01049493897279526,-0.014740114310499442,-0.0034695105802970993,0.004792458871466483,-0.005780556183661418,-0.004034888585944304,-0.011461079329652369,-0.0005040246059334619,-0.006440641240231798,-0.0041727954587935205,0.013525768593367772,-0.027702954351955033,-0.01160793710172079
2025-11-04,-0.23670196569823496,-0.0921868069487289,-0.028620667788876855,0.05492115093183474,-0.06851273989618496,-0.0114425743648137,-0.021301458754794094,-0.0374564319761518,0.00322121293381476,0.008801891444553617,-0.01736306335618051,0.0017775227618805917,0.007870898820873442,-0.0341060202149427,0.004820398449354272,0.01859247844408248,-0.02532230151942434,0.05906548161769237,0.04805896797969843,-0.0440662158877683,-0.046713227542075846,0.03579350558423095,0.00698298882150354,-0.05440812492933981,-0.06170413756873985,0.03197081108321616,0.012380531684319261,-0.01546422291949627,-0.01810769760687867,-0.009082947341170005,-0.020055653427778094,-0.007510276384419311,-0.0026636507421167847,0.018218556401675415,-0.038044187022062394,-0.0006180262793096493,-0.012766772413238365,0.024265278919317047,0.006856070560582318,0.0025458924780051282,-0.00832502502475674,-0.004405263566348676,0.013909515924621082,-0.007510471845479301,0.016797592698375562,-0.0068187036447391524,-0.005021091766026449,0.016503713010672782,-0.009513759089809923,-0.014503556585428663
2025-11-05,-0.23090931954358418,-0.10595674698278058,-0.02888928590819163,0.08846814992865043,-0.06441878060357911,-0.003931151920509189,-0.04132995273917738,-0.034917300914058466,0.004218855173121788,0.01235997009805075,-0.029024430533550954,-0.0010179579528937226,0.00405260320302542,-0.03564616343160168,-0.005860930735385031,0.023690760061299117,-0.024874865664174364,0.054419011153970256,0.036100487188765705,-0.022985255746183913,-0.03512391844347274,0.011002498665203243,0.016922887861361195,-0.05483521633020159,-0.05441092331281812,0.02900111137580722,0.004845868966779881,-0.011614478499011413,-0.024477668152473087,-0.005812698150296646,-0.024420514454229797,0.0036426048984093905,-0.007969699836103645,0.009350839457301054,-0.025585595182454138,0.0033742649971467936,0.0016116888145101024,0.019690198077109325,-0.006322656844885599,-0.009453459434098047,-0.004409164303157015,-0.002169442101174587,0.004209061523698147,-0.0015699867971189995,0.004877436016541748,0.0029547851031862396,-0.012363977585599348,0.014223941593801801,-0.009449221952023263,-0.0107398568898331
2025-11-06,-0.23252446879500258,-0.09125524709647755,-0.02860275202563498,0.0719488146278938,-0.06731767342256106,-0.0010945136415539383,-0.025593429097109755,-0.035653270728159554,-0.010487370355800354,0.017955851570113077,-0.020849902942736632,0.013734279008069486,0.016188274328620623,-0.014594195815425152,-0.003127865329068692,0.04000092742601655,-0.03880275987818429,0.05647198692574355,0.05131684898969809,-0.048780344856205415,-0.044807929217257673,0.020271277902359552,0.027386591517961894,-0.04543081988380753,-0.06297842629975704,0.04350871347605031,0.002173880927186078,-0.0013708121452626182,-0.01599286797854528,-0.015315393205899665,-0.030080301800890635,-0.010445934697901903,-0.008982887652914802,0.011087296764262598,-0.023365646467187372,0.01493228317271311,-0.0053158989673428615,0.009700247306952842,-0.0210275347935201,0.003562671500368014,-0.012529136709423419,-0.008390114375012065,0.023727532143809987,3.035500445676968e-05,0.01148630766185031,-0.01904859138785802,-0.0035889379713141332,0.00981441603791998,-0.015000106971422084,-0.00926994427760236
2025-11-07,-0.09316961520531539,0.21566781242884714,0.2094209523805637,0.017308921832394582,0.17365824362062834,0.02717177818601048,0.1525150052782698,0.11835984147833023,-0.07040726218210823,0.018009870153346607,0.2772979823447799,0.0017466370071653999,0.21769105601438354,-0.010457833909946836,-0.0793628404266278,0.06314273030027713,-0.030761965350612295,-0.1088661574177295,0.03380810453757136,-0.025004757021444,-0.12905557637808748,-0.10023211021514356,0.11419261134480356,0.07391621834834733,-0.11817460486290426,0.009386401776394923,-0.026505140539429126,0.0710201987780882,0.0006336027405970527,-0.009583499225140233,-0.23362850915981176,-0.0499918420720105,-0.0015343840093588238,-0.11986914046880708,0.26765331803092685,-0.029727099408885144,0.013292346880584956,0.01909656972883838,-0.20249841242711258,-0.05635459665543024,-0.04007396253173098,0.1371150268286362,-0.037908308425513106,-0.029656075502513698,0.09747712883818399,0.08728340699140302,0.07689922859450977,0.10451376329882651,0.004415749459162715,-0.0632102779224242
2025-11-08,-0.136007509074431,0.05115724376193675,0.15369023894427342,-0.1356329878109643,0.09221853617354457,0.0408980851366189,-0.0043509935692692524,0.06523601284046047,-0.0019386335028029255,0.02190061808402746,0.13212098224182525,-0.04090472713870578,0.07048323516773308,-0.004075984284138284,0.01023212406022053,0.006353008744242125,0.03283618497524847,0.01686504419174909,-0.024612835313687062,-0.00860518816031994,0.04102301430727462,-0.037153502367401885,-0.013329015509153523,-0.016950492967856702,-0.011523305254969689,0.010578679405529187,0.0042474672675527035,0.04033080429720155,0.007825383706108895,0.0003642621337382872,-0.0008983123699549046,-0.015839377275659445,0.01774890233557915,0.004615070112602898,0.059171532301848136,0.023137350749708033,0.03473693114600594,0.013727234914482732,-0.012424184785914083,0.021588874724972163,0.009423858071650394,-0.009065955780588825,0.019654554427796327,-0.028025738575494577,-0.025362100762424976,0.017634617983143447,0.006024227717636855,-0.014694388972990958,0.029200875085229585,0.03050902724104666
2025-11-09,-0.20837930814158614,-0.1081513701849861,-0.0298958321632657,0.059516791468684924,-0.045463921774486445,0.02231559667826346,-0.027878157482674717,-0.0014012999444748995,0.005105714530992161,0.008734572584729632,-0.004042213490101587,0.005118402527060671,0.021190220822335723,-0.013521060312776943,-0.007450901076661303,0.015532139136752533,-0.00905780507235963,0.008693481515348605,0.005073132762510969,-0.027498918592768543,-0.014390083832319552,0.008781345990865176,0.0013225856855739093,-0.01660279379094391,-0.034035122075825604,0.010223029053610016,0.010008690966079353,0.002957693476742914,0.0076631725585013495,-0.004733810038192376,-0.0011653707199247483,0.0012064348527046872,0.0014870370939283196,0.011314495313745855,-0.012704808997569693,0.01470278653000374,0.0033273087016801196,0.0031816469913783403,0.0027084125755588388,-0.0023990477603854864,-0.009248960519610893,-0.0003105353982810921,0.009648051714865543,0.0004362388066538868,0.0017883941812160576,-0.0020408080660149746,-0.0011520099005327036,-0.0015091743210293286,-0.016899882399950543,-0.011518158208053866
2025-11-10,-0.20998659644695974,-0.08107983800942904,-0.003989284030518013,0.03937940938910347,-0.03505386630633039,0.014057284278629362,-0.015853768066218726,-0.019125046993929796,0.00027548883671723917,0.007414579189245619,-0.006058449929104564,-0.010368514034824758,0.020264653470986986,-0.029400925324522653,-0.018778682112173616,0.03154054219336501,-0.025962626321795218,0.04326514399672662,0.04471185669519884,-0.049286357130688366,-0.04304942967114507,0.020947172820067108,0.012359116006292307,-0.05518273521015666,-0.06510411828127194,0.022593681714865036,-0.008264195765832033,-0.0035459322036802037,-0.0027367587447707543,-0.010451853176265164,-0.015855863313293462,-0.002307309216420146,-0.011412358547367153,0.025816663966217526,-0.020776012264926057,0.0004706953528371376,-0.012982260503090183,0.01840647714127266,-0.008110030435865941,0.003980082564364821,-0.012400986532006643,-0.012806971148508435,0.0075217868104711415,0.010834954915462101,0.006794137930019779,-0.0025072953290024578,-0.0014585378030560865,0.004509978064507171,-0.016599415242267157,-0.01368433424225818
2025-11-11,-0.22446830553710256,-0.07080866807160709,-0.022512629409718998,0.06404337209736015,-0.016957220974525237,0.017414156376264787,-0.007046681661089605,-0.005825449827529857,0.00755058672152905,-0.008574917920087893,0.017447990354807895,-0.010380349981781055,0.02685059326345141,-0.008646249111463056,-0.00958710461574545,0.028416979286124917,-0.026465662267803246,0.0022745975075441605,0.019416247264422013,-0.024106329343363753,-0.038744032059742875,0.019617536678188507,0.015966787762929514,-0.030778108375393375,-0.035054701238430026,0.01659894267880627,-0.009918199092794209,-0.004516585759084859,-0.01017678360188397,0.00033189257634814014,0.00031875281738294215,0.00532061461643933,0.0038792811391304177,0.020165931395252634,-0.015892560570731417,0.010256864633880128,-0.01935936327573433,0.00426475170090809,-0.007812517586708768,-0.00041876202567674755,-0.0044424515203325835,-0.011884506623556508,-0.004226460134848917,-0.0006894317366233407,-0.0022930738830858723,0.0019426182483134318,0.002807389612324,0.008246994831382403,-0.0032785078027187985,-0.005004055567008458
2025-11-12,-0.18414278271432974,-0.05832724985511978,0.028313312509459326,-0.03049731765662877,-0.0023739961948143315,0.012900185889966026,0.017505702206142854,0.029284681225385533,-0.03263555674536208,0.0046165613005433245,0.06357846752503378,0.002614450585901286,0.04090714973542195,0.009126347793322744,-0.01355679675072935,-0.004994087164523078,-0.01594389722461673,-0.03699019747713472,0.0221465022868662,-0.00413250987868325,0.007769837813090435,-0.002764713030774469,-0.0029604070608563473,0.010773776935210047,0.000216177121445812,-0.015129764540194478,0.011551583678030906,0.009133722866281278,0.00970499442506302,0.009536441754826968,0.021433830851130938,0.013146837967056629,0.010160644018230513,0.015003518941343533,-0.0046888612957716284,-0.021859527933442157,0.0007009842993495686,-0.00705750250584217,-0.013888994593082658,0.0157870818099365,-0.003052722210872489,-0.015682613288023978,0.006993689746947545,0.002703019037131882,-0.006572416219923745,-0.00029470629600202063,0.021294258058589102,-0.0034408833742743607,0.007534331831101939,-0.00032507532332828594
2025-11-13,-0.1438620167703555,-0.02850977857084222,0.001780627392074862,-0.021762264965234264,-0.0005047197551476956,0.031021465377927153,0.0189849015992307,0.02802576917813161,-0.00010327789514653768,0.018051902702588055,0.04966764201915939,-0.031864425294767976,0.049318815021347766,0.011613187938494259,-0.008233919545452292,-0.023475378781012975,0.010555702092444637,-0.03122106575227279,-0.010839116100042852,-0.002092427770610117,0.009199478682306084,-0.0034796071765420184,-0.006514105586822321,-0.0025652939011380676,0.013845637670957272,-0.006507704930279989,-0.0018358997217297578,0.003010025711605884,0.02726887962412122,0.016073553496839182,-0.000826729803587044,0.006624271725245201,0.0009793684966346698,0.00923614206350163,-7.485689892406161e-05,-0.003284557156539433,0.001891841595737674,0.005173715009096164,0.010754121003656006,0.010096584414838124,-0.009829365561196587,-0.012316606735551986,-0.014052501652384685,0.0043675184151609325,-0.006630276963572638,0.0013968506555690847,-0.008523514370297636,-0.006221622844929425,-0.006699473985695206,-0.005675029246599781
2025-11-14,-0.18454550821543136,0.000751540090649828,0.1409323962517084,-0.10404528261853442,0.09636785131886541,0.06445820198789935,0.007929900901993801,0.034310990229942946,0.005183435615748111,0.024399302048460036,0.09976243058680491,-0.06587532651068535,0.049833207931096114,0.014929209515773728,0.0171312469772555,0.02247108106389918,-0.006147244977531978,-0.007647713257942381,-0.007774409625764582,-0.02857772940848651,0.015276810363204052,-0.0345597933863799,-0.008244780701792591,-0.08104837144371548,0.008185826728298063,-0.007971224236616807,0.00604249190502218,0.026936191333023086,0.027052297477144348,0.02964301968660297,-0.00977610409404503,0.03559470312824001,0.02170891813474851,0.024007490666083035,-0.01245731498215918,-0.02243897374488799,0.05058338487009488,-0.024283752433849042,-0.021939424285837852,-0.010901354753313199,0.023346800025050535,0.03492084243602398,-0.014340762696959898,0.008252395350441498,0.03808885017659934,-0.010655890792532851,0.034713642832443596,0.005107421522092144,0.00977358981978586,0.010588478062296978
2025-11-15,-0.07658314862844395,0.03011125459018346,0.15920747533442622,-0.18734931556470205,0.016073751926813113,-0.010803704481543485,0.00996338402849105,0.0834629238395739,-0.05688339429759002,0.013484393989075274,0.11568510990801703,-0.07382420170323525,0.026752474442070757,-0.052246519283080314,0.0039144258216963785,0.007941645480520369,-0.020438434557243628,-0.006275928323413335,0.0355603828885507,-0.024314431859848638,0.01874079126268168,0.031183556122064204,0.010264440875387925,0.010042853250008223,-0.04303302523781684,0.002062601546059271,0.03474933919465931,0.009073078880411416,0.018290166868151173,0.007524488799661845,-0.006372960963034468,-0.012374157951593067,-0.011466957837088829,0.012711135760094151,0.018296839514849426,-0.058052398781393254,0.006185705860194548,0.008497712711736239,-0.02584251955403373,0.006783007436434959,-0.011837545125105212,-0.01557607167461703,0.02074387102902291,-0.011931113713080576,-0.015500227903001838,-0.0405291804993979,0.030843961148618704,0.027116871561363432,-0.03183172300816947,-0.00458121197474624
2025-11-16,-0.18079299470544594,-0.06357081929566244,-0.038920757563298665,0.049520675648486036,-0.03617360607246383,0.01066738605191702,0.017897530403479564,0.02488208229980897,0.006879627321742051,0.011258034408265965,0.022420902162027617,-0.014962914083867152,0.03431534362491865,0.010249002883457817,-0.0024838989723032236,-0.019928167746681647,-0.0011478172517903002,-0.027987218379216,-0.019670711139785555,0.015818255083247464,0.010898889344738477,-0.0129152651381425,-0.0082614338722574,0.013697126709320342,0.028623775991708914,-0.023487314077561106,-0.004911073566085936,-0.004206262978520225,0.01285404080745126,0.003909140815242325,-0.008210497632898257,-0.001529978053101565,-0.007519468352201018,-0.004185031556693959,-0.005011764582300987,0.0042177277305900426,0.01457563863563341,0.006518969909336396,-0.0007662986352686247,-0.013163342060017923,0.004927730066936411,-0.013352034847216572,-0.0046445068408003136,0.004170755321047417,-0.0032009017743473197,0.00806845763542271,-0.023179081749884863,0.0006073491555985812,-0.004119697833373285,-0.008557874620912452
2025-11-17,-0.17161081636170125,-0.07626246505228368,-0.023973206724240664,0.03093944588179826,0.0010942526099570816,-0.002168707600695217,0.0040182700232953795,0.023449195402684603,-0.013574299384558362,-0.015098299211237504,0.027799786395062923,-0.020505395729774754,0.02808654583109632,0.00418400182116046,-0.034677147530577615,-0.014885766624089846,-0.0006512969221570192,-0.024467155964133232,0.017752937544769268,0.01433697150832352,-0.0022975543081670386,-0.01685198921370222,0.0009815622550516984,-0.007331327832130421,-0.006861286753876294,-0.0014661423737128108,-0.026366566252482276,0.0025221344982634475,0.0467879304619203,0.0018630271946260854,0.024226451860164127,0.003667183699599809,0.006235783501909606,0.0169678752815329,0.022494106413694263,-0.006590448162628084,0.01367934659818127,0.005606429802769484,-0.00021837840190343282,0.005952427631343885,0.00880354116905838,-0.02765849618521049,-0.0378631473940129,-0.016973089714227105,-0.0030164433080246723,0.007087701552157276,-0.01028219753252243,0.00016384360601492848,0.006291323646104928,-0.005618061265372129
2025-11-18,-0.1357246200902585,-0.0014325008331717126,-0.008573343077952964,-0.004768249070479813,0.044364830616421706,0.022579468072804528,0.043720146683893873,0.009328458452625425,-0.009067433312894687,-0.023057829333030418,0.062330870882645925,-0.029808698417872807,0.04672249923798196,0.004092042803642656,-0.03467881578644131,-0.006213448877575125,-0.0028017827235105493,-0.03610954746862727,-0.009633098153154855,-0.008248133878775207,-0.011893527312786723,-0.02300571722228448,-0.017716212931471634,-0.01100926274019187,-0.0032157693076321175,-0.0036518604872704226,-0.017604750042134534,-0.013616948741694623,0.005073692425277793,-0.001727011438574997,0.023747626455171325,0.0035873067677168096,0.0019194952165134348,0.008903307517425194,-0.0069013722253351345,-0.010499230021807084,-0.015412851157581477,0.01307919159862451,0.002662702905594247,0.0035223896082580064,0.0003857782866836719,-0.029391582809243585,-0.027525316607910206,-0.0011837338192857217,0.008257357923492066,0.007255245698242394,-0.005992755309082866,0.008831796196353787,0.00699216508078751,-0.002320452350994175
2025-11-19,-0.16937614337627355,-0.043033670691742486,-0.05310015128900633,0.03846465131960257,0.028094014352061793,-0.008924401242178472,0.003320310991891137,0.03342268752886135,0.014167865347349639,-0.029451762048858802,0.03202828723306569,-0.019637882532538946,0.04050972797163667,-0.0009914647385245254,-0.022475140015498288,-0.00865110409920997,-0.003596196821107558,-0.036239856414953794,0.0016768402176523627,0.021126500090939252,0.012800032971965029,-0.023933172529726557,-0.013636804135890579,-0.008311025422228351,-0.016137441695454967,-0.0009214837275067645,-0.01312151443698377,-0.015500431176808853,0.0285744984981401,0.007189166551110283,0.029429786653614183,-0.00021679762429113318,0.018186276697084662,0.01739632227994698,-0.00781624712614754,-0.011554145441043079,0.0006044399278541617,0.009447813859613439,-0.004135013683192498,0.00653222046159531,0.011150770128923532,-0.023342067459698555,-0.038878394663098434,-0.014068808487080487,-0.0005551231615471629,0.01598345126167257,-0.009597014368301873,0.010402608291714834,9.765217650098393e-06,0.005535316086947056
2025-11-20,-0.14229683322882447,-0.0445695107961128,-0.016139447837528655,0.040898053162895624,0.03346242250602571,0.037276187519504414,0.005995354370709599,0.005989628296045769,0.03515492695732562,-0.03395297311804686,0.03299081125422324,-0.025467482250868215,0.04606229119697079,0.012265613593236245,-0.01958673012930877,-0.011403568167085033,-0.008368255081066076,-0.021374199758617426,0.020843397920148807,0.009958226250765555,0.00017300072633871864,-0.009905046384102592,-0.008399689251048257,-0.02237190738925061,-0.002879664983063727,-0.015850914474088217,-0.011120849949286535,-0.011484054457220167,0.011086293042005512,-0.0010037109802594696,0.03507148398421647,0.00634443475700231,0.006036843997598377,0.02866363006156185,0.008833135177190348,-0.008561406550157477,0.004411900224568458,0.004034270326950827,-0.012857556983533185,0.006606683508256848,0.0022554830579817444,-0.012964939049102352,-0.020939796984325233,0.0014058145598505017,-0.004036907117315179,0.02420321557130838,-0.009070653529919063,0.0009661326077916375,0.006782797350725607,0.011775507505780124
2025-11-21,-0.14986260338792853,0.1535099038410162,0.12200380194588764,-0.07862118004037409,0.0746191112007408,0.051714104027293914,0.04398131398921961,0.05752929942947524,0.014123563771542582,-0.04880711384254042,0.10092816925961277,-0.015093486702335486,0.04808668512859153,0.025646647768195464,-0.010432855514860425,0.034995068720235896,-0.07920274052947641,-0.10253619074802868,0.0008444735013240289,-0.030715544158205765,-0.03449894125189629,-0.0027017569066949795,0.00799880215695677,-0.04189816533042236,0.012627070642756826,0.003614747463955337,0.02756605438421556,0.027561972258063654,-0.01590530839878037,0.0011723137380679307,-0.045489197303049456,-0.028984333022320938,0.03363998751600559,0.009257860938571786,-0.024588904303122237,-0.02596542194216842,0.015317983022458155,0.002184646561933504,-0.019472361251057703,0.01190538813424389,-0.012575185388188446,-0.051373381138976916,-0.003344937994332703,0.028765871342650497,0.04649952966082167,-0.01793722830086234,0.04986358632783577,-0.015449919079383997,-0.044216905685245944,-0.007144751681583528
2025-11-22,-0.1537841807762376,0.10666950149911998,0.11123827911395028,-0.12197319051903203,0.09798371102119206,0.02703817030968597,-0.008478717425171018,0.00042437271792986823,-0.013994467558043915,-0.0026947167720641437,0.11923332190247288,-0.06704736264629567,0.08957794872769742,0.006661832722272119,-0.00746645427100677,-0.02475839417574496,-0.017569819274871026,-0.034692410886767035,0.023800129753979386,-0.05097613220928261,0.027733089933353102,0.04449558120568367,-0.0009472671712301328,-0.07125011021674897,-0.001142513001406371,0.013518705302120737,0.0203148036650804,0.07049888555079588,-0.035024972620782344,0.029744500018122913,-0.03796075553026786,-0.009495766032768978,0.018379993804974164,-0.010981786318980735,-0.004080747750992841,0.0252630491080929,0.07185531869651171,-0.004159498354174257,-0.00735813637641039,0.01263775207803529,-0.013580516118833699,-0.028542759162626368,-0.014200303341524126,0.07094565747061388,0.004831120630507441,0.0010839797275275778,-0.03996325600642329,-0.07970736318163726,-0.003297185520600761,-0.015738064480809947
2025-11-23,-0.18252262373020053,-0.0342445018938907,-0.007476451380751943,0.03917827040541383,-0.004183245215127236,0.010257036445821618,0.022150731477641575,0.042207855902457736,0.018145295436057335,-0.025692165234896428,0.0348802191363685,-0.03976032158389732,0.04351207728644218,-0.0033379066400648304,-0.017594596478517608,-0.005112640968455243,-0.030315684582585236,-0.025004283331546705,0.003056297605916014,0.01309197578143408,0.018851525791063552,-0.009582018770100391,-0.009725440675312582,-0.03146484413516763,-0.007914305527062453,-0.020392320116051858,-0.025453804055477123,-0.016044301699709242,-0.001671019671412539,-0.006084736477080195,0.008756597815940743,0.01028370822258534,0.007041267716628316,0.0027016633200519524,-0.010839441824042574,-0.011802425595988528,0.009906280104383079,-0.0009310077441530393,-0.014573506911185617,-0.0016177929652416,-0.012328593525996662,-0.03018220187068269,-0.027017738973922095,0.014379552764478573,0.0009359341067465748,0.029594290619145314,-0.009479029452997242,-0.0014600775815739086,0.0007963636085797678,0.00234166088612719
2025-11-24,-0.1578412165724479,0.02128481983847563,0.015956142427100264,0.005345955411514216,0.051378921292141604,0.010255352444434224,-0.004940912777740951,0.048022115562922386,0.02276152227387556,-0.0022742863804387395,0.055597421394874544,-0.021181209772094006,0.03896949982895654,-0.004332155369434473,-0.03204688273864868,-0.019074715049413368,-0.029065635309815197,-0.04440971784109549,-0.0020934123531624305,-0.0023183976084406297,0.0022921881002110132,0.0020903101965962312,-0.009284663599720197,-0.012060054237946205,0.024583636139390946,-0.01374669497587594,0.01960255282179522,0.029385579698545675,0.009398355492029224,0.007457437723720694,0.006281974423400198,0.00778928359920042,0.019846582306400056,0.020696369655631736,0.013730939416789037,-0.009312700183081118,0.017894311721035797,-0.002474480955570289,-0.008911981387482174,-0.006400242949894313,-0.013390144136028277,-0.021768961975656965,-0.010526760082217217,0.005875321130708385,-0.006961122412818678,0.012509066209348541,0.002218534145043124,-0.00024690112439623935,-0.007818318020308645,-0.002926928307835309
2025-11-25,-0.16485241795563266,-0.025754803165437993,-0.023583987628666904,0.023980372330726207,0.0040883531332595304,-0.0038581254737864354,0.017058324189791405,0.018792737300561232,0.0025119134921992433,-0.02206769871852164,0.051298180746213305,-0.011618332658350244,0.05211620049031328,0.015101975158972776,-0.03225489706011582,-0.013181600713431729,-0.014213574073609172,-0.03571274170726918,-0.009349476145735154,-0.0021759368576219603,0.01837644334988058,-0.02164983684605832,0.00609424624727975,-0.00987497676549644,-0.010262734179940093,-0.021911967103922944,0.012587428056510511,0.0028253169695829487,0.027009454141406628,-0.0014131210980099257,0.01500872004783472,0.004336256321943421,0.0003161537212992777,0.014506362679252155,0.01405471597462969,-0.00931762281532961,0.0076898917958355874,0.006134690796506882,-0.011858648133793562,0.003282131560768101,-0.009232184627997252,-0.011493861183507181,-0.022608049378759824,0.0026990057981779825,0.0022785011767763983,0.014724925066997489,0.006527783282348493,-0.005520704925932306,-0.002045392338255304,0.0033975041704017686
2025-11-26,-0.1573423810555268,0.0031719220077988386,-0.008789721100571342,0.012792827684407456,-0.004432406658547108,0.01202323061122566,0.013243113226069532,-0.0003506208457085852,0.008871846017273925,0.008522429700833575,0.014126955624398703,-0.029355982332625808,0.013572766110165694,0.008644610271119284,-0.013311969163868773,-0.00550259652416367,-0.014832691236592917,-0.011950580114789694,0.008184509142470769,0.007561066928303746,0.0022251387223159486,-0.031126455761529757,-0.008170197074571365,-0.020204178178991238,-0.013048395955084719,7.218580142656619e-06,0.004358988202452341,-0.022062207736539965,3.5767862286642674e-05,-0.01198729147718784,0.016054272587057074,-0.0017017105664081532,0.00984135873466525,0.00614204206064978,-0.01183494151558365,-0.01985755199918404,0.00851212124354798,-0.007982831610960738,0.012702825948355366,-0.005106580362161624,0.007335358750445911,-0.024902696000455287,-0.0105768871434315,0.0002890593139753021,0.011978834882076326,0.01854742493987224,-0.01106752877689589,-0.0213517221208984,0.005361522896044695,0.023638532799249285
2025-11-27,-0.1100488960288862,-0.010618350580895159,-0.037985529786242575,0.019574527364138894,0.02572784767140309,-0.004892374355948322,0.010586982910136194,-0.025876584584571916,0.0009236104135182709,-0.007830466524785504,0.0148054903689998,-0.018527963638383924,0.022033352228502244,0.00317095851323266,-0.0020772649388125786,-0.020801187853930998,-0.009496270802020739,-0.022951048517650893,0.013642465667345284,0.018440056584943316,-0.006530471961040957,0.00026208864956506526,-0.019586112904913695,0.0031600577018934717,-0.00845838681461926,-0.009265993428076092,-0.014152686691837833,-0.011008828500761883,-0.0012393991957538179,0.007123376250799512,0.022698055127172986,0.004532110514083101,-0.0009752422871335253,0.019355446445352326,-0.006283216806730154,-0.0067562646072595175,0.010737514932779633,0.0017746728861848396,0.005341445586023293,-0.011735680463718352,0.006966001737156754,-0.012243179157083861,-0.013717623952742068,0.013088485121233971,0.010234295604989513,0.023413578448627296,0.001047436659150744,-0.003734357068176295,-0.01157132530499816,-0.004310415836553415
2025-11-28,-0.21222856318184893,0.02592401712283871,0.17635702136537867,-0.16109602294752984,0.07651222641063457,0.04010048684638996,-0.03294004979066688,0.020475633008493057,-0.12899807809308123,-0.006933353751720735,0.12133178498006489,-0.035390006649181,0.03869984675375839,-0.05531075259635669,-0.024832868325550025,0.041373792116470985,0.005397234151994298,-0.024424934712744654,-0.016180147195726854,-0.0007440484106883807,-0.00904872090825675,0.03347731693469352,0.03915451127045186,-0.07681550587448989,0.0628793913613742,-0.014643802127174239,-0.010935870301274195,-0.002187582292134643,0.07211252859192151,0.008958074882246082,-0.023131739982928026,-0.007124572030640104,0.05078234461330373,-0.03669056869455449,-0.05437317589801112,-0.019130979998083445,-0.0019214480272428517,0.006426569968934012,0.03645644729037945,-0.010111886679095327,-0.020368598213685245,0.010897599769771405,0.01706750680476523,0.01260131191122322,0.01220880599892961,0.019638599059324382,0.03109896306307945,-0.03839045845923377,0.016477755950697524,0.007468389368835525
2025-11-29,-0.1372668916653682,0.1457396225364206,0.14622398830197225,-0.07381977068537907,0.05538971648683911,0.027780434341230415,0.02192057136466389,0.0376104700935503,-0.0890411100595963,0.005930799414166848,0.12807986862745754,-0.015855119246829474,0.12402310466467205,0.004660330106839972,-0.03278210099411124,0.02647897884329375,-0.04310887238714927,-0.022433746207609736,-0.049776509218515695,-0.05691697608743362,0.010815214113889924,-0.015207972702693221,-0.020447402448095425,-0.08560025344921425,-0.03802469495929356,-0.021974918580156547,0.024067963847443412,-0.00820465261191036,0.061388309131705045,0.00954105169037522,-0.03609149434865579,0.054848855348415354,-0.030500141626407372,-0.017907022925704487,-0.005923288049193255,0.006796534832865812,0.03741075013356492,0.024207887697769003,0.001693361664894603,-0.03841050134590205,-0.007033806759394268,-0.013087160615672541,0.011160707493998506,-0.0032058331089014915,-0.0015963980044072928,-0.0470966336270473,0.011982099086040645,-0.0024508962683551447,-0.00023582600364072882,-0.0027544589845733764
2025-11-30,-0.171258995004627,0.011079985862086717,0.00819709371488683,0.0030465572097218042,0.02306511901155427,-0.003815720871300848,0.015993904914457683,0.017048991019913237,-0.004327247929661252,-0.026592526679089082,0.03897114283800396,-0.02631339160902901,0.0457714321961076,-0.012272851863330481,0.00496644257591656,-0.022965429479885016,-0.024321009251472857,-0.02001826566147992,-0.00460690922539617,-0.002630228026570822,0.025250474307944165,-0.0275118729103852,-0.010089526944950435,-0.02162500738870374,-0.0012757935583380482,0.013379900469704949,0.01402904271700525,-0.0071880472493195185,0.017477048236459694,0.00033871503497002537,0.0056930629611766795,0.004575666089947759,-0.00847515883543223,0.01845434230535632,0.011255353804795455,-0.026248132865886988,0.013705449854907606,-0.002460023572540935,0.007913724668092766,-0.0009057148078499232,-0.0007851868073789072,-0.007991376404524004,-0.02329000782060528,0.023062173372463822,-0.001658387703802488,0.011679571487303203,-0.0038333164684981797,-0.006500891318127071,-0.007556167043004826,0.007872003293000371
2025-12-01,-0.1932599293556286,-0.0562441350188801,-0.036939468855788214,0.03854679250604028,-0.01660592620621393,0.0034411608921797216,0.011568570531915257,0.04229918978444305,0.005757797783418993,-0.010842282546932772,0.05040724178948174,-0.019368055326030198,0.036933217103127365,0.004301082635634983,-0.007395950739114209,-0.0028793782447085192,-0.004136590076951854,-0.034183087095971516,-0.010565599905143832,0.021710090273044456,0.0343973883594011,-0.010133194488410166,-0.005759821874129689,0.0013258982819526414,0.02728307004066477,-0.019513917055638624,-0.01444502411877756,-0.0030006890408350107,0.00044894618353482057,-0.010566888326889358,0.0013880572164185708,0.0027236500476949983,0.007805867432389641,-0.004876096945038119,0.010469510505011041,0.0033742664769310614,-0.008178196469073895,-0.0004849095872474908,-0.005653659517525711,0.004092102920449722,-0.006507340189242937,-0.0162578774136479,-0.01277857294043394,0.010631797993734345,-0.001814699142406758,0.016383508564262773,0.0004923227365753914,0.010683916608526781,-0.016966789392337766,-0.012338726151945336
2025-12-02,-0.22330385363400118,-0.01540113582309122,0.0448457977565888,-0.007128370290542576,0.03407341901868475,-0.0008795503010520339,-0.0020824901006907793,-0.00016344482532465183,0.026138669312090353,-0.014998711501985512,0.009239220766179205,-0.018705218491825628,0.010058750354579744,0.006412444252568952,-0.0006386059067541472,0.018310269238852952,-0.027298518114060182,-0.015120000141128282,-0.00027876022082649817,-0.015064273664698523,-0.011796329795057185,-0.0012819914497027153,-0.00265939769810888,-0.0009870581635714345,0.007175243822725194,0.003699632288725961,0.0026550266221436743,0.004190653867122846,0.010710267546870834,0.027841612175529155,0.0212733961464932,-0.0038329500529426133,-0.00827453363718137,0.020463941546403075,0.026797494840502024,-0.01141429744934048,0.008892952059275117,-0.009321636739156054,0.010039900319574923,-0.0028786570928322304,0.013562553811652972,-0.013577340604194035,-0.0017971959990325445,0.014436347315228113,0.007058205042993556,0.010599441141518078,-0.006216714507969497,-0.008540335273279801,0.01209213744002986,-0.004914355380682078
2025-12-03,-0.21199996856622866,0.03817792611435206,0.01387926095513858,0.023021443208033135,0.019299478785605687,-0.00034849227139408494,-0.0009551291897163813,0.011069078747241522,0.017706419502086436,-0.01812427830840265,0.009807483094578353,-0.018756310967544085,0.014328127691497765,0.01350340375490624,-0.01408573642590979,0.003960252510294658,-0.03496466561103766,-0.0243309947348092,-0.010168603148027762,0.0005826660881454472,0.0015706494397254279,-0.017296204856384525,-0.010113250187028787,-0.027988066203985047,0.013566527716455303,-0.011558988779762107,0.0034912887840725833,-0.018831903952778728,0.0038734837911156756,-0.012549815974953462,0.00974089406833731,0.016246785725569573,0.0034096015432439745,0.01243496798796207,-0.0006503862681206822,-0.02063935995668364,0.01254618818579904,-0.001221008334609442,0.00024465969866908736,-0.009978115912483472,0.0013896106825353532,-0.006343821683915014,-0.0011378700994137967,0.015916247192044684,0.008765115433866539,0.015230940098121029,-0.012718725952935632,-0.002273617822406798,-0.0021507663053698927,0.001517935419186152
2025-12-04,-0.20793060456560736,0.0009118650532832783,0.03272330756263796,0.007496408786136416,0.014620470582919903,0.015463955460376724,0.009990242030872766,0.006744226278802925,0.02105537852411873,-0.0314296400658802,-0.0015430940332680338,-0.011667349786858947,0.019277706742270837,0.016164944337660376,-0.00940104146338899,-0.003515843769006932,-0.04787548435480332,-0.029039962103842267,-0.0006599509317594775,0.003522692154558906,-0.020932755724052763,-0.009592990573463274,0.014350269928977585,-0.02784405647587167,0.008944106432361773,-0.019408170632478676,-0.005945337814567838,0.008790199124268783,0.004155093157920076,-0.003226898911027662,0.01661973890425562,-0.0035043788112595225,-0.004376988880656307,0.0017625330064771404,0.002298377742190551,-0.013418618571552757,0.0054858319782788365,0.0010078546170243616,-0.021925882003968458,-0.008276066958048988,-0.003451719327334513,-0.026761875486052827,-0.013207290317922006,-0.007286418182179474,0.006700985799904945,0.01223030859621069,0.0108183739744529,-0.005579307607344885,-0.00211086580661587,0.004813897033040537
2025-12-05,-0.3008346955777956,0.07817840823533452,0.21359651678740718,-0.1269857007159814,0.06885579943461244,-0.022774289226242556,-0.016411602555505767,-0.02237971217731901,-0.1084846127246156,0.0006450556123707563,0.0337664395609961,0.004107459627155803,0.02361139363469729,-0.02911499923238689,-0.002461856139348411,0.024425405168837053,-0.013076211262514495,0.03699892656583066,0.016936142383763966,-0.012883706385944594,-0.020200168101391126,0.04522329091162349,0.008245695314695387,-0.024659971364848262,0.01741524193817194,-0.025750236866664004,-0.011283400088553858,0.016898390842650136,-0.01511275281306477,-0.0009518415069477829,-0.012446746822430039,0.01807092954047406,0.006570637023827102,-0.029888982116427227,-0.02024508882484722,0.012962923409123509,0.025926446128248834,0.007080315139124299,-0.005237876236126829,-0.029832266208256256,0.03111056896759182,-0.012737128499648804,0.04418614914135551,0.007384453646768602,0.010895524214036502,0.006124856407541924,-0.0005480790534605598,-0.02793025391804883,-0.016443233595227837,-0.018910098422628224
2025-12-06,-0.07956414884294083,0.002345164273469042,0.12085257773205467,-0.18622195223132482,0.04908099734395326,0.12732709718235716,0.07159231026247685,0.0313203936965731,0.05698882918511332,0.035783334020086065,0.12572582909818805,-0.06689706851571857,0.06732100054770826,0.053537034226436374,-0.061003691513305015,-0.023298209016492655,-0.029870158444048365,-0.05146189991884447,0.08431991539856348,-0.0168355098817556,-0.1319831196178793,0.0454385677394835,-0.10302775464276265,-0.01994871811622274,-0.01976162886202102,-0.07957510402246525,-0.04067978746194759,0.029659139244744507,0.08506843974896733,0.05499598136846894,0.04239807753797694,-0.012031938923560326,-0.037912946394840934,0.010767412339188466,-0.12052010230387858,0.03841007571054858,-0.0809479512078739,-0.06309934497896796,0.03761736304951911,0.07403564646811323,0.056428024851609956,0.033899589364895275,0.03682505858137856,-0.05808758717227766,-0.07898428670210372,0.02276428092354554,-0.07183612280606075,0.07837927666097215,-0.03812102091589161,-0.08211296341712702
2025-12-07,-0.15739753315276012,-0.10627540968679976,-0.036837077810427186,0.05987513401447118,-0.04282007584354264,-0.015369395803469346,-0.02087602731426521,0.027485451939635776,-0.03695925555867324,-0.011715296540380888,0.0060714926171121005,0.0048843110172767535,-0.0036463153578102795,-0.0017592665787877159,-0.025457879814944604,-0.002852698771997769,-0.0015009810106730202,-0.01444742246818448,0.021567784592970634,0.01421187288423912,0.017670370763209063,0.008643150645808804,-0.0027463702198402442,0.010680332699094006,-0.0013272291037707766,0.00693305321491577,-0.009455762777832813,-0.005716063563734221,0.01027450374367101,0.0045882853731117725,0.014027631661166102,-0.007194048274582644,-0.016071945792030033,0.007965929057808824,0.005976899274882806,-0.007681120471597323,-0.00810355209351442,-0.0017435925135492487,0.009237912485498453,-0.025642051147176544,0.018544340850057066,-0.016342003202495847,-0.014366919554167938,-0.0022050362574953203,0.004667316465652121,0.010642262521346974,0.007693659922497665,0.003214516080091139,0.0055607830061965595,0.006128117610058265
2025-12-08,-0.17670048583817952,-0.07543377466948721,-0.030369424505069256,0.010233016333547056,-0.002602113085521199,0.05737798583038597,-0.008633100880649839,0.028602407726614733,-0.014286277673790999,0.01634296829221294,0.04817606342615937,0.00037739494180942605,0.022939225702230396,-0.01651187822059104,-0.005714134226322685,-0.0021861224343709307,-0.011989311282923878,-0.039894909948187604,-0.014312458646781583,0.013101082155079387,0.022810326673189916,0.0030505564190146696,-0.01167582161731716,-0.006421535805473058,0.020172197251397506,0.00450248869264551,0.002520613924153906,-0.028410140791142853,-0.004971786021867024,0.0064872799068399645,-0.009290769498220086,-0.011133624873621994,0.012187002530250275,0.0014300849257213603,0.014639754738130058,-0.00813751839908387,0.0016109241901799186,0.009988513139812702,0.0060437883568574035,-0.007494602299676467,-0.00218413532864501,-0.013098080133493308,0.010570360660049152,-0.0010774095247170188,0.0008143972769934343,0.009496767565505335,0.0066615739645863705,0.007082663063576722,-0.010851201534161026,0.00809949936485853
2025-12-09,-0.1705125122331447,-0.04067146264058449,-0.014625322538627106,0.03460749390214145,0.004871395530036624,0.014474420921750481,0.012112170795300026,-0.010057164953631008,0.015756031728809808,-0.02236357348968599,0.029049725619735105,-0.024337902432667643,0.011857953223942027,-0.00734044491125149,-0.010644528409061228,-0.012756648054131998,0.006135114390919681,-0.01839453934419328,-0.01839011047008117,0.006580018799557151,-0.0024458077794694507,-0.013569222599650365,-0.010327365011198887,-0.00017631495983569444,-0.006175215308647649,-0.0006964976498009831,-0.0147790142034527,-0.02251105230212706,0.011807026313911794,-0.007142785697107196,0.01660239098824199,-0.005443764706928437,0.0026786350086389706,0.01237222403443415,-0.00911774247985902,-0.007617234981913649,-0.00030398425388755533,0.010915561522780736,-0.017701755606015713,-0.012187451897636285,-0.0006203586908963427,-0.00887892358119595,-0.017511098668559738,0.011700863833060468,-5.478227711126431e-05,0.007006744248861246,-0.012835001124679713,0.0032302993190628125,0.00968254340487806,-0.017771939417943777
2025-12-10,-0.1839048277525535,-0.011466699484228847,0.021044078337086963,-0.0118160318490729,0.004056198247438033,0.015483056627377426,-0.02078922807417905,0.006933195207254765,-0.0062592904913423295,0.0040464968470671795,0.05813164203462556,-0.02020318038307151,0.014320451010232651,-0.025347796031204867,-0.004177554253154475,0.003057672659049859,0.01817173251166572,-0.0463745108630397,-0.004864932926874258,-0.007698411689181517,0.011699750668335061,0.026130236647495367,-0.016610090177379723,0.007260323625169918,0.047303604704479335,-0.015167925389582318,-0.007963207928549775,-0.0021453547273444793,-0.0033639866060417374,0.02289209425340381,0.0025970770788667015,0.007299915596139252,-0.008242402751478408,0.005694695616014996,-0.021346199947756356,-0.010496377707090195,0.0084205598893714,-0.005674023961039952,0.012582498213052467,-0.013072569283101548,-0.002717199979227405,-0.01023994492833718,-0.004393891957964124,0.005046843203332504,-0.016957125357263986,-0.018289202906759536,0.024820284461951825,0.0002657925929705731,-0.010318592325362199,0.0011622501807337755
2025-12-11,-0.19060385032262941,-0.0498625247864408,-0.061395324702404844,0.048031701146314214,-0.012746952240802642,0.01734573823233528,0.011700635388730576,-0.0002916312213306242,0.007919286297081926,-0.0028862775489594426,0.039345063712215876,-0.0022462687910234677,0.0199448118196824,0.015675176114570855,0.007577898866430677,-0.043552562986834756,0.026250507839145783,-0.015024276797190705,-0.016294384903292738,-0.006955198450634489,0.030796962854795454,0.00587250858630642,-0.014361842642758893,0.006049107603920886,0.028409099911724835,-0.019776635844771295,-0.009233718268769089,0.015947988796395737,0.008785005000500326,0.017894822257416745,-6.294037809115182e-05,0.006971173421642882,0.00967059702256398,-0.008679368490404403,0.008166945400231444,-0.004402252533944498,0.012227416353638734,-0.0069335549398734835,-0.012689525672480282,0.005067564715769931,-0.0003057362288829503,-0.003070723189856533,-0.00520357695162521,0.00671551791230469,-0.011718028312013766,-0.0013917361340692455,-0.007034778552838392,-0.007744041626759087,-0.009806323976244731,-0.009702866920964505
2025-12-12,-0.18849191048514843,0.040506122043223486,0.11457990053882093,-0.11524619442495483,0.0370027717002126,0.06475905460574499,0.01828387648960116,-0.0025705485314188956,0.012866035173316692,0.014906456563876135,0.08903576433386454,-0.07994724836434623,0.025459939334803065,0.010118804446750741,-0.03471045760950159,0.0053943508159812565,-0.05460182904223322,-0.009431004763658381,0.0007771930057448472,-0.07614640737888306,-0.038587237725999445,0.021894577421944658,-0.018240768978904247,-0.1059189197912802,0.03091813975560221,-0.054130094759181555,-0.018488027643060838,-0.041961871727445546,0.0005040590980572283,0.0482675224573986,0.07008486246345005,0.011720672633785602,0.027280712756554224,-0.004032450062131396,-0.02664681273933451,-0.0441538519882973,-0.0055193302507358785,-0.01382511920603459,0.024035622942395512,0.03408068041263777,-0.031082080255051298,0.0015554258412921968,-0.010436567088369446,0.02255604965090799,-0.029976405692218627,-0.03588597841076499,0.007793172380634535,-0.02993013992115153,0.01496014552414897,0.012998417673411825
2025-12-13,-0.2015299975871508,0.08994780565771572,0.13489249666984282,-0.18439101202360286,0.056630452499851075,0.026703451120345067,-0.008574838228168322,0.0011868618190507547,-0.04724162691905167,-0.01967975564267286,0.11632127979482325,-0.045830405834486235,-0.001125718242358576,-0.016540730446603744,-0.031211928027320986,0.016224905293741102,-0.02031591938914167,-0.05380791468015025,-0.011837788830412761,-0.06972490192340115,-0.01851293820626913,0.020276759257881673,-0.046066907588293037,-0.0585565759038912,0.02023759442393382,-0.014623951532821552,0.04262053946963163,0.005961723034891543,-0.0028027331041268907,0.0056378928095964405,6.63191675814412e-06,0.00013405900938357864,0.013754785827508291,-0.0128079445963648,0.02199561210490487,-0.005649828736003719,-0.033590839180018005,-0.019176729171859006,0.004426124203353046,0.005960845980180835,0.013887234483049741,0.025540458776511232,0.013556234081921597,0.033195576427922584,-0.02321377218057675,-0.02684148398419312,-0.0030043453190976713,-0.02598157994879115,-0.006950880011864722,-0.02846844384625832
2025-12-14,-0.20656549119721968,-0.06929086493756342,-0.06632227647646416,0.11450210602298887,-0.02980292117016552,-0.010813754054264794,-0.002800311235859027,0.0009463316624431665,0.03681293722101553,-0.025447219610728686,0.02636965342066436,-0.010308224022281223,0.019065333736512938,0.0015006876175686608,-0.02438978615974891,-0.006411650596488885,-0.02543404126348695,-0.011746644415475446,0.005349884477940248,0.02127160542678533,-0.0014765941076893099,-0.012722754395093147,-0.005216391479599712,0.005242142036471867,0.008707511669553232,-0.027738354385546286,-0.007994523104393058,-0.010889079130524231,-0.0022582644470088955,0.0029050141562840903,0.04206194284206138,-0.00255404744248189,0.004556698910455778,0.02534110461091186,0.007818528092799237,-0.019380591671115097,-0.0009051561067812488,0.006145067634928037,-0.003960354308615026,0.011224313679886914,0.01562703978469953,-0.01629118223969265,-0.04025493177300842,-0.0010902468820093267,-0.005139316247677627,0.019591403748267146,0.0009000682755244906,0.0052573402117367385,0.0014982005659141503,0.0031021400961105
2025-12-15,-0.21518626294887117,-0.05327712962341019,-0.02244857756535786,0.05586704254568005,-0.0003720718214430788,0.0065168777562219305,0.007278770398394207,0.01874771707071849,0.020667388768195794,-0.0023890199923330083,0.03907369374048441,-0.019024642586827633,0.03497933612396438,-0.008130898412620949,-0.005889587440113499,0.022142478944499548,-0.00919087765283336,-0.004850890788914802,-0.006850896002944944,-0.009200899004060934,-0.0007930602942058289,-0.004260200532017413,0.005685055517229853,-0.015114993004592847,-0.012376318572202106,0.00678180110073312,0.003829359637075575,0.010534079102872096,0.020593050288088968,0.003795613658276023,0.017460219676221824,0.0069227009741634985,0.008883233375194786,0.014157099576274946,0.006145835628515327,-0.00970296135591006,0.02935448356479491,-0.006119852301503536,-0.00915920838360798,0.02435833083867521,0.003404098276672203,-0.0007094271754972564,-0.006421797403846945,0.0026389937324915263,-0.006271513070016456,0.012637584424901987,-0.008739530609554064,-0.015013889773793351,0.0009838618078111406,0.011677454418380244
2025-12-16,-0.15768129451462243,-0.00733612216271575,0.0021814417127648273,0.008942114109304742,-0.01125629287444025,0.015028155939409954,-0.0030961751899119625,0.006825181042653712,-0.01783967197902316,0.014838645663601092,0.025777073295189083,-0.026615947647916884,0.018452840270573978,-0.013728849243139614,0.0004383563522481125,-0.02298770475028744,0.007177318810161404,-0.013766963208162468,-0.002710821208049524,0.012273306928884689,-0.005232846720104228,0.0036425707089894044,-0.010712288153878041,-0.004511853132669848,0.006725585430604869,6.79660956320995e-05,0.0096664198494715,0.012609342204879666,0.03015297780641983,-0.000684706543098831,-0.009051302179843866,0.005686764547852107,-0.002307266731420709,0.007979563898972699,-0.002660938301846974,-0.007161610058371228,0.004071736442330249,-0.007807057090610281,0.009771940613353692,-0.004293646833842048,0.009546074373400553,-0.0187157244506799,-0.02008947169001317,0.0031159070170845263,0.0005756396075763909,0.007946260889350725,-0.0038377263370596693,-0.007464402665036598,-0.007119305572219583,-0.018591407401958065
2025-12-17,-0.18582970503463006,-0.09739562806732327,-0.0541543669851257,0.07646008930971446,-0.005872238024277689,-0.00968528242178611,0.0021249825875931786,0.04725240902593923,0.015780977796021334,-0.01713420954116139,0.03591431509025432,-0.005292895264568121,0.019359881396741822,0.0031763784602254455,-0.01869656671288039,-0.0017770975373999584,-0.000147145467657656,-0.0473610598590223,0.0004186950464022525,0.017185080352972514,0.014897560248221262,-0.0003507213343190844,-0.006301376907690104,0.02649777116894677,0.01684037211646327,-0.010726890686251038,-0.0020674762578547423,-0.005385451954698662,-0.025612123919039775,0.019122704530969783,0.0018593095323718686,-0.010076228839865293,-0.008642775201612796,0.011366184699891027,0.001125116784041829,0.002455842518918245,-0.021032675976773354,-0.0029392718131271006,-0.012218246661774426,0.003915285592467824,0.006683493560993561,-0.0226922048351492,-0.01374617264302581,-0.011498802172043033,0.014958509199293615,0.01423677760098501,-0.0032733002198722288,0.012131599436781819,-0.013180520977078324,-0.0029378460761269355
2025-12-18,-0.1575568970904646,-0.06842287412385659,-0.034542454204025866,0.06199469409494805,-0.022197028030477146,0.04648975938969894,0.007482538679773027,0.019021364585424257,0.0015110981632397024,-0.024633462846181137,0.03811885463018785,-0.022821707375728723,0.02287401543349503,-0.0054104135853050095,-0.003921083748260223,0.0027671673045906653,0.0021376517752796803,-0.02469767242528575,-0.009552183021094984,0.031886588232687745,0.019691789965003814,-0.013732534736575513,0.000874954992480461,-0.007712052356026209,0.005511339074180269,-0.003252039152373817,-0.027474889417158834,-0.00184321934738074,0.010326484349238711,0.0021367535906881793,0.009491433314172893,-3.407684717659655e-05,-0.005958025208484087,-0.0008635881378677756,0.0016098637533785646,-0.012197230778164864,0.00039237173457654155,-0.0012551576486847834,0.0010878548393446522,0.002393973402785523,0.014000084441498145,-0.02065846076070116,-0.026990087360559363,0.024476786508084623,-0.0009988979388978886,0.014569307678770073,0.0016352013489567305,-0.011949308528502548,0.00011196650734728791,-0.002659577696337509
2025-12-19,-0.16746387892142844,0.08461265671536099,0.15561725513424093,-0.1001249812178405,0.08471159735616757,0.04453426107024946,0.04296389277450229,0.07335702942972917,-0.06996570864450773,0.01697505148633236,0.11619789083775776,-0.0466125966825321,0.02950679189903872,0.01387714511126843,0.042478571358090196,0.0015210428490590657,-0.009998666636973656,-0.066274467835581,-0.019303533590330477,-0.04529895748525931,0.0112981012472585,0.03679878306755546,-0.008110913850548426,-0.05571606604635867,-0.007268693830869674,0.006505408541586963,-0.015933614743722728,0.02028768384882651,-0.013649865899352326,0.022885744680763043,0.006133160972266342,0.019683402629470374,0.0378195763105078,0.004542690388372413,-0.021405093258721912,-0.005948843872544048,0.060919435865628084,0.00010726261407508785,-0.011222201584769241,-0.020636166506678027,-0.02892833087818528,0.01979938498993745,0.022662735858971796,0.028441184912700083,0.015527941678982412,0.018355969564447756,-0.03071049058718084,-0.0020614431026670307,-0.0014588066342537188,-0.006203878420243144
2025-12-20,-0.15064939699939245,0.04527583702301152,0.16824830562936602,-0.16815936695045847,0.0396384601990443,0.049248254761237294,0.018276390388958067,0.10343055630202605,-0.06490084410585602,0.051037144750687984,0.12677949228086807,-0.047523064256787234,0.11886663036865787,-0.0702319374157461,-0.06051555038625527,0.0064727250416591105,0.03225210436593383,0.0033178878925066197,-0.028257547639229504,-0.0027612558150029807,0.0743479286804394,0.007774110429511748,0.028993515979067307,-0.037804811947973395,-0.012473706801099587,0.019535015628005626,0.03665096248117876,0.08666557105899456,0.027371783211119903,0.06433984851830973,0.04841994624155749,-0.06263052120076402,0.032499750660136655,0.009869542592418795,0.0777452013566115,0.04420542747186989,0.041064260710032933,0.03935219495967878,0.014395568399245226,0.006334355003240281,-0.013784922247535835,-0.03316479577376335,0.008114481842721268,-0.0009326056825602073,0.0006432305928773189,-0.0742419498556999,-0.03651278320949434,-0.08189292471910727,0.031111892493751944,0.06944143043451065
2025-12-21,-0.20085656111437278,-0.07936759732833984,-0.04894958186379655,0.07329093744971385,-0.032795429574465906,0.00844012692305738,-0.003946604946478367,0.034609842294230864,0.02211756951160173,0.00905504324112401,0.030044294085957865,-0.023042671804027297,0.02405250335938111,0.01698331310623427,-0.018523289038561038,-0.015240065265762158,-0.006303605100144206,-0.01833715757926957,-0.007845112637380604,0.02402096976434927,0.03078120718127776,-0.010202551785300768,0.010931001784462038,0.0020358062357875733,0.027936453114842146,-0.013467543085224892,0.0109612227237769,-0.0021846083994245245,0.0028984164918334303,-0.004278625055977375,-0.002545223333661447,0.0073900291389713555,0.000289808964331931,-0.012290344995138333,0.005327367176649534,-0.010707670668153165,0.018493489976850477,0.0029688910404064702,-0.005688642519113673,-0.003168747432821162,0.006648304781909297,-0.02103955740595253,-0.006290015640629087,0.006733093465699649,-0.0020365611517443568,-1.9685165364184824e-05,-0.00988521464220715,-0.005020992438921739,-0.0076058520642628144,0.008372327532105513
2025-12-22,-0.16787465480382166,-0.05450001738188143,-0.03259247886024157,0.044114143205250804,-0.027207347992563264,0.009940858520010774,0.018907010010585975,0.028738074510673284,0.029930640114577026,0.004528681264884185,0.025829761387751893,-0.03962303223592598,0.009019618793377156,-0.002279121530943001,-0.020890237416034914,-0.015914170303295325,-0.018929611779789007,-0.022003404965771196,0.0012260938235472009,0.02339579533949156,0.012263266112278787,0.004694558139115782,-0.0006358628504121738,-0.02148079526775171,0.013214427615467188,-0.014198734252386989,-0.011021348269699876,-0.01177385354625896,0.007088439073567222,0.002118836243198491,0.017754927937499998,0.003352637193859354,-0.0075006179199827595,0.01351693544046768,-0.008427522672841524,-0.009361588059958672,-0.009871540774546581,0.018665447508987944,0.0026910969634452394,-0.011750588384487448,0.012016676341979187,-0.026228247261845705,-0.03633561444189827,0.007496796575005965,-0.004850028871480071,0.017966359332440576,-0.013708038955477814,0.005482506337996953,-0.007315515381993892,0.0038580802581362926
2025-12-23,-0.22111508765593466,-0.07083500681183803,-0.054989028335196054,0.06680308726804256,-0.022825241150298586,-0.009421631982961818,-0.0033904036934696885,0.029092108649386023,0.0012730590637919223,-0.010709928832842783,0.025087627726993456,-0.004820791940528226,0.01584009453238487,-0.0013735637020259215,-0.0031725381866617637,0.0002402402268588094,0.00572087287186954,-0.04446858049867282,-0.008277964285934527,0.010568302557701697,0.0065747567194884594,-0.010711596458303383,-0.00308748358476554,0.0006098508176965515,0.013924775016229102,0.00730689410863047,0.0004887999729397399,0.00723468380406643,0.0034053356804237115,0.0069533946823994415,0.006452792145311595,0.009749564560592979,0.009193123762824718,-0.00402114157310528,0.016608445819254077,0.0018797074102779687,-0.0014028501117806969,-0.026948988090599806,0.008995885600511908,-0.000454054734543764,0.006068272057876082,-0.0028749593671845448,-0.009701835392099812,-0.016438013324942713,-0.00032827139565919913,0.01013525169744171,0.0055550775269092205,0.00013558768698645283,0.004041081176135097,0.0045902303969777136
2025-12-24,-0.17460444472844075,-0.05702155985118911,-0.03843101296538002,0.06561519399693777,-0.01840807528715693,-0.01551848049307973,0.01169025869923823,0.036807070833375366,-0.006161965082819041,-0.00347500182598576,0.009975271850892673,-0.01659219956739632,0.026228259145615714,0.010054821476346149,-0.016371625368256332,0.001689448389716047,-0.01190373093890489,-0.02850813540467533,0.0045073482310139575,0.0349274595096557,0.020072450148972822,-0.021369100611593722,0.005417208694066825,0.014660938089014178,0.005132831978430018,-0.011680459047541487,0.00017143637956924189,-0.009085967888067828,-0.0028143414031200895,-0.018499340100410308,0.014091745501504938,0.0025161835403708778,-0.008938770118911006,0.0069052136985357365,0.0007947609614245118,-0.01324100489102795,0.003821266973832784,0.013231223732513326,-0.006775842534047454,-0.01599316948138602,0.020996322076831896,-0.017665217009185885,-0.005729668358517878,0.012051119495188313,0.0004412985439778249,0.00834362215280618,-0.006310447491661456,-0.007555467976211999,-0.016653340640586163,-0.005891766753948729
2025-12-25,-0.20016393779106612,-0.08662956481102252,-0.03646006990192532,0.06475532123425351,-0.019303735030933446,-0.004925833122499334,0.0038830162305682724,0.016323950049379733,0.00627353810733456,0.013755158692954336,-0.012896554368313558,0.006651835558917545,0.013256824273300301,-0.000475049911249277,-0.011960752824891153,0.01240291538636949,-0.013441019987504507,-0.03291092771916426,0.008196837306943152,0.013976227442094771,0.0010717821249324232,-0.001982618943133274,0.001916697163925882,0.004101243753725316,-0.004655878417850196,-0.01537947400806228,-0.0012811739046629093,-0.0012297693566242687,0.022867772954155898,-0.004295196226091646,0.02174452358048376,0.005980389742831446,-0.0058451153022674035,0.01965585457878628,-0.006243039249137458,-0.012905402659217868,0.00686951895469034,0.00010894036174291622,0.00038128382370129115,0.00800493736648877,0.013231321330032002,-0.011705699432852261,-0.01845719338448692,-0.003854280529589155,0.00424781747669494,0.013752831482703037,-0.0023337226658722413,-0.006917565891005895,-0.00715276444189705,-7.950341127082407e-05
2025-12-27,-0.1410664308247651,0.03566461215320084,0.18084767458144813,-0.15799146956305588,0.08949470736392706,0.048323288482369324,0.010980216191492429,0.07554465992748657,-0.10321045384700332,0.08756728548493996,0.11484842674416536,-0.03971867712522323,0.031790535283682815,-0.0164183295489008,-0.0026039288738671446,0.055186838510039776,-0.01182842324108557,-0.022888429831719022,-0.0002472493806666936,-0.022818266980302163,0.046769190723593174,0.0840710777168063,-0.039584396266497235,0.019534971598282797,-0.03549049751429339,-0.023317891983371423,0.023010780638270265,0.02540275482179832,0.031740391789073265,-0.0201413722439817,0.008088987687921647,0.030876525005791383,-0.02986367566046047,0.024635163052698278,-0.009206583595234524,-0.015735928897411832,0.044649237944403355,-0.019140725266205753,0.04989828311491641,-0.011519073838618886,0.0011013386225473421,-0.01764868036382848,0.02895520983537882,0.007153958673159274,0.013579054044799185,0.020526505634215743,0.026794718611834172,0.037998834203863456,-0.03680854074826864,-0.025552847586543515
2025-12-28,-0.2340188081565808,-0.11238329412547252,-0.06972816439731909,0.08472749959703843,-0.03623964316393573,0.0008288444955554784,-0.004121323226121709,0.0357369456631926,0.011525936963597213,-0.022518905718644597,-0.0007851388425239199,-0.019391948022667707,0.021342640197293847,0.0018413746646203937,-0.02879843146705505,-0.0068005707754802795,-0.010464168250293475,-0.03364594589357139,-0.0017795122428204495,0.02070258587904578,0.008114032993552065,-0.019873754534677476,-0.007288425916110569,0.006789137244384585,0.0072246329577493355,-0.020545906690520095,0.0037030129953647887,-0.01287811092505587,0.01740172757000004,0.0011577258240025973,0.02510456788972416,-0.004877700693738472,-0.001090165464461951,0.015213480461530867,0.012102704589899272,-0.01216590189015042,0.016026165762845164,0.00419093454665664,-5.490939291536624e-05,-0.002893925426217856,0.024987773818646104,-0.008712154643409848,-0.02468662597210066,0.016162878637297717,0.00013380087080261816,0.014186990653423224,-0.006138679110067464,0.0028389476092724156,-0.006899963665108164,0.011230901804791422
2025-12-29,-0.17888020552646025,-0.03114778240628665,-0.018255379132102092,0.03731257987482934,0.01669879215329583,0.009003498240763788,0.004553377488475933,0.014030171634078518,0.0009935383874492476,-0.0035046945320907634,0.022069538874394667,-0.014399772616139403,0.02451706514081545,0.015480044284026594,-0.001192304663303971,-0.007724307374496509,-0.0032223846292743666,-0.02869306731518947,-0.001983132497244078,0.018825377287783916,-0.005218992046853264,-0.009816864340586958,-0.01811923670862932,-0.007489681213500054,-0.00026676005792492766,-0.00805456842401915,0.005529122540474938,-0.016378943558375048,0.009022689669167966,0.0026042204780292208,0.02181235912372054,0.003564614048501488,0.0037580925782943683,0.019357073732488423,-0.0009281032375356415,-0.007002894096549379,0.00021534877833670647,0.005305253932151364,-0.0034406007396201696,-0.008172678540253383,0.011488091475106637,-0.021627666740281284,-0.04588535358362295,-0.0012680325800149856,0.0033899582175585933,0.029920596967068128,-0.0039803429398545895,0.01844559449115685,-0.0015420446895796135,0.0047130767354809896
2025-12-30,-0.14550444703515997,-0.004028687688211096,0.010914821892499638,-0.008123254847901265,0.005754151560425662,-0.003710802785521516,0.011116706796560094,0.0016991270236195464,0.00820666885742173,0.013069321139352271,0.010351137203538804,-0.009621806183915109,0.005318273409665412,0.009992320770397405,-0.006027695289731217,-0.0018926761370849272,-0.001979039078447841,-0.01751027022243775,0.01387779307672027,0.003513295976901604,-0.010572904598290672,-0.008553502740600516,-0.00854322487746075,0.0006484986556523066,-0.018546661446675505,-0.009831217567985542,-0.015243337975805607,-0.02844804478875188,0.034204062553083406,-0.016979074211576663,0.029520823274795313,0.01609252420094527,0.011931369369962355,0.018446416930383597,-0.01500056588115724,-0.020453971309024595,0.010167588378292226,0.007430147936297124,0.003603818932496069,-0.001864944762692296,0.0006553571547354062,-0.016515773372856528,-0.016818871959067585,-0.0031538224096908742,0.0018041556787732759,0.010498280872676548,-0.0017812912829274718,0.009969883311133609,0.018578536724508134,-0.003971542938028619
2025-12-31,-0.14024575142833104,-0.07710261728156285,-0.07923720463603494,0.03815425170931748,-0.001888545001247067,0.013444307078442025,-0.0012272477864732991,0.023911027785704312,0.013334963229415369,-0.012315845599771991,0.0076507847904970895,-0.01809429502395951,0.02668949498862481,0.022010997153726966,-0.013779941949057302,0.006255981948508877,-0.011646800777143333,-0.032531255965509244,-0.006909924350977276,0.04419340677058345,0.0073148472558720685,-0.0035147103460596955,0.00011720164655880888,-0.005390740848578239,0.004272776007718762,-0.004580275781420233,-0.015055494971743763,-0.015480298454856626,0.014903673644829571,-0.004968908559775473,0.022987495181953546,0.005211569349926173,0.01109859439701774,0.01808378723756398,0.004711862025392321,-0.019323823547235688,0.004162963600359551,0.019486521457735186,-0.004704953582284301,-0.026307130951377416,0.018263419483729247,-0.020994060069707672,-0.040956085062536826,-0.00018215296076740824,-0.0009325782213063061,0.03100972383641115,-0.027746824865432965,-0.0015521705654151171,-0.0064539031614884316,0.005404329108219841
2026-01-01,-0.19555821931841472,-0.03308420627949242,-0.040862033808978855,0.08041291470680079,-0.02529697145373994,-0.02015668477184978,-0.00044204551561096035,0.01910045691532466,0.01502039806910606,-0.0062400892755932755,-0.005017733146506985,0.0011697621119764092,0.018301379314224993,-0.014262581895937489,0.007718437722775764,0.005423349136342986,-0.042175027702446424,-0.017913830848174744,0.023981444528815288,0.032300671538497035,-0.003811872802195522,-0.009583475352577323,0.0036710565522664893,0.020611397268878708,-0.031050294219712657,-0.013094596464045493,0.00019393198253662503,-0.004158290269098521,0.01616644901057513,-0.006004151690103003,0.03117607863351133,-0.00951635648047379,-0.004061136391217229,0.019210537552798473,0.005402342837927775,-0.018133863015157178,0.0026939003935120527,0.010508447589331912,-0.0046562790731988265,-0.022785045314746576,0.017420255655964004,-0.02289552526897274,-0.040865933713236,0.0030283327202731427,-0.017815052163937424,0.03164892714301386,-0.013326098668014834,-0.015018718640560617,-0.0014063893375442272,0.02458448330901293
2026-01-02,-0.11324816646858196,0.14182546372484583,0.15556721626258777,-0.108590942276838,0.0759513977922106,0.005722504320040647,0.037857530934052336,0.03834722294757185,-0.021376035624885003,0.004710461163933161,0.06753230013256856,-0.02875472634897502,0.09678860616562797,0.015265485016690374,-0.012482616880988775,-0.01729909774902514,-0.047412023013378934,0.007528207812848086,-0.002010543639388405,-0.01876559702885665,0.03283410027049801,0.003034238856868121,4.430747026885285e-05,-0.042960717145296534,-0.048868354046247765,0.007987253662062597,-0.01914947433454111,-0.025405252471627223,0.014244632163066328,0.019271475235749715,0.01678262929776058,0.004858455781969916,0.005915485460021549,0.02610206593987268,0.0042917741741579545,-0.019455407309253686,-0.0015201645152509056,0.020489743547424607,0.026292373113457994,-0.0005114864140798543,-0.02318288468190615,-0.014803036330911892,0.004210521049190314,0.008642494027746923,0.01574033402737377,-0.011959936994581175,-0.02716029397926903,0.003184135558463098,0.013943801791768953,-0.001835546374312519
2026-01-03,-0.20457435438086718,0.07200593533073113,0.14700616770381902,-0.19457214252865204,0.02730370042059428,0.002928183368672004,-0.013246909825511247,0.032083979934564445,-0.07179213296187806,-0.021574967481533577,0.01657243224736335,-0.03835566138579069,0.022826358193569332,-0.0009333454371008892,-0.028663810716386233,0.01386415969693566,-0.06726483398739527,-0.06395459194332777,0.027167351874211435,-0.053390961452977476,-0.04246057198923494,0.041608125903581136,-0.011414246570931135,-0.07631748738206909,-0.018561555407704405,-0.010512664829341595,0.029820112514864806,0.012598345900660736,-0.00981901169193991,0.011359041391502928,0.007386583633952804,0.013221104220180144,0.02589944483846756,0.02948497581622805,0.024704280477020696,-0.03277669512609081,-0.011178844092705554,-0.0054757375320185885,0.03693086888400383,0.014748675529532044,-0.010353640610678689,-0.043531727408285294,0.023269824735144592,0.0216566925419712,0.01323555180051573,-0.021479350954309768,-0.02436674496536686,-0.01359973505497333,-0.02116652894246838,-0.005805166794624545
2026-01-04,-0.1950459808121622,-0.056289694436303085,-0.045560326708614395,0.07247571513117257,-0.013046685986196644,0.02091702032608598,-0.002418031773290321,0.017655822961824334,0.0006061480048250881,-0.0084247261625338,0.005111575674813243,-0.024588190172438053,0.014519993433446907,-0.0035172136547031796,-0.010348975562021549,-0.021531291757278585,-0.002477755904205671,-0.01527188227078255,-0.0020513288334936958,0.029164786689434112,0.014595008210949873,-0.008187750793137494,-0.017022961703884162,-0.00543948435216982,0.012545985805204612,-0.0029973500086312448,-0.013017751186365516,0.002302892947126916,0.009409080217850604,-0.003901997053450739,0.009445830697118438,0.0032087811908507293,-0.0003629232297485473,0.014724563017534727,-0.0057661208405334246,-0.0033471246954142053,-0.004734522010319775,0.010725475254196959,-0.0006793861259137146,-0.0027099326901828327,0.018612218898185314,-0.021536941697996415,-0.03608741822832416,0.012323211738289484,-0.0057901701313112655,0.029048570026979945,-0.010792610415812316,0.009821632287901219,-0.011247764785103108,0.0026008653800602684
2026-01-05,-0.20673372738633172,-0.026777812824041642,-0.012710167574645225,0.08019355994284749,-0.04753278322564937,-0.05045030716420573,-0.018509259683786652,0.02638358274939733,0.0048081360763909155,0.007861587872565719,-0.02424280866083831,0.01209031689577021,0.0014969099047621828,-0.004540349767590175,0.03018441192205273,0.006040938610714366,-0.040014275546456736,-0.03750084823297855,0.028922187872694783,0.03127568027952315,0.019595855139291938,-0.004062379269306253,0.0014723351810697791,0.04225739444608341,-0.022967734804966305,-0.00361437241183742,0.0154698986658545,-0.0007673368919787897,0.012412051480833578,-0.02657854810523451,0.007054161164870936,-0.006019631622032471,0.0028047642439339078,0.024940975131190174,0.00873392078941805,-0.017023537450334903,0.024100440439604406,0.005699593019616455,-0.006181852225886076,-0.021733000209205034,0.01443221496020289,-0.02073025635361713,-0.02489445595423335,0.002066156353351287,-0.01837245150015645,0.014155139776345572,-0.0016551988476597031,-0.017420016039061348,-0.0012927403585658798,0.02763880383423515
2026-01-06,-0.11257978094632135,-0.039775617219174386,0.0007428746708664345,-0.01477024070097978,0.0008721407597357832,-0.02179694978100866,0.005976695553660771,-0.03315142202862693,0.005011586427687968,0.0139821937840661,0.04403920867809058,-0.005834559232496119,-0.0031028795454655033,-0.008758818576057424,-0.0025875710645597945,-0.005704860111969912,0.0021277646658577213,-0.008386601272483685,0.0036467493041217897,-0.0038720885736133414,-0.017979428715599256,-0.0109002220339545,0.0071274605103816705,0.013314259957566943,0.0062072506287099965,-0.008505111165426243,0.003966386918205906,0.022309908871254443,0.007316982223641218,-0.0018648258551681154,-0.001794547837570948,-0.0005178157136596272,0.007868638972775753,0.006523287386115732,0.00241872287490049,-0.001068495240947589,-0.009804087536792865,-0.010200438281982695,-0.007380028632754427,-0.004988765372246795,0.014417918616728798,-0.0031599141219018265,-0.008380652064116414,0.012250138650976133,-0.009261550701559533,-0.004467584246652988,0.006517199074647275,-0.008912245746003845,0.010552635478464587,0.003487715772811337
2026-01-07,-0.21435444339233242,-0.0061396491025398755,-0.020885281861045605,0.003213194429592851,0.0014406714410565887,0.006707979352320477,0.015775807842962952,-0.02982190942671268,0.008129220959865173,-0.02119052692972126,0.04063500838129882,0.007479263080512672,0.011942758312791214,0.03101142879258912,-0.004977208774205592,-0.016148423915132784,0.025628776387521906,-0.025288569414017328,-0.016243599657804208,0.012791726801622251,0.0005518302131747261,-0.032668223872459455,0.0008053206139580553,0.008728400724069725,0.020553276313343517,-0.03690079432527665,-0.003475845526463043,0.007994297154577591,0.0016345598564202187,-0.011815952580193663,0.01425953852629481,0.020317150869703492,0.0008596285261294448,0.0154133319825497,0.019232106117097594,0.005348775062637872,-0.029877255361499752,-0.013452937256747144,-0.0014469053396417714,0.009899440177825446,-0.0011122993983385412,-0.022346854019447616,-0.00033301194015559164,0.026952021843841437,0.006708480227446804,0.00610649427729037,-0.004559081280669271,0.0011698179128638948,0.0014384938057375699,0.008879772452651933
2026-01-08,-0.1873204446339415,0.020228421267757896,0.015201849132841264,0.013856143954542759,0.023107216089813018,0.011216076071514048,0.017775448108960888,-0.017519800268328077,-0.00228168890588933,-0.012849819626616464,0.030725080949177915,-0.0037751944510203066,0.014987187387079387,0.007772690304104494,-0.00737190428479017,-0.01538970885901983,-0.011105233008178316,-0.03442997264594643,0.007086961672020187,-0.0003280330686207066,-0.018741371897296605,-0.019936348533452573,-0.01993398828865306,-0.004385430597129751,-0.000528374563264572,-0.013249786225027753,0.017687906477648757,0.005065137528111237,0.015925366176943373,-0.001269212533368356,0.0031622745090502113,0.004445109482368204,0.008300302457922829,0.020813882749170957,-0.02326437624724031,-0.00512465867372196,-0.005161521758159325,0.0039543875022371375,0.002579800190086698,-0.02071197165998556,0.012053069514613341,-0.02750159444085939,-0.00461972072606189,0.004224646601355839,0.015526938616198383,0.021770584247687224,0.018675596001201396,-0.0008051726583626455,0.007289276906539051,0.012881649827964204
2026-01-09,-0.17724980718900893,0.05228861001835608,0.15685126250226278,-0.1631075366929354,0.09237664413972088,0.024355125406483234,-0.03317444158897468,0.0735909955804295,-0.02556278702096935,0.011906809306510639,0.09979652439788632,-0.04996482503631434,0.047194640287687,-0.026556198127480973,-0.04968113969870192,0.01777250829726542,-0.008895795168548376,-0.02081575002278845,0.012053932357221929,-0.013414414669650663,0.021294091995519373,0.06784067748974869,-0.03035503704588733,-0.05194310381161656,0.03630482759228686,-0.01553503256813124,0.0041389581479177266,0.01134086025900301,-0.03516248924426631,0.010900103260565482,-0.010844113820898364,0.021734523216172495,-0.028951102524488345,-0.006305210012376058,0.016133196862118483,0.026372390609048044,0.00258733362294874,-0.010852985372292862,0.022932135417949258,-0.04406881650384696,0.00915647001159302,-0.015425250315948177,-0.00903825811007866,0.01921542583924344,0.001377838925414895,0.018566010630273553,0.012992541367309153,-0.01327559771733698,-0.034631121996424465,-0.015507063505325535
2026-01-10,-0.1157645541508817,0.09461716498090662,0.1763465510825298,-0.16951441982301985,0.06932196246926195,0.07077514442183182,0.011129349221078643,0.012406029843056483,-0.01976134443743437,0.01632732582919942,0.1088487181158764,-0.07113196049240038,0.06551679130812343,-0.04750769058967453,0.02142258234349507,-0.003085224262438044,-0.020204571223219836,0.02239338340924062,-0.0036436383689926796,-0.09688085688837694,0.02847699191910777,0.04722467882634784,-0.020790502552441484,-0.04041875141815785,0.014286866653076725,-0.015006012340697263,0.036951528961641784,0.045583124731692286,0.00487880007800977,0.0431982234604676,-0.020809615392800084,0.004670000211008361,-0.0037470871480711062,0.019504591734243945,-0.0231766127212439,-0.03535030630972067,0.02022485771511722,0.02181732035798745,0.03329632664836811,0.0029512696202126263,-0.02255251500095234,-0.025188662933381793,0.006833920473104817,0.01900800319646821,0.025400467393522187,-0.05342203199763675,-0.026653434348901966,-0.00121879694929201,-0.02734403272735522,-0.01658313667002043
2026-01-11,-0.18766520382518012,-0.0428580615248737,-0.047809384825946565,0.056287464849480696,-0.002831248070934833,0.008980070160063157,0.012311052858065599,0.010378319345543821,-0.014877188051934389,0.00405932847791767,0.008832350852725757,-0.02479200007620449,0.013100180942411081,-0.0008596398795636349,0.003968384139052235,-0.029668130725099624,0.012334612771957076,-0.012194477179782592,-0.01362325074062891,0.038677164327793355,0.013921327000212577,-0.008832202481671407,-0.01570636687231615,-0.007927301985839644,0.00995207693908858,-0.0007484342714348119,-0.007173350716780026,-0.03268314209840278,0.007280186787499919,-0.011199291645005327,0.007661664325951174,0.01748972882534003,-0.013083570741329613,-0.0013890981377884175,-0.004016400343081606,-0.004050866448960228,0.002107664612358899,0.021764216609084203,0.011735941712750164,-0.01713971411559009,0.017151631425487358,-0.009600442820028086,-0.01604095866431194,0.0025296554410107713,0.015669851395017247,0.03109905255345514,-0.016736555836448945,0.017403461732321535,-0.0023195374961794135,-0.00269583512546911
2026-01-12,-0.20831261418717587,-0.02649574797053994,0.0008217504207292988,0.027436418006037935,-0.018158296206821484,-0.004423764097672994,0.009946386542230495,0.01926788375471295,0.006111116360941101,0.005752251014148488,0.0453627312881393,-0.017566283136442862,0.03910947076784425,-0.024942786031786814,-0.0032496110425376834,0.004296379759015928,-0.022166978351961072,-0.00440388698354447,0.01997317217875352,-0.008378463993521226,0.0014270874048518281,-0.0012208144051221444,-0.0004131302693372042,-0.013310738114431925,-0.007712878570706473,0.011242733192061023,0.011128062024974779,0.02935732632474563,0.009313222940564206,0.020764503936783082,-0.009882159242367572,0.0269448035634127,-0.01042973830205519,0.0037724692552643085,0.005122388660641889,-0.016529544315520853,0.012929368618613993,-0.010080334372530388,0.007187347349529955,0.005794129923398556,0.006383322683529851,0.010052860435169465,-0.00974060883533059,0.006212878343238759,-0.024410078605184536,0.00869763699972688,0.016464036361071292,9.877702714307498e-05,-0.00085280196271819,0.005587987450490478
2026-01-13,-0.18892927669385567,-0.04846473077800345,0.0028296193174352385,0.025792863781772694,0.025611344848424714,0.021610186949377115,0.0005846296336820659,-0.02444629180396683,-0.00420833101857563,-0.033134311511686776,0.0155531536191389,0.007805190119730469,0.0039016526311473395,-0.02310523766627605,-0.007327758309109537,7.556428549974305e-05,0.004023730851282686,0.012049757012223428,0.021656608566021588,-0.01827782394299167,-0.035070496623878504,0.011711201520537378,-0.03099513891827261,-0.03782024768453744,-0.021836899783917813,0.04911437916097094,0.010503647289156152,-0.0010601428649079842,0.00867870798022806,0.005628023107078911,0.02182701889605351,0.005307042764100954,0.01147171345755707,0.0030225724172955365,-0.01014251665065515,-0.02082030909975201,-0.008701554097042761,-0.0057025081916627935,0.023086989901289042,-0.0074918910582088185,0.04343999681309844,0.022009180181600325,-0.01412399131709323,0.00344892144963142,-0.014082285121434867,0.019192266179562656,0.025831086590240644,-0.004946695778478574,0.0012895943709706965,0.0025094527197619533
2026-01-14,-0.19803060720830817,-0.06265182590609758,-0.034584272111886846,0.056692623473021606,0.008875677732597067,0.02809649950785674,-0.00432551865280498,-0.0389035838690565,0.007125774628580144,-0.018868767515718244,0.014641777042832545,0.0039554266492609355,-0.006064136576457586,-0.022099262464673294,-0.004858584120494631,0.01006625968239016,-0.002875194311192825,0.023638546321232225,0.026612401749128902,-0.03197458186738594,-0.052788865972813986,-0.0019576853048006884,-0.03397715281245287,-0.02495891473699534,-0.02051072255023808,0.035515488926221285,0.014614302156158235,-9.284863448022811e-05,0.018762710095752803,-0.002356304792052807,0.0254154366548186,-0.00656560113298026,0.012743349977851549,0.016575291591535198,-0.011179824675095894,-0.03206550897402267,-0.006610551518330463,-0.003265378027415908,0.021590878825857484,-0.02033432600046169,0.03934570995555248,0.01798391966372837,-0.018840949036033672,0.006475958811989174,0.007667524853003185,0.030696066668345626,0.016988366300846724,-0.015349931374278238,0.017864933287613915,0.02316783960030858
2026-01-15,-0.21612707086421148,-0.03749181349471145,-0.026026485364146236,0.06598853341560262,0.009713837925115666,-0.014098751300156916,-0.0019465508401975494,-0.007677853259261609,0.008340637428488331,-0.00573802400213458,-0.0051777589786141985,0.01867159695923588,0.0167660426853778,-0.0033606552232285005,0.007142254127429582,0.0015539663033156668,-0.006051815743473815,-0.008802549246794713,0.02346975087294718,-0.00099253043884009,-0.015037138832146775,-0.006425928035724507,-0.006253739900285047,0.006918753191924224,0.00013712941885663405,0.013597714080490944,0.00036977645071688996,0.012298240290093748,-0.004761471857107123,0.008256474100440551,0.016548171498183748,0.0038931899989070678,0.012489280844718221,0.011451136117254955,-0.012350829404501657,-0.01753319264700431,0.023531244866629594,-0.005877858419475688,0.003643422908871101,0.0028886754821402637,0.024699789877566755,0.01826294217925842,-0.019447266114794092,-0.00105551831034886,-0.008386138080036484,0.009531932903192911,-0.0039427908082248836,-0.007101574662318342,-0.0015015790336222413,0.024419661797106505
2026-01-16,-0.14706414084237396,0.056682248394683415,0.1981615137715984,-0.15669542283043203,0.07320143442722415,0.048082899106989485,-0.017856338945015558,0.037771270862446915,-0.07673248279459698,0.02046010464088731,0.11535176293771147,-0.04879318451340743,0.04085101744112908,0.011465916463651792,-0.048870440634873384,-0.010026892621036936,0.03702997426130668,-0.00869945136225555,0.025237524484982746,0.003017171742431621,0.034625877292537764,0.05136692459079081,-0.030344576187462956,-0.0008941109219799972,-0.012423950442219438,-0.03522999611004178,0.031459547303838674,-0.002852301033919845,-0.0002412564163702207,-0.01101261082401015,-0.014223026631498511,-0.01622463864153297,0.0692166032397199,-0.02630617440142034,0.01786685072627757,-0.005647433244650927,-0.04818359339888939,0.060158054472138,0.01025298467192807,0.002548979728188487,0.03463271781581202,-0.04052994571675151,0.012672269989270657,0.021859809203643436,0.029684480954186934,-0.013268878206211835,-0.0009141893469610142,-0.004964553914310137,0.006155038331770376,0.05219306728110282
2026-01-17,-0.14194755108431129,0.11071726704581311,0.15431694232049328,-0.14546405404142126,0.07659642999494419,0.05506002534903988,0.01750753143099863,0.03368855544324986,-0.0533390303279226,0.017224799926469428,0.06998801609620763,-0.034142387676529766,0.06572295674214025,0.001834920586636021,-0.035143797016076395,-0.024431888406769558,-0.010348778463524236,-0.07111169250094067,0.04071144758390427,-0.011326181707474953,-0.026479591744232492,-0.0138278880722213,-0.05104737196640983,-0.005892611668505873,-0.03075893370963846,-0.008274958350901173,0.006881286709810563,-0.0060249588661879325,-0.00045443141070941015,-0.0027080346333270013,0.011520926734127983,0.007839821986430571,0.05146174020186231,0.025439108630074283,0.004442825515198987,-0.010595471326256682,-0.00024703407245816976,0.012783721507362554,-0.0267323616947689,0.03737657360851742,-0.001608728555108349,-0.02008144000796852,0.005076427067854951,0.013045805320187958,-0.0064929755363682335,-0.0480719748077269,-0.003553002974348019,0.01467579895223379,-0.003852081973317205,-0.006159848627897074
2026-01-18,-0.1968612682271437,-0.07325557966396011,-0.04281606397345233,0.0595786145482516,-0.0047442360169052305,0.0037954746467583726,-0.002375981843978934,0.004068667839970147,0.014123416613648838,-0.015546727699202638,0.008422011173614876,-0.019563990185987694,0.014634703673467914,-0.006085640587875813,-0.024366902647853763,-0.01222221853604323,-0.014923238406571733,-0.022010624433821072,0.013259951712298882,0.012566521718607853,-0.0054662267689691395,-0.0014909381742485234,-0.00949796925105692,0.003225459208395461,-0.011882756039373827,-0.0023646541812167507,-0.001788471335692851,-0.014208996805368475,0.015255792171338224,-0.014024614319353371,0.006976571187530602,0.0031949870451735717,0.0096883644307508,0.0206428335883904,-0.004673939846388043,-0.011750776302578635,0.0021066319167089174,0.005061566930205529,-0.006832472917412278,-0.012113936108164905,0.011438582587123922,-0.016535289916536335,-0.025676927175629298,0.009115107880888765,-0.015322908614045437,0.023178133879796756,-0.01315207261860618,-0.00045416525546218854,0.0024246319351436396,0.0002090468302123288
2026-01-19,-0.18156780600782838,-0.029009990305968666,-0.020029309856345108,0.06302661148493639,0.01853299445549421,0.03228349781243584,0.015342877905218459,0.013465102904581035,0.0038817977844605406,-0.006954926363088227,0.028518981374461745,-0.0153133191019758,0.037485003930637785,6.029509169475032e-05,-0.01635028196312382,-0.0035175695851610237,-0.019020698537164073,-0.04124138604731119,4.1465118025228605e-05,-0.004898606724149086,-0.00830116587580312,-0.0008798462677851586,-0.03583030648184809,-0.011429157440835842,0.007387975165217466,-0.0020435980038739357,-0.008246009471337261,0.0025305669354687738,-0.020640017290494042,0.007658401849274939,0.005446895435261503,0.005046737043373184,-0.006589059820700246,0.0001453290830514457,-0.012131914144762734,-0.0160224119959414,-0.005351616931138172,-0.000603693744084774,0.0073481224744165645,-0.017489908076251396,0.014065832353839833,-0.01181999976961985,-0.01198517357322731,0.006834677608875781,-0.0034233821886671435,0.0216502385487833,-0.0112243357159208,0.0017914519661357928,0.0042046911129992575,-0.003834212362687905
2026-01-20,-0.19015046954599552,0.016547113650488384,0.03014464986440185,0.0008553926620030788,0.03597397544537981,0.02379333744969721,0.017299368639791063,0.02627828559130409,0.006403585687590025,-0.004381655670902689,0.0705221487063664,-0.038848448657010384,0.03118335492574349,0.0017999923615572273,-0.031815831522301226,-0.005998975053902918,-0.005110682054625776,-0.009498819879270216,-0.0017769398742995476,-0.005483040157867137,0.004910911337349152,-0.013297016059186016,-0.011698131074385842,-0.020464965409253386,0.01772215576654632,-0.02044389853813077,0.0031250463606581707,-0.0032963850758910393,0.00981193874399788,0.01888257205345397,0.012498081487026061,0.02210222276160309,0.004593670261166707,0.006210979656962581,0.0048057261672678,-0.005252001860435599,0.007980244941439658,0.004606841908923828,0.0015423941685984602,0.010720094954883106,0.012379517928493747,-0.0031379242113043467,-0.029420851554557967,-0.0032765775822481084,0.0038185328878245282,-0.0026231119237372117,0.0005453255351221466,0.0034752337022038904,-0.006037963531535819,-0.0007136953044754281
2026-01-21,-0.15726303000922215,-0.01851168029444395,0.06543739195722273,-0.08309142919723586,0.057591523326532744,0.018016276256395,-0.024991410028634035,0.05744701677891331,-0.035777795453220414,-0.002650456440751991,0.07721959327267552,-0.02236240925480115,0.016728385650932816,-0.01015224531454308,-0.014815663591192987,0.016020874833796377,0.011452694198300382,-0.027622232288163382,-0.0013751921623908784,-0.03089215542048296,0.010721796175424344,0.015443444683527686,-0.01806166841726754,-0.010301972647697817,-0.012739536951722807,-0.0003445585680948226,0.014192826220620841,0.0004314777286508173,-0.009275292863486662,-0.0033318617242521606,0.02756035903669576,0.014571592161100835,0.023909822811792245,0.036487514476209466,-0.01423678842615705,0.02091685675821877,-0.00172372507968013,-0.002728107244234702,0.017008974655844583,0.005053709394118845,0.01201490364268634,-0.021701076807761736,0.011546801157729172,-0.008036851495694133,-0.008770183217671493,0.010582261890967923,0.005824328180229341,-0.012009383029816998,0.0025054857303289935,-0.010007300095370727
2026-01-22,-0.15624688575834011,-0.00018755265043499125,0.022135850707423837,0.04124246261868091,0.01637554902218711,-0.008605922251933743,0.007433312581871835,-0.006693329031373126,0.019479249649791575,-0.016993811323306452,0.02004017429821152,0.005132386474896402,0.02426644664128901,0.013696224346664834,-0.009824845233235763,0.0038721900676133947,-0.01605370264837535,-0.017919442931247004,0.009828338865402617,0.0142778075080499,-0.004798027538429726,0.0009141576106231098,-0.014306049962709646,0.014400610763764159,-0.005565276158259285,-0.012265534647390367,0.002629405183110928,-0.0033540407027993647,0.00020571820073637996,-0.019779759139090854,0.009884068143272617,-0.0011535918418744855,0.007963982478180875,0.019706283384430808,-0.010914981190613121,-0.01791219883217348,-0.007760785477937222,0.0021629747525170654,-0.0001431395622806344,-0.011784160880175847,0.008031001901685628,-0.025189620565072936,-0.02563613550301055,-0.0009935196854463004,-0.00317310912743649,0.015944945866416198,-0.0018543880818510687,-0.004475755496376949,0.005303841179628137,0.016554131890449835
2026-01-23,-0.13665959437544323,0.1554016656946345,0.09707773007134256,-0.04506081780333328,0.07593255333333362,0.09025033149959268,0.051897204310618075,0.035225533484380143,0.049307543857541346,0.01649472068145012,0.17357784042361526,-0.010505758834661427,0.11869320972173353,0.08202615073266978,-0.012030163522295188,-0.014401510332666042,-0.10487310702269421,-0.07443850433325505,-0.02952152124970337,-0.04699840921647289,0.024588916229331913,-0.019451631790752565,-0.0542445133182513,-0.08133073217499343,0.06213934568432493,-0.04339419832624979,-0.005972868186900857,-0.03603108034336956,0.006771934448705361,0.007944832925920098,-0.017147388655448032,0.04010984703982512,-0.02890286989594158,-0.016648822800078393,-0.06787749208754647,-0.004793034126722088,-0.006058792820451045,0.018659479958089205,0.003268394190544959,-0.0418060425479041,-0.045783005030258714,-0.026722277016414758,0.04573280861882125,-0.005178166366050963,0.0011307541908369368,0.02078100981949708,0.012927785139665688,0.047145850907684826,-0.005134230277908378,-0.028106006351592674
2026-01-24,-0.06671186506807947,0.11081507198333843,0.01863896771569749,-0.10583710413400974,0.06630087164106027,0.007605603924878687,0.030077837579853394,-0.04222010664450343,-0.14443844471589015,0.0666372329029166,0.12229593795712572,-0.06797488777739913,0.033070357345102226,0.025895281133069856,-0.04806418845776484,0.02506914269174635,-0.0025098642212406847,-0.03225227753824366,0.04745708356356151,0.002545259009765081,-0.029933445676353074,-0.006700273234310217,0.07187827959804938,-0.012638877645257885,0.0007023694460467535,0.003013408642527696,0.030610390369213373,0.05640752935518399,-0.02327696115989772,-0.053325094344952834,-0.02387551769904916,-0.0370530748817533,0.023086593700776023,0.04491612117349094,-0.00705726255216324,0.007543534888471817,-0.08738599244128446,-0.03793784518827416,0.0017683772319755946,0.025206474205556956,0.031196393004440857,-0.09653332897008857,-0.03750296200051758,0.052649882409136636,0.06092513823337552,-0.09829161281790613,0.049158237660083474,-0.10612634283663215,-0.048450145878993184,0.01005074759849042
2026-01-25,-0.21856650093981755,-0.04588483562909217,-0.04249550542129849,0.04630290876139281,-0.010989780990891238,0.005902945195702922,0.011595640281347325,0.002693259941371315,0.01863130753822473,-0.009519203423766472,0.013911354648765533,-0.0014967738003351955,0.015378451402808416,0.0015487063856058222,-0.009994771883215799,-0.011556997316776722,-0.005179492500029141,-0.0265246235071351,-0.005387462983721284,0.02152707448946764,0.007797516558499901,-0.015046307101391281,-0.023174501912060542,-0.0010350201918922514,-0.002084147079368753,-0.016966002763571953,0.006960344217454216,0.0039036032352490375,0.01643049828894721,-0.01522398745279923,0.00804432549744998,0.0019301031152849871,-0.006945247765144065,0.021658216931569996,-0.006093419522969845,-0.007080216538803253,-0.004363006157114705,-0.0123740671270383,-0.0009789023890513938,-0.024274073774868038,0.014382073803017785,-0.016901272944555252,-0.020333636234965438,0.013102045940476353,-0.007650004944287733,0.02082447054945594,-0.002807587438920994,-0.0014591472647133708,0.0005371591752198041,-0.01069610155150388
2026-01-26,-0.17955313586802862,-0.009765134894060461,0.03426283080169969,-0.033828452204457064,0.04693803215307062,0.017748687531978388,-0.00209945123709856,0.0011272493468126707,0.013896405525956943,-0.007498262692303606,0.04542192345917766,-0.02090863375082304,0.02504102061243541,-0.012618362056888963,-0.011925311593345351,-0.010272680679221779,-0.00239166545544299,-0.022591546357516663,0.0021592311486625963,-0.008290376242942883,0.0012261775128324416,-0.013144241026361907,-0.01733735155319251,-0.030200177617077602,0.003337096999671816,-0.029004707421502976,-0.010450688087779767,0.023718404619788067,0.002307415898716744,0.004356778918778894,-0.0018220553449346064,-0.0033224557886802944,-0.0033852591515617907,0.019211886794464138,-0.0014949427200094065,-0.007059178532758607,0.005935787217602545,-0.006173075046493525,-0.013824515058001214,-0.026379105587134945,0.0023892838524250553,-0.006489744906912315,-0.013092595637986204,0.014393094345660573,0.006946914779621872,0.020806538559132275,-0.0073103611456644775,-0.0011140871146626007,-0.0025337237292465476,-0.004188491795066566
2026-01-27,-0.1865113382369735,-0.01320242202525766,0.03161188136960375,-0.012052955746425544,-0.000486513000743864,0.01178718039325262,0.0019192850519023866,-0.010813272040594969,0.005075583631612427,0.009092388095603669,0.062420771527783914,-0.030884482374802458,0.007398495985268909,-0.024427724883745984,-0.01794590076725312,0.004878994162015646,-0.017598226063317464,-0.007633935290613382,-0.0030950438599893658,-0.008409171919506972,-0.019408593170570098,0.008408476182930854,-0.002131613504335585,-0.020167673797603987,0.01396868992239584,-0.0136144566151353,0.021211494646360997,-0.007759964103616706,0.01724388203168148,-0.0035289745878714783,-0.009421928560395552,-0.0019072864506319493,-0.02263884372640817,0.012852363162482557,-0.007337821204328449,-0.013025157894400317,0.0024120630569995725,0.011449514469254893,-0.0040979832553793205,-0.016737094343323183,0.02391095392732865,0.0017183736435051708,-0.005290205961190352,0.01935846511314784,-0.007518662998313855,0.020159149460199137,-0.005722784144122774,0.004598975315660118,-0.0018600480680605127,-0.0035880207790624135
2026-01-28,-0.1902307450332976,-0.02926241091635312,0.01006072795935523,0.0060980506939379234,0.003921941849609185,0.0008996180785569295,-0.011942049366694824,-0.02148443856829432,0.012626332728286524,0.0027775100688035587,0.033409509636241994,-0.009536471595473677,0.00027206555043238467,-0.017131217553593415,-0.004506648925817939,-0.009998473718528439,0.0016222144827351189,0.004191740419867934,0.0097452203720713,-0.0021658194666419627,-0.02241740525979135,-0.001047790343122799,-0.007680279203171046,-0.0054280571856214115,-0.001636799727599546,-0.006204556999795974,0.0003988344801761761,0.004637230368677466,0.01727900327913512,-0.012102999307624103,-0.00279491209193896,-0.002619019389812153,-0.01790422401368558,0.0248227778698809,0.0031435483401505374,-0.01548397591810729,0.020009750678255007,0.01589051214821702,0.013975889673882198,-0.010642519494535554,0.017084597802740527,-0.03202281140631985,-0.027598373708682403,0.010359784004616655,-0.0015646757136360075,0.016580809968666455,0.0025176963529134205,0.0027340377925709623,-0.00624418689541533,0.006174081743823607
2026-01-29,-0.19243340254156652,-0.07148327137783847,-0.01948724691836543,0.017517450875719535,-0.007574014723278485,0.022857585755684865,-0.008692413366075125,0.009266263744547448,0.02236065723468665,-0.0065813891638606915,0.038310813099595976,-0.016046338011961637,0.01614422471769593,-0.00820480263542197,-0.0181654177746576,-0.005299580235644963,-0.01947573414006561,-0.018192965725081528,0.00795024493003933,-0.02530299462590607,-0.009155611180232613,0.0082555505409791,-0.006373416831637287,-0.02332024439194176,-0.007032282765211557,-0.010755914929332045,-0.011713926163805538,0.002346091358009636,0.01035347530464367,0.00048761683485724157,-0.007877834816676515,0.0023637913040325262,0.00798327207861003,0.012054999998384377,0.0014730146167784076,0.0022522725961217293,-0.004549850138175663,0.010690277109224213,-0.010155255987533458,0.0049341713357416404,0.006008217459296087,-0.010922710979839084,-0.013558443244056482,0.006331806842008797,-0.004064261809984682,0.008192729807706583,0.0021629624161316995,-0.009825583048633763,0.009581353027919357,0.0021871337149806606
2026-01-30,-0.09230678160863899,0.08112423649497856,0.12317077996279122,-0.1148101714964873,0.08557033034086671,0.08482798166504067,-0.005709276594292646,0.05986000994655891,-0.02446710892621345,0.0022858587487294877,0.10737752050045717,-0.051443460748350725,0.10397847297826823,-0.009697678759862383,-0.053748072597449514,-0.03876567232679494,-0.03181455234661907,-0.05242152708954172,-0.036285745027410055,-0.012715463701951344,0.01603515505463567,-0.008938307011070984,-0.04006133650021933,-0.04997997118078534,-0.030030984071807213,-0.024749681134403144,0.027257089854071156,0.049753219151578425,-0.01659252568665687,0.030694638452787755,0.012961001624830153,0.01765199468967172,0.0004962312115212061,-0.028502256501376635,0.027480366076110763,0.03105942579678929,0.01907256448030248,0.011975130122806618,0.001717034068833924,-0.03411131955738205,0.007577965325033198,0.0007701685387711446,-0.0034292666798900234,0.007358273713972092,0.019427822528942314,-0.01770120897423356,0.010226145010422474,-0.03313993934199194,-0.029338660646936965,-0.027048608833384065
2026-01-31,-0.21799868218439633,0.011681809929469428,0.15588656373648532,-0.14456029506592685,0.1097713920730128,0.05175558291436178,-0.027617638309330877,0.0468540577221889,-0.08715097404583884,-0.0022122131454634653,0.11083711947094811,-0.07651732977709175,0.035207431261282514,-0.025192658945227972,-0.07642423328085025,0.007095707212184766,0.0392989748262852,-0.06518592565407128,-0.01088281370282745,0.025524535255349222,0.013694774161815014,-0.008100385398891652,-0.055296651812600406,-0.024848079424285206,0.0346583335641488,-0.0034053421547076265,0.038863839615964874,0.008009615733254644,-0.023114179877571032,0.03843042184211196,0.0038217728827113794,0.027512139500476488,-0.012891298407661452,-0.055045088253135505,0.02198678478161849,-0.08127610371329687,0.026342566264831693,-0.011428518281011097,-0.04433992648494798,-0.04170939545703945,0.06389634064064229,0.020020055803588965,-0.030700570691982444,0.0366053480730092,0.028553386445821782,-0.020839921898050742,0.02391375135746422,0.008418721548013075,0.027864384587796828,-0.013452078191717707
2026-02-01,-0.19943180021272097,-0.0286583116220504,-0.0064619880480852486,0.03452901473774903,0.0029226022510472744,0.005718290713249514,0.01094206736800985,0.009384583720154284,0.005826719106422027,-0.008485308784552299,0.03782078145924599,-0.01256554844794159,0.03264203922569103,0.0017400285442760583,-0.008175123344780088,-0.019527980375989257,-0.007399941572077896,-0.020613934642532934,0.01035610333376401,0.001945880393914082,-0.00129865740016238,-0.01814118281257796,-0.009254311113277479,-0.022355468050741605,-0.014553096009788847,-0.007845684095905232,-0.007146113232412163,0.0056843446024058995,0.009711600723037785,0.001509417741452806,0.012602488329504223,0.006360111211958744,-0.008043279555407533,0.00850994244542728,-0.010260688566432231,-0.008016625319321692,0.002185048673552804,0.0037096887040683956,-0.0026512309202292948,-0.01207942275073327,0.013361893960128659,-0.016365882492477057,-0.015541156380028603,-0.003684916514541657,0.009067919684311544,0.02271879295606823,0.009151628274463695,0.0053795547235131105,0.02041388045908014,0.006111044247761186
2026-02-02,-0.18645326631094486,0.0017574497492391648,-0.015019537517031802,0.03180018081482904,0.0034836247947112125,0.010455147243890996,0.018127311535302025,-0.009031689350139711,0.026482897625806558,0.011241960214216152,0.038319128846321354,-0.011475730879964539,0.016890397191722653,-0.015490681991820014,-0.016001040755154683,-0.006363381106499894,-0.011987692759994263,-0.012622215664409799,-0.020397746504475525,-0.010789710182138383,-0.025521982782398738,-0.012768389476315783,-0.015672268813747288,-0.021676402760876557,0.016482598028506823,-0.021322618536968523,0.023100003890725838,-0.00429804892210816,0.0048769579602472015,0.007674461010678113,0.0019074843644868193,0.015601711635352677,-0.006259058794472219,0.00929088288557595,0.0021785340615069746,0.0010927566434916697,-0.004245395766898691,-0.002379637811477307,-0.00025237618220846876,0.005837334559779094,0.01589598678915955,-0.02148826986220602,-0.01105572790881054,-0.013562202067621586,-0.014454763143398873,0.013832048483106088,0.008543609845847556,0.011136122740630945,0.014081019242911589,0.01017679791400974
2026-02-03,-0.19091181955908393,-0.011727066284480682,0.009479519344934646,-0.0029062983201586473,0.03949642316629595,0.00803225178757867,0.020251366652788542,0.02263717379872866,-0.014841520541281837,-0.0022031705294027737,0.05534470966867357,-0.018618386960216407,0.04334489869971137,0.005575734175917223,-0.03496612853736052,-0.01138101115594672,-0.00029865147020357127,-0.031105086824580335,-0.006491410214961678,0.007732477648633753,-0.0015692017530488673,-0.01032085566904818,-0.004299838344001827,-0.017106309611277196,0.004757874714499098,-0.0034701898477113424,-0.009189322649549463,0.00437928016247072,0.019074239284194265,-0.004795176158742144,0.007682664184071936,0.011857531637474139,0.005185622473347273,0.012348508192984883,-0.0009045842046108699,0.00014945775262792678,0.009895345297165625,0.007174927515291143,-0.008868603722000379,-0.0017147684497849443,0.008701440197930527,-0.010720101569865265,-0.006186478687502078,-0.0006061879924070299,-0.014710078285010088,0.010767795994577986,-0.016615969934100503,0.004672145000564757,0.007921176109512745,0.0010644093110398708
2026-02-04,-0.19064341796667167,-0.04823366068560069,-0.00525413926140058,0.03195582625689786,0.0026143362092620336,0.0006930241789123297,0.017764940739550462,0.007120478700189718,-0.0040745685908847255,-0.017772010541866962,0.030817910907220875,-0.0154003852163007,0.034228901283358995,-0.018119533512313563,-0.018848162235003275,-0.0004329767088143471,-0.0038866408377208313,-0.014176458583514582,0.001565648101483036,-0.001062776049596105,-0.012941597926289055,-0.007983312969551676,-0.013417109583274954,-0.01616597408326426,-0.015945251411718514,-0.006879418149742128,-0.008601202849071664,3.853824015926068e-05,0.010581094629657664,-0.010015962665237901,0.011063799365244304,0.012320495400385285,0.0067536065862450305,0.02535475604925432,-0.0034019572642128033,-0.0072831658284415336,-0.0003868692867936009,0.013247446406808793,0.0026461874635837533,7.918591353856405e-05,-0.0006439202363939797,-0.0073324434481277885,-0.006935578907705927,0.003384687436459734,-0.0025840122606195473,0.014300333543378082,-0.015549921548760432,0.004523678231134705,0.005751104360130441,-0.006569986435965154
2026-02-05,-0.1641919832231506,0.053242213674453136,0.03900446036925646,-0.001615686317491166,0.033924226954069464,0.008468301070183763,0.02219219867484056,-0.0021409908421694203,-0.023798745991038806,0.010075264100728409,0.06133716478562392,-0.014189781600270828,0.032035148604896244,0.022382982542859368,-0.017884815639497068,-0.006991864055551226,-0.021181075456943217,-0.017189514145109684,-0.012163212693766867,-0.012678016332853186,-0.018786133286719558,-0.02026551273687933,-0.012515223071352184,-0.016715058970228396,-0.0032722094423667534,-0.0076454044581535,0.003091776400354891,-0.006429172029075871,-0.002771107478630633,-0.022352914477478624,0.0069860323361513816,0.01079720644671085,-0.006345076234310628,-0.005452464240880348,-0.006169816230380053,-0.00392300644150564,0.0029587629775183837,0.01957798937878027,-0.0024385639600916957,-0.0068507073650221975,0.003711973032755409,-0.009439934655169568,0.007197540873360737,-0.001984040359220527,0.012251569630464828,0.008616787771387363,-0.004368676061988429,-0.00023347732020990165,-0.002023321674911005,-0.011250759083364323
2026-02-06,-0.188729578873641,0.12414149771647541,0.11525914439397415,-0.05909543780620107,0.06996802666470624,0.0635009450405424,0.0459778710577411,0.05736689960610597,0.021655254391384892,-0.0015579757596870674,0.11515320068423439,-0.05613594168118584,0.06019828041955164,0.030352133594523812,-0.013523405089246057,0.04103859723044636,-0.011057144328957842,-0.040078107487584363,-0.005434607535251611,-0.025919418118169644,0.02842274303588539,-0.022234269608728603,0.002755795959381808,-0.07582981635425368,0.0203104898565599,-0.016110927776381248,0.022628981955180788,0.024567473526850615,-0.04553982970551873,0.04754260970905092,0.0005717246477870964,0.026144335317080793,0.0033140839351090217,0.03894407958396943,-0.019953677123288126,-0.002480337045317837,0.03546966787014766,-0.01922358684763063,0.008030326269336703,-0.0018526826588670983,0.02840580656067982,0.00457482204772855,-0.015769464264877093,0.011853963148234097,0.0031522302102135503,0.010951269831437228,0.03298335394621398,-0.03488114098007171,-0.023293626291857664,-0.005035761955337121
2026-02-07,-0.14867288554508284,0.10123242784201233,0.021895745555250777,-0.09475338577909115,0.1171654873683045,0.014788090806955001,0.0414845631091829,-0.046887878727541916,-0.05194110472620259,0.0021488119672384656,0.16435811002937695,0.030178174671116456,0.04736338742398988,0.10230831414116,-0.009209982181944455,-0.00747430116868897,-0.06112901508858573,-0.0206366916151593,-0.051869812445298265,-0.021359670531331445,-0.0452553394307653,-0.028684980078641707,-0.008051377256596822,0.0052421593447771865,0.05536420896352468,-0.03856536730074251,-0.008177624641926158,0.0014409339867171539,0.03803313336925925,-0.01921908027952044,-0.007532902293561879,0.09716413700071473,0.0010246125261907622,0.02138551173938609,0.016084495507621956,0.03184313216586134,-0.052055597491674044,0.026021371665478382,0.021925884983690705,0.03738993364072111,-0.0009908890491556383,-0.030802603444393194,0.016229357747347014,-0.043904999186627006,0.028820301712684064,0.0188863373145359,-0.031471244299630746,-0.0036344406423107736,0.019600449666316085,-0.005567519397552072
2026-02-08,-0.17427655299484904,-0.00994070561712593,0.012936346964068755,-0.014767372312632695,0.03680454928774157,0.02622781532948296,0.0122816127207124,0.012318042886869857,0.0004616964816188646,-0.0051997645681771286,0.050693699730833396,-0.021476341371092722,0.04400294698969739,0.010866296874962154,-0.014249609484202768,-0.0033550170772027248,-0.023820503693673396,-0.018590694288433032,-0.016242783275435102,-0.0013723657527324417,-0.006368049409203486,-0.016839687486055025,-0.007067175085334249,-0.02858143227212268,0.007409350237275781,-0.023449346630556013,-0.015225508285354537,-0.006853765743563229,0.014485721252285939,-0.0157113279886813,-0.0006552423948588086,0.024285136048452286,-0.00017492248132143162,0.014391273641311,-0.0012039893666927945,0.0033493115797974503,0.008097475766233188,0.002325822004788688,0.00045405616473666375,0.00712569500091115,0.0010772407533821474,-0.013393195417641161,-0.010713519413389208,0.010054158439864782,-0.0046866013984732955,-0.0012132838874870586,-0.018936363582444566,-0.00023777728039117615,0.005733032852120541,-0.008037399812058619
2026-02-09,-0.2040836538101856,-0.03608567374417866,0.008608525447241496,0.024914689991208865,-0.014339245383144348,0.016006952868437452,0.003982728726578255,-0.025012645327625187,0.019599315471550024,0.01129020381115325,-0.000580036965940408,-0.011035735093962495,0.021547423964242196,-0.005015850766681707,-0.008366459207945376,0.0073575299319574615,-0.0054756369529196085,0.008951654503981912,0.0010315363145330528,-0.021655374194371118,-0.03657103058868403,0.008063935716055454,-0.002258580794738462,-0.0010561149277290493,-0.031595918065628045,0.0172789225539924,0.010900444125422262,-0.003192538698586121,0.006476041917019699,0.0004092215091232047,-0.0030339540298334683,0.0019490564055949869,0.002605186071997843,0.014241897801710483,-0.023930413452117077,-0.0006768377961550904,-0.009979039782826615,0.0008224230585099031,-0.003942653374552844,-0.015302293843140158,-0.008467385435026007,-0.008894919564814363,0.009547993148742379,-9.784291896885201e-05,-0.007341408737950297,0.009260021029454129,-0.018198668417564255,-0.0022156806473032967,-0.007123425753485728,-0.012875477843225899
2026-02-10,-0.15333705098586842,0.011941613922637404,0.010042017537276099,0.05297987322426483,0.020031147203495463,0.004859731799995032,0.0005642211842617319,0.020432750773552968,0.02353264358038678,-0.01307220859859249,0.030611367803110613,-0.034841988328935834,0.03155379948478666,0.0053766636094490835,-0.03073586464080091,-0.0020435632652911193,-0.01313336097402162,-0.023666311260010058,0.011871368223241953,0.014117288815855583,0.0048578592565416846,-0.005778402881965403,-0.0016863938568557623,-0.01690109868511499,-0.026002713215512337,0.009110648435744776,-0.003232914070496137,-0.016255696537409214,0.006474058882397211,-0.013709335453741455,0.012216233417103256,0.008229259989313462,0.00448500206881178,0.026325386392128277,-0.009641186859967909,-0.002604109739382748,-0.002247264260244385,0.015592363192310684,0.009312184694748158,-0.021580420997673763,0.01210331402429992,-0.010693572990426736,-0.016884102337981714,0.00646127560778924,-0.0059744688581410054,0.021848780868512094,-0.006665909239924622,0.0027190051488276005,-0.012424659065032253,0.00016690866086610344
2026-02-11,-0.16321546646027046,0.012065150379043843,0.0008270354292198291,0.026377625885647474,0.019142460563089,0.022071667823855376,0.005616921833681291,-0.0038968096708369357,0.0065310011411381175,-0.007485056070070155,0.032103524950187666,-0.026948839233814914,0.028587658006310482,-0.007489366727058213,-0.01048098863735688,0.016913523595767456,-0.011179900453309589,-0.0043012571576655795,0.02120501789650779,-0.006284678672725703,-0.012196962026174324,0.006005909984374045,0.0050153660044753405,-0.023967924068123984,-0.010452194678509004,-0.005786542004276544,-0.01307239067213044,-0.01733111686058838,0.010409382502663819,7.195413043381636e-05,0.006240647963098819,-0.012877932737198077,-0.008147286526548284,0.013665932531386593,-0.00693512896549327,-0.009876986115874318,-0.00472729625031478,0.0007139986655681058,-0.0019460445389687954,0.0032939430574021825,0.00893736742679701,-0.01924108897538984,-0.009613382555716938,-0.0028383294516451402,-0.007439426838444276,0.005762425861295845,0.0038601521963008223,0.01653744576276983,-0.010143208457159837,0.001981130864444625
2026-02-12,-0.18669198156151687,-0.013344490892157551,0.042658510943932144,0.0013540986837480065,0.018051171308008825,0.006815707404732146,0.008285692623193123,0.009410339468328425,0.013256035019778466,0.0019165764266042135,0.02385366785074394,-0.030434962231240686,0.02223544279271508,0.012140151884950651,-0.006296125932867726,-0.024537623656814996,-0.0027427593676698486,-0.019009933384731417,0.008192149800248455,-0.0001169338773371786,-0.0018309264664304928,-0.002814368367325816,-0.014582543546139233,-0.022575310222773842,-0.003490061103295833,0.004581510080527168,0.006062633655931706,0.004480894292868187,0.008807763281314078,0.011815931972173207,0.030585366504754182,0.001691221620954387,-0.0017082798329220025,0.02306329033373379,0.007873087998006205,-0.006555648674572785,-0.016849498283009648,-0.004538046856464398,0.011134074758731249,0.0035677439393725914,0.007550785614759042,-0.009902062937118355,-0.020674193559825492,0.009369013998033367,0.0012046158724225338,0.0229689495045005,-0.0033533205964478255,0.008725701940891438,0.0014361149722159755,0.0035576582313024603
2026-02-13,-0.17658583684869542,0.11083723944544885,0.14335183512431646,-0.07957759213782203,0.07494697974305971,0.029879724182528038,0.014435346546878749,0.039009337101381644,-0.0018369908692154964,0.008405836344369557,0.07274427601034499,-0.021571764453808578,0.01947041484753597,0.06610306759526483,-0.014609460279687183,-0.011309070416219476,-0.026229939351568855,-0.03009122982524005,-0.009196912044389305,-0.01384314192525953,0.03223929377795969,-0.04062337153446632,-0.002987349140534644,-0.08062043552134525,0.033935022649696056,-0.01966668926184898,-0.007312305945280497,0.03285216609722602,-0.0101520960410019,0.025460328794602347,0.030488577043018723,0.03101282635086346,0.02902150517263621,-0.018780110893879876,0.005801121590125692,0.008390374381951875,-0.004148028042469269,-0.011515455211665549,-0.0014484675973473412,-0.012956550426876493,0.004194887864457565,0.0022871901523212695,0.009782244744284515,0.014901949587166634,0.014508571907666986,0.007648652382018375,0.029024776425041098,0.003406765794810908,0.01422293419550652,-0.0019604185089957113
2026-02-14,-0.14736916454699536,0.19721493461403655,0.09402779925921904,-0.13512531238171938,0.08958934035892499,0.01298975978082673,0.03746107824517797,0.005362020773984429,-0.054572458578176934,0.05587469275569575,0.13027045600068224,-0.06564798357964251,0.10431012209867727,0.04990469795507264,-0.06349648597010372,-0.03846886332624753,-0.06894686755046478,-0.04329528397608722,0.04776158124243765,-0.06764095949581433,-0.03723648189437541,-0.04538511537062337,0.027446897327341818,-0.05580459287770237,0.05959277277076333,-0.004227375865198439,0.0015714084986782504,0.020582833649871474,0.008304228639318907,-0.02775272387520895,-0.036299235000281684,0.017956897488511866,-0.024647344528197328,-0.014453777771245112,-0.004565011778748776,0.018785310502800665,-0.023033131389461513,0.0017082218662836852,0.018451732436835407,0.03813084442723037,-0.03243923598383367,-0.00032916386899170086,0.018689803735963708,-0.01513448898857189,-0.044733222307338324,-0.019414493384674835,-0.022150393639697674,-0.06063632004858141,-0.0754647249924333,0.010518662795223623
2026-02-15,-0.18730789249301777,-0.0559920939535168,0.0035604114585066535,0.030148431567450246,-0.011847088829893129,0.015793757743830253,0.016282254465209513,0.0075157595153308825,-0.0015848337449202352,0.0064979420136006116,0.025795718733885784,-0.023364210663880645,0.033257204689837644,-0.01375709409945111,-0.005460755027071438,0.014491683198600691,-0.006636842487676032,-0.00119427324127738,-0.001638188421422944,0.013535258192964738,0.006230862366542232,0.006366966594246625,-0.003113494218154322,-0.032800382726226214,-0.02399013241019108,-0.0036548891269423574,-0.003963693985240955,-0.004283984303549637,0.007253179134899313,0.0007805516514881193,0.004263253585110721,0.011480846635743898,0.002537349301683673,0.0029778265112958067,-0.015762825968768334,-0.006142844998324865,0.003957702589567138,0.004731202331385365,0.007042797814220273,-0.014748352873697716,0.003911262338638779,-0.00908156714042104,-0.007872791538410364,-0.012824743955659886,0.003185803122542227,0.01614773193931589,-0.007106395355550556,0.010239228464468756,0.006293411518390485,0.004992262882290672
2026-02-16,-0.18166053080762817,-0.009707123948456634,-0.0011104011606551856,0.02031930573113069,-0.00694544080982894,-0.012266947781103273,0.008395746221169594,0.02365233833016202,0.013092264262577506,-0.0024631749808260244,0.03434948272447504,-0.015504272437695485,0.023432258383034255,-0.02251797438268712,-0.01118926751690972,0.015410233921995177,-0.02513162762687129,-0.014360089505714125,-0.002699326848190439,0.0020320621813109223,0.010758028469890345,-0.0035547813857660067,-0.000420984968199835,-0.0340147812744426,-0.02073509481507189,-0.011781644848102811,0.007425166216023015,0.0008365956094126051,-0.006455732650729604,-5.00295343160947e-05,0.012162565193940772,0.007904356173142049,-0.003458380078609968,0.020308880392546906,-0.009927555911981025,-0.019987380026116257,0.015165378188683154,0.0035214550993996974,0.0017574588534889273,-0.0019782559789318227,0.011747844487985206,-0.0073972951102713866,-0.011631101384853444,0.006453644555386425,-0.004637828225940644,0.011982999732635365,0.0035984481818289644,-0.002840335967791149,-0.00835436386838873,-0.0011015980544380533
2026-02-17,-0.1837096657027193,-0.0063005570498595185,0.042928525474298894,-0.018153716665894663,0.03497869448854562,0.02155716769308557,0.006883043094925413,0.022089868505329357,-0.009369067487533154,-0.010090819927090267,0.056923554483035745,-0.029135327535328742,0.0645489883881504,-0.006658263462377551,-0.0196629668026031,0.004928817692242381,-0.013860714569447173,-0.0024885063775381073,0.01054948569869413,0.0004758306579887854,0.00518387141769255,-0.0005843706326848298,-0.00992341740832923,-0.02954576877470045,-0.028829626519697643,-0.011102982801015496,-0.005778875579973587,-0.008262959316527353,0.011707627259040428,-0.01115999885115233,-0.0067190362401544435,0.015854957156100184,0.0070518201289002935,0.01048183530434509,-0.019075876278202133,-0.013611373782089011,0.028228574634774833,0.014640364258317698,0.0003442832286383404,0.0036632627077439125,0.00832375160211099,-0.019552036061065578,-0.01625156956157332,-0.001627700039587295,0.007430262991197672,0.009826141076265876,-0.009138299974094145,0.012206390362445774,0.0022669851818329944,0.011492487251566413
2026-02-18,-0.1839267718910952,-0.04374967230741152,0.01524945107068459,-0.0034803674350771378,-0.005501732088871648,0.002647032261755388,-0.022513894886494388,-0.0008986867899095997,-0.02710311137323383,0.019635421422489432,0.02712401967388759,-0.023051153470424593,0.015128196445932156,-0.030840605685712643,-0.012285646052602807,0.02087774253257884,-0.0012254043603915198,0.003189121795006595,0.013300920049643424,-0.005577704895957628,0.0019121102715047144,0.024227689174212277,-0.0010320423110299266,-0.0014108458324795944,-0.008553478279126735,0.004118143713873498,-0.0032232026483408256,0.006026348564146972,-0.00752193277142655,-0.005809135772469159,-0.009176402060020147,-0.007477975875484737,-0.007865908550216759,0.004338577895477302,-7.983858593368142e-06,-0.02337674408711623,0.0010581342355864875,0.0029499153334278305,0.013300735857552516,-0.014127936765870193,0.020876551306936806,-0.02556290106724863,-0.01339100164474865,0.008781088747415275,-0.008553015003646016,0.0060993318261666095,0.017336662086806523,0.00952003517232333,0.008623260008446808,0.0004296545031140834
2026-02-19,-0.22529107063989698,-0.06350656252084853,-0.010177284532458617,0.054313574574269684,-0.027590422143449075,-0.01540579675775704,-0.004870272036267307,0.009743308403000231,0.011006551271557316,0.011324925514402607,0.0013961399937953878,-0.01508757146110457,0.03667800783102133,-0.020283859540897634,0.0033928431417323485,0.027732314678652878,-0.014592808725025216,-0.004925201670596441,0.0011810168678711402,-0.00063216022079506,-0.011044134910238352,0.012680064809211146,-0.0029972236755268053,0.006671736745165554,-0.020141779340314702,-0.00494220272108064,0.010898160774075374,-0.0066933405218271656,0.016710201576880506,-0.010363614861573162,-0.003441829266727888,0.002763980666085974,-0.0020082216468473853,0.0007868912092374722,-0.007514365889152507,-0.030876084159232587,0.016320591080983226,0.01486298492545126,0.014351768589283427,-0.013997925754314411,0.011486526478397619,0.006700642562781121,0.007864699042945948,0.006622594920143379,-0.0014058556925494452,-0.008720671579159763,-0.007871942969652072,0.002520467945125224,0.00910482888157264,-0.0017088763670416595
2026-02-20,-0.12525582771213895,0.0025091862199888206,0.1820865074281403,-0.21182516513720118,0.067033186899379,0.004811101232953671,-0.03623937326846473,0.07769081870797737,-0.07879518740480282,0.07327994730545592,0.09710561437082925,-0.012912433272038008,0.047556678671308854,-0.04723173119780622,-0.04622375131459879,0.014942213861958103,0.05938538620588052,0.018918237725268763,0.023702922656225624,-0.039003517874252304,0.0177679043317597,0.03432646056265001,-0.011109105582590118,0.0038805879643357267,0.002964194764329148,0.022460436215619384,-0.014947565233442697,0.051827189174601156,0.020039013017484873,0.005466472090663246,-0.021108146847624708,-0.023594225466559093,0.017497766565687172,0.012433581784504056,0.03317473279837772,0.004701645462840339,0.02349173102327208,0.05838677928638242,0.023191730115682638,-0.014162695796502598,0.021798337815172965,-0.06230677058157763,0.009703822951214467,0.00865856893324536,0.018031115064978703,-0.030727804046995214,0.024263439674543846,0.027175604325968588,-0.017120143865618716,0.012581506718390721
2026-02-21,-0.08491176945797717,-0.010464952025159948,0.20441659867740156,-0.3144702286480531,0.022381572540165266,-0.011824006180246835,-0.028441846279791717,0.07725348802664726,-0.10162226568847954,0.06293731890730304,0.0954128575261166,-0.07635053545877686,-0.000738730160155217,-0.05619350148958726,-0.012939763205889623,-0.04141105617160897,0.09126892406744083,0.02087253432479828,0.025947160857805514,-0.011487449431732657,0.060521407250996195,0.038032222351010996,0.007218135728754567,0.014253832786098234,-0.000430698254265603,0.03135785842583074,-0.0073949373898039,0.04919206258565955,0.014659015182115888,-0.012048031848829159,-0.04899084541310799,-0.0014088663090875617,-0.004291106313991276,0.030955713330653695,0.022631588490117614,-0.009111462561010341,-0.014121678740463604,0.06802721528431106,-0.017419971295520618,0.01010591542631868,0.027935551731161145,-0.07583164331400376,0.03357149904582661,-0.01514604143960665,0.023981055905797896,-0.047975217974766615,0.01777956616117119,0.042623475555577085,0.016425721599711045,0.011103051494862543
2026-02-22,-0.1464134057279017,0.06852221055580511,0.13764840634443376,-0.12467597143396604,0.10957132066612937,0.07810197158950083,0.012727369769729761,0.08523610832701117,-0.004579507701302555,0.015081151048684207,0.12870771173091022,-0.06347247843570966,0.0845606947001272,0.024575387767000488,-0.036233477379669844,-0.0033035382796742867,0.020887063747931565,-0.06315897185920648,-0.006200324234369946,-0.04544961375048829,0.044722327638918334,0.01267111905597961,-0.08167865559073552,-0.03270725213105104,0.0013278737161259789,0.003499956599757858,0.0160344570837841,0.00707671111690429,0.015127272509681025,0.021981861348156054,0.015775373394264283,-0.007920887043148826,0.009409534741214897,0.025911048798707655,-0.037334860133321976,0.003668348259318542,0.011964714931811633,0.025630411210296293,0.017096150595342346,0.016817071477069366,-0.009602732367828642,-0.012695048500203787,-0.030867032131582383,0.01483339217791339,-0.012800697234255998,-0.009642784027020245,0.009660219743264224,0.01969912986249689,-0.018948144986629754,-0.009746924819681457
2026-02-23,-0.17994386598339362,-0.010501112170110153,0.008278199714430326,0.025959566730346183,-0.0021268135291412672,-0.01636934656883579,-0.008697635484875522,0.017893306558007194,0.005063357056864557,-0.004348704889679673,0.01845245299441169,-0.009388016240783155,-0.0015217246867266095,-0.01796781488437787,-0.0020636517359594337,-0.007515225227872486,-0.007546841254740326,0.0032423430627083407,0.005045788389481173,0.014097589904109302,0.007468699136149131,0.0067922708058895664,-0.005639231691355604,-0.01099143639003997,-0.03392307448265526,0.011447287866895674,0.005222729810390587,0.0006206419371194193,0.019719581859359216,-0.017470269707309718,0.014766790486250533,0.0029344071531866973,0.0028652217433984425,0.018100625128290974,-0.005486691581810813,-0.027178125815219317,0.025380544699210226,0.006135697225155102,-0.008108416233793644,-0.004883289862465633,0.01568728958208922,-0.02009500017536587,-0.011235601162613771,0.0016834061690482727,-0.00016129580025923932,0.004417105761453454,-0.008477833230271648,-0.0028215478087309223,0.014751247599634509,-0.0020486530142039953
2026-02-24,-0.20016482845099914,-0.06125604849530917,-0.01271866260816354,0.039457423919247996,-0.037731863822270804,-0.028472258942048294,-0.004866063866504318,-0.0009600013250325045,0.039787258777462586,0.001375021517249567,-0.00830703032410123,-0.006956685601473969,0.009748023550656786,-0.009282797079657588,0.007006558492174352,0.0061679986931380505,-0.027544097732028996,0.016732216056661163,0.011152459639534667,-0.011502335311245587,-0.011132680298454451,0.003461149633336458,-0.0018987640650933286,-0.013650183066109997,-0.020126409955506755,-0.006783243373716915,0.004101937181997493,-0.007102519274023499,0.0012780279969398722,-0.007561662633704622,0.012686570744116039,0.009067498530296004,0.002365829135299722,0.009703951180810287,-0.00023846957709748888,-0.010211138650405736,0.009833013020678938,0.01430792554324266,-0.010309948558370917,0.010212771121498392,0.01079266278449129,0.00010280418578391622,0.005788117815890746,0.0006671953253874138,-0.007697425093540588,0.008927218289176963,0.0018962966089787093,-0.0007259229236441568,0.005894564883620839,-0.0017159547165659303
2026-02-25,-0.1326347863488869,-0.060133842453760786,0.041364363062250074,-0.049866323815454056,0.003909409046641336,0.057014081635268034,-0.0023898117815826197,0.01887596232901732,-0.03671363134482447,0.012326120416569586,0.016643880449819886,-0.026672941642324866,0.04533818298220631,-0.0006914357553155918,-0.01734268113901514,0.0031954169972917344,-1.7864632340026997e-05,-0.020693015876041398,0.03455015917929682,-0.03005783335410303,0.002575632596124516,0.003230978239496045,-0.013625031753079477,-0.0026049766216807014,-0.019148681049897896,-0.004932750520818598,-0.002011975931303904,0.022017310052568694,-0.006977098912775971,-0.001542222655689402,-0.004881114373833131,0.007479889455889802,-0.0006202401722326805,0.003404779403434339,0.007757730643328315,-0.012553524269822912,0.004722725601295826,0.0020037521930397475,-0.007078240540112642,-0.0024239769134023264,0.022003564054601975,-0.005302893058478599,-0.009124431211748421,-0.006577890110374858,0.001256099748749756,0.00339862346064345,0.00607864274829642,-0.009499192010783997,0.0007358936787218035,0.002327106272047388
2026-02-26,-0.2028768904242192,-0.06168401149437862,-0.024419868710457895,0.031361805646828875,-0.02651263311297254,-0.001992303627550642,-0.010053316308316398,-0.024996603166551182,0.02487019544457114,0.001346924595100242,0.009762839680279264,-0.020675415737218213,-0.0007862413104302333,-0.03242735625858327,-0.007614738178496078,-0.0026264135566464227,-0.010020724741425058,0.021862035884180838,0.007898823345981793,-0.0176479038056623,-0.016834649137106125,0.01173687735704633,0.013319587902356548,-0.02879953867564604,-0.025763952501766257,0.00037559915817395327,0.0060819238727316035,-0.0017793961753327365,0.014520780301791786,-0.010333117033547954,-0.014041478058720443,-0.006989062596153224,0.010237759220562512,-0.0012245269074781509,-0.005465544397807403,-0.018527192100008798,0.00979931917862174,0.012375243214237453,0.003941381999025616,-0.0006496627899921646,0.005591786228999898,-0.005496659268427095,-0.006773666264745181,0.0005569853400077379,0.0036372155649819276,-0.0031417890709233456,0.0009210440405900189,-0.012375699692769788,0.01664114015029872,0.002031543032561144
2026-02-27,-0.14834905074786905,0.06979649097482174,0.1667919866547643,-0.17725314362447625,0.09344016689444351,-0.002529976554906192,-0.0009669611608404516,0.0654651246040573,-0.053752830944969784,0.010112592192314094,0.06579045951555451,-0.037513906385942646,0.035023529907697734,-0.01653491000186084,-0.03190499935010277,-0.005048560107783569,-0.007466860571797363,-0.055913409584198014,-0.018056430896928058,-0.027535467382175893,0.04024455603722794,0.010794087679914337,-0.0551993436904174,-0.011764955088889962,-0.015402196325756987,0.025944151585311766,0.0329130060032046,-0.0023740980139445047,-0.006176775253542185,-0.028812128225895076,-0.0048642566090590506,0.0031081211068113503,0.02156165952764377,0.04608638893826631,-0.028275132308756747,-0.00962997483431185,0.008169902958314598,0.010863086525538313,-0.037529841627681484,-0.02346065358172387,0.011349546131542184,-0.04938753317033576,0.014193973344732259,-0.017271849338543994,0.004725115965745494,-0.0102112860539282,-0.003111902066689447,0.009962452645556247,-0.01603954546743942,-0.024315452667973542
2026-02-28,-0.20445984734135586,0.04248626508500706,0.2612147486748283,-0.18636801355090848,0.05874615006548839,-0.04105904881309477,-0.013457830107265907,0.025728444519523594,-0.1522674737763226,-0.017416686991093486,0.031088366379748916,0.06611293252213726,0.03618548158188291,-0.009332474446644102,-0.07271606515819636,0.0029185537715252898,0.08071478739480656,0.009134927854955925,-0.021933606428734084,0.021387905731490617,0.06685357528107386,-0.04555605551848358,-0.014775848661932668,0.020007953647255824,-0.10825847442252205,-0.016841139234005348,-0.008800454409322023,-0.05042704901982393,-0.03219143800575038,-0.054203191388381484,0.002431499423427584,0.0019667027588999198,0.00513686583921031,-0.007175405193341302,-0.009655253530254315,0.07620934656744903,0.024659354826066113,-0.004718511832078493,0.03229043179260361,0.01838855645622367,-0.007828151944860242,0.022165502136049984,-0.039185195675754986,-0.029292619377481136,0.004948121495481148,-0.015907572028377788,0.0017925578349199604,0.02259426779110696,0.008828827851106134,-0.002181165176673237
2026-03-01,-0.2579790847204217,-0.027568929337428195,0.0816240443602048,-0.03695222516525828,-0.012077164178358952,-0.04849309955133533,-0.025513915279779347,-0.02007204667544708,-0.0645782968428186,-0.010151467300383174,-0.013001368560526621,0.04499357705926735,0.001051261737634293,-0.004036958611755204,-0.009826061762110722,0.006304720647272468,0.015049439455889565,0.015032076011720106,0.007317119159861716,0.016764442569074604,0.028574662489714124,-0.0175217617073183,0.00039851294292885236,0.0015292841792312994,-0.049800830701166685,0.0026954936240435835,0.006437418407215281,-0.017764105246034875,-0.01982329608642094,-0.03701002662531201,0.012575898410755326,-0.0028622597852975963,-0.01617028069631231,-0.0041050141513702945,-0.011205400919430935,0.018987289516095466,-0.003331349536765734,-0.002263502986677463,0.015481165106123051,0.0028285057739449123,0.006858566441233558,-0.0021229853321241454,-0.012459774771854972,-0.009446162426354985,-0.0004611227449167496,0.0029113013798811285,-0.004113800183292102,-0.0003985919837659982,-0.0005685617901781583,-1.7885260722268135e-05
2026-03-02,-0.24788745069028728,0.019948993776326265,0.1733682549518095,-0.1052051940721109,-0.0018324937124989786,-0.055912429111473566,-0.0071070849205590635,-0.04181840445918657,-0.12440571014058999,-0.012187041775929877,-0.017888695122534635,0.07638106455907968,-0.00035404560035985996,-0.007905437104154929,-0.013153131786318484,-6.829865479731778e-05,0.03392902666205201,0.00992648912172017,-0.009603956849430315,0.035610833413872195,0.015354239920544957,-0.021118025546797037,0.0035643980200724284,0.02596519583110434,-0.06508396083779956,-0.03156461963523615,0.028460991105399867,-0.020996614632466007,-0.035478871199424784,-0.06589170197573464,-0.0008318801756184377,-0.001536550872350879,-0.01118501404114637,-0.001908767046828322,-0.007065923800058262,0.045859332424692555,0.008402320899721035,-0.014642652115391102,0.01478475072811632,0.026005640510371738,0.0025765769494770032,0.0071190859767240695,-0.015522774101266172,-0.012041044243546517,-0.013653959612788206,-0.0157863486166619,-0.00031368074913951734,-0.009462904809776186,-0.010058558366570667,0.00045197616859154354
2026-03-03,-0.22981766815660512,0.010280144527028147,0.13447108564448687,-0.05388951643704469,0.03711154715166982,-0.021814414717244456,-0.009389124191877254,-0.02338525693005698,-0.06701791094828763,-0.004876845742275586,0.024767292748161095,0.02379198307010563,0.02022353294915921,-0.016880551257492684,-0.0349580557181524,0.015895304830796476,0.040235140420623094,0.004199939875488704,0.0022855138669280115,0.008704070238253907,0.011589180871365404,-0.004496695580284911,-0.010036326791357497,-0.002039648861608811,-0.05327087456467591,-0.007557494396135893,0.006897324245091027,-0.004357934033551167,-0.001003966963314759,-0.03849058424857289,-0.0016583369861604184,0.01178115128908304,-0.018423128583770678,0.0068773249055655555,-0.01069017482388128,0.016155039024583765,0.011316329948710804,-0.008289332505472553,0.025901895272699243,0.005804735184415983,0.016388980596242213,0.012951720450279572,-0.031075070816738357,-0.0056969118134467065,-0.008035560123445808,0.0006160413104614593,0.008811107273812643,0.0034318521024922087,0.003342657683280223,0.010757513811561602
2026-03-04,-0.24700541539957346,-0.018211029534022764,0.08505124265756246,-0.03139207493546711,-0.0046507399703999116,-0.03808450738816241,-0.014639051789184662,-0.011614121787472533,-0.042618222451044845,0.0027713653635024083,-0.009410140890872876,0.026942173659828955,0.00019729988982240088,-0.016125219309521214,-0.02947571404641686,0.015877921569815108,0.029868632579078225,0.022146204521365846,0.0003518329422280478,0.018001500942631306,0.01841426302982182,-0.010125925647416574,-0.005485721675832661,-0.0002722449184547689,-0.05496388376402059,-0.008337108439475195,0.0119031988757371,-0.02563596735835776,-0.017492595860903893,-0.029944464461152943,-0.0002719016104946918,0.009066744574443791,0.00045219328746483377,0.002645980449946854,-0.01369425549774475,0.02430677571982664,0.009844860064648736,0.0016273015065588368,0.02370832638150064,0.007085639579564314,0.0064549432906634615,0.006479759869585343,-0.005572983433792164,-0.0015997518945701525,-0.002061904027002105,-0.003001006138525388,0.003067274643883847,0.009486740608839228,0.004384482032006827,0.00492779585444074
2026-03-05,-0.26230481284098617,-0.04186271564605792,0.11295656433482472,-0.056312426441398784,0.010109711336824364,-0.023428039551872712,-0.021640185527434234,-0.015782017680643662,-0.07806266610018507,-0.006032005729779546,0.009926474515537973,0.04213617124652509,0.002528557604740262,-0.02032657644242301,-0.032286102261749106,0.0172395383611498,0.03688708759451499,0.006875906243362504,-0.00461392977324011,0.014034937237613933,0.02440438165587943,-0.005770218506003269,-0.013907580809722112,0.017400705517245683,-0.03278304569560774,-0.021602960655044325,0.010216429958285521,-0.012583419951657604,-0.013772534669133219,-0.035148516940621065,-0.0032908934187793584,0.004124849432599418,-0.016373498746828755,-0.0001782895590579109,-0.0008633398226550241,0.031023979192168292,0.013706382018595432,-0.01262198374947269,0.024416215671836695,0.007079767705344585,0.006388015218737098,0.012509268976523562,-0.011655033526530474,-0.012196442405116402,-0.012360662391365027,-0.0010089686288898626,0.0006075430521071222,0.010832224639076628,0.008959332012454427,0.007951739274562905
2026-03-06,-0.2552619465576271,0.04079285004703927,0.26612148165002736,-0.19973423128777462,0.054503370720403906,-0.02627089795961191,-0.035760376466320125,-0.032733387146442576,-0.14557748320232283,-0.014269840363160466,0.019066410310337227,0.0505116168009604,0.006771611581089851,-0.04180758897845722,-0.027873299308422465,0.02374705240996809,0.058317268835770604,0.020472111798607442,-0.010485804594565341,0.024251126698782946,0.027601845720802157,-0.0010044669687171229,-0.021069047870420902,0.01998470759197437,-0.05399443194568385,-0.026174741342948882,0.00445060779133957,-0.006763150089686954,-0.017575905723054532,-0.05278337810741446,-0.013792489461970814,-0.000399174343990392,-0.025001533992281718,0.011261813451523441,-0.019043260035451613,0.053081298426777127,0.02180620129755737,-0.008077016584162489,0.03589314982912812,0.0416709388124887,0.017146450112391187,0.015140346092162195,-0.0240710595501397,0.0012380105034881664,0.00021531648282365287,-0.028234742687818382,-0.004833362021362015,-0.015912864017537106,-0.0030728105448866085,0.015482992470171547
2026-03-07,-0.20475550239873072,0.039422902835031755,0.2207926134356466,-0.1299914665665081,0.06263953761180853,-0.007456136618001409,0.025656188116667665,0.018119893146988256,-0.107841212139131,-0.0006066906139634355,0.06712909367681374,0.01521104019922928,0.07063476372232375,-0.01692266390395028,-0.07312314310645382,0.0019315100647884285,0.07570641023366449,0.004850459974648762,-0.031779675443671496,0.043376596328772936,0.07038817344594518,-0.03544591343608069,-0.0009159394355225782,-0.022810351262690782,-0.08393664888344263,-0.0036085637357073474,0.0035452166877652865,-0.019548073804239226,-0.008387067994797338,-0.046632891923754964,-0.006870440146282837,0.02482928829381835,-0.02332211196549911,-0.003126780948230206,-0.030201164203142443,0.05838395609887621,0.04048758670376287,-0.0014557593390594472,0.020882159743598628,0.019859047450682097,0.009394799163572717,0.026675509603104886,-0.01386223563554413,-0.022627338124939392,0.017803389254195195,-0.021656298051139618,0.007751634497229816,0.016152754780157503,0.024223457570259625,-0.024870354694199858
2026-03-08,-0.2517452246188266,-0.08625347346100196,6.119997958298684e-06,0.009961357874421024,-0.05219267641611929,-0.01586095347392746,-0.021320326806897424,-0.035938090644980956,-0.011018525866626178,0.015137365695661851,-0.018282414845167138,0.008951214031599417,-0.019147756049124443,-0.022871968752184287,-0.019607889481702702,0.014108528928842543,0.02791537669783152,0.010155920624195531,0.001137825958143113,0.005089313217177402,0.0020050986987505625,0.0003692585875353932,-0.00792189290663762,0.0029762950844272945,-0.025995136055752526,0.003919544215226441,0.018571485306855807,-0.011993400294418107,-0.020780126028383483,-0.029626771440195973,-0.01254766669149641,0.008666484322789405,-0.006594701478182021,-0.006554414006950839,-0.008956506732931852,0.010185052347243534,-0.0038949201324452215,-0.015434747635055078,0.014184351380924528,0.01050901566230355,0.0058591523042565655,0.015048551380812968,0.0009859920139061826,-0.0033227374420890573,-0.012916510225078701,-0.010972084726950614,0.00459999913458242,0.01067962490471134,0.006470802905181013,-0.018344266178076215
2026-03-09,-0.2304952518124595,0.012989110443437656,0.11495139477531856,-0.062235110178980195,1.500031132314868e-05,-0.03131764173270063,-0.02408288722515034,-0.03482609797933678,-0.08634640736904829,0.005369325210439388,-0.005541535719199937,0.04445936042930445,0.005793612907286544,-0.026911154063453867,-0.002184637585703252,0.014560003506638516,0.026066257098631748,0.009138088757994765,-0.0025967087770151207,0.029378536404298668,0.007165442593822889,-0.008813699784042936,0.005975682918036609,0.007104616139566878,-0.030680436095719382,0.0011959151005416742,0.01890326307751713,-0.01769253287878442,-0.029644534551563604,-0.04927960678490508,-0.0033572203263457856,-0.00121651830140042,-0.006045571319105046,-0.010348377277849442,0.012038459560153258,0.0230454636944976,0.003604150109099965,-0.01173816747382804,0.017911008274686772,0.019534087164167064,0.007177745786560406,-0.001241958924910136,-0.009564988325155321,-0.00992577739840914,-0.007827515575469707,-0.0102779660098181,0.013055160394695509,-0.003343167633866058,-0.00559457751298945,0.0017405477027984785
2026-03-10,-0.2664078942131931,0.018201445367316063,0.09963207348487257,-0.02576406877445283,-0.002275402828261828,-0.03531037023397977,-0.0044096569561989755,-0.04122853851063121,-0.04199769281607395,-0.0030708472055049067,-0.024827223487666403,0.03339558514134818,-0.01805496646979542,-0.008084879146861911,-0.022694916522275725,0.015451857891216286,0.016834633480261978,0.011801509544464796,-0.0022762068225886524,0.016941494605812492,-0.022485169879564764,-0.015190799229629043,-0.005317509812521217,-0.0040902450620586015,-0.0562174551793829,-0.013478845939166668,0.020480409700044718,-0.022076909124430274,-0.015651407182377605,-0.04668270310443998,0.0009121009195292477,-0.002788840230185159,-0.0031411688778808003,0.0006469939096669035,-0.001603869964491551,0.03095196442917821,0.016647419462566735,-0.011126953659485943,0.02534158870457217,0.013492328710123513,0.015013954045621754,0.01919014792049923,-0.009153791026745456,-0.0023878950996675287,-0.0032154564317759173,-0.007055284196909364,0.006475806998062269,0.0005228347290919251,0.009354562472241479,-0.0022196957571178942
2026-03-11,-0.2412818002366546,-0.038499139934158454,0.08071487007300958,-0.029375998436106835,-0.008811238884670431,-0.04183458492328278,-0.03098706808578611,-0.022046386251099503,-0.05522475511448527,0.0007846946460782642,-0.02093286096084453,0.03355606068639668,-0.004779032420027822,-0.024707336121698776,-0.014552930342024848,0.011841351081148354,0.023604801477752936,0.022587452731666912,0.0076826953044048145,0.012343550151331891,-0.0034231063835470734,-0.01535822012899275,-0.00015622694901852992,0.00387393666829652,-0.052052483181397234,0.004373499104220734,0.003044613403567103,-0.01577850485433689,-0.014174274119048197,-0.027475076005769587,-0.004777693566812731,-0.005886741899220451,-0.013472995538895766,0.0005807285577078658,-0.003098387443881123,0.009532966288654958,0.018611357658227357,0.0005305549924659293,0.00525445251127383,0.007616405425632219,0.016784104526546106,0.026208566780567683,-0.003348710567555871,-0.0014757153554779718,-0.01029217299860123,-0.009905951706186158,0.007204091203375377,-0.008047112003680084,-0.004422343259267437,-0.0054561153996864524
2026-03-12,-0.2338416411613389,0.006492965957206974,0.10832145087627877,-0.061071026237897424,-0.007156961244512738,-0.043475575477765725,-0.01693295549997005,-0.03261038500921063,-0.04860146006358261,-0.02341462861024949,-0.007351825326790391,0.021028858103530935,9.819949071200674e-05,-0.02106776474016991,-0.0036734697666698816,0.02814622570790337,0.00494545590293239,0.01496754754035112,0.02139941925566178,0.008320407493771777,-0.011653748506119518,0.0016904429692737066,-0.0012417479320114351,-0.007172523019591695,-0.04953257622144072,0.015326255136752976,0.016080292214148226,-0.012296999841350617,-0.022255372018900623,-0.033281482274046724,-0.010913880391759766,-0.010381821385433995,-0.008644957946120895,0.0056530745684009965,-0.0014200685149586636,-0.00798369373088156,0.014640602446414842,0.002905940294285676,0.005070674063940021,-0.003434845080604681,0.014874972463423761,0.015589654190018745,-0.008297313746354082,0.010885771533920634,-0.011905150505754379,-0.010075051865065306,0.014825024404650949,-0.005058662251590609,-0.0012397565999274706,-0.0017886226345638632
2026-03-13,-0.265709939309357,0.06849818058180891,0.24517059938686328,-0.18565319152403945,0.06302142902644349,-0.039441028758854225,-0.009652674228060218,-0.03919114583934679,-0.14902493703032893,-0.016575799282874674,-0.011524896174910423,0.0586536590227246,-0.0099595562558331,-0.01632531543874833,-0.01830927436673437,-0.001410413383154353,0.0589510410451522,-0.0027676986601246085,0.009411382085197444,0.055634738937136496,0.03094630098525211,-0.0058742381927515885,-0.006465192414898781,0.03152297466946015,-0.03307517968942652,-0.006857631471890192,-0.0007901315900256922,-0.012450166850308315,-0.02648459693452065,-0.06553758085972475,-0.01986982107213398,-0.008266697484207126,-0.023271946772843735,-0.006545892572913273,-0.004908370843402949,0.029105337634468882,0.013282837600903647,-0.010031854251933037,0.04107977425585063,0.025766899395126667,0.004815708394561064,0.006488442737856426,-0.010305110944819592,-0.0030442007320657214,0.02142605506917772,-0.019669687414377652,0.01084487265570065,1.6588882265884134e-05,-0.010888742820825362,-3.766941931550574e-05
2026-03-14,-0.2577183301170197,0.07171207453921898,0.2510959208503243,-0.15516661462614764,0.05883865336289295,-0.0554506035208165,-0.012435886708212053,-0.006347010920776392,-0.1317612424646988,-0.012370222075091692,0.025638131390618657,0.04377812856351905,-0.005503377409635857,-0.013457950822470444,-0.03686521987600695,0.005379048470818857,0.05144709209495378,0.017361921619857355,0.0034452072350421984,0.06993795099047952,0.046536571705607654,-0.02309186870873398,-0.008332199957234615,0.02345252381043581,-0.04958418709758014,-0.020261232757559176,0.017249295483722494,-0.004769308931960119,-0.029361713097970647,-0.04682333374931996,-0.0003206040126374481,-0.0022807530877710395,-0.016965396895856546,-0.0011879638532569414,0.0007532334871219375,0.057949012926749734,0.029106656234439778,-0.019494910278157886,-0.003532198025160039,0.02801452275753959,0.012102439999374937,0.029018717913927676,-0.0181943154194799,0.005515625550086086,-0.002090750789004958,-0.008151374718292016,0.016294540054369522,-0.019179324118766744,0.005135627821266915,0.0025417021773235958
2026-03-15,-0.27118732571453275,-0.08851327253964687,-0.009989416446007765,0.054050643904376076,-0.053855150405836875,-0.027688133471113117,-0.026007915986924392,-0.045549925170511665,-0.0015314781888519067,0.0164571184397063,-0.03610926971466665,0.01179007903254564,-0.021130261445541254,-0.026251892955192577,-0.012424027918465521,0.026778026720474902,0.005207986921105951,0.03821009981275541,0.004484555057162442,-0.017600256250378355,-0.02994391957542307,0.01120584264091798,0.002890184799700959,-0.007839996042371008,-0.023124308694117208,0.024413264802465473,0.024817572224589197,-0.01604604794984927,-0.012443487977360003,-0.02501901305824742,-0.016675531152020376,-0.0044310839650521,-0.011199357367601396,-0.010902325010750261,-0.00858470854374442,0.0035439250011556115,-0.00815526562127219,-0.0016918795560353702,0.017068332400341446,0.0029123481642039377,0.010060229657250409,0.01526685922401293,0.012446923501519915,-0.0016154812029627705,-0.01042221378926749,-0.01293810483432056,0.003468682632420069,0.006285975302433919,0.01099877891510934,-0.0161667705682987
2026-03-16,-0.262715710881933,-0.07571426945403821,0.04876383788088779,-0.019183505526447996,-0.02922414714090954,-0.022993707349500077,-0.033782447261719306,-0.029333979674198637,-0.054317101540079044,-0.0022427695760878154,-0.01156725204433976,0.028005786875919588,-0.01923038607555234,-0.018881987938465912,-0.014274866487359275,0.03077119620298176,0.025501866164310077,0.0265566594135775,0.014019327908403476,-0.0021087891935714577,-0.012010833471340314,0.005684424083154204,0.003814265434193896,-0.0018587735214033838,-0.02299529290165739,0.014466251508292853,0.002945581548306248,0.0015264568867119654,-0.02246423811911078,-0.02884372728727282,-0.011746613765563943,-0.006048850943028423,-0.009244066023912735,-0.009508659407081293,-0.0030329267023569096,0.013138680980499503,0.0032860113635493045,-0.008014964347625822,0.01425471196806971,0.016821445897705244,0.013305060596320228,0.02805800684799749,-0.0050001936798864215,-0.002520635900268364,-0.016556407741212784,-0.014298810948184333,0.011268200563547048,-0.005530994691346241,0.0005614796643531376,-0.006720463822931749
2026-03-17,-0.25305203173957025,0.04893221678432738,0.24849118146037405,-0.17354298793894357,0.04635348784613394,-0.017915624673301475,-0.03838850184861144,-0.017868443530210547,-0.1356152147273756,-0.0015671327724351986,0.03151290115414586,0.03918373617110232,0.006118372829081509,-0.0340456376516801,-0.021264965910874938,0.00383617964942257,0.07030415569711367,0.022699151742051567,0.012283785609268476,0.040306924145649174,0.03214157613647287,0.0032425612742854218,-0.007012486472573277,0.018776244251924923,-0.06971415306210649,-0.017373260378106957,0.009808199018581999,-0.013531582206875314,-0.031007683997485568,-0.05902585565824336,0.004539683417398399,0.006605209060012822,-0.03033292557656693,0.005487718319604108,0.007068474203170085,0.05490831103530299,0.005527411384500453,-0.014812188420794936,0.051368600778310514,0.018405087011978655,0.004634549641179556,0.011875771390337651,-0.009054689802400982,0.00244858171683047,-0.015427940594821443,-0.011483966056624561,0.009323953520302375,-0.00042637177769736884,-0.014403980878916272,0.006764887272443836
2026-03-18,-0.27774960882242933,0.03436796193791607,0.2539473918461839,-0.16341661742651745,0.05188914425827485,-0.04391090834487661,-0.04401621149247116,-0.0472472774861099,-0.13130464305436365,-0.011008429447929593,0.027884553179144823,0.048584100115712965,-0.02923353787342042,-0.045729062230397015,-0.033752009260568976,0.019725314115769273,0.06622002694284619,0.02206377537239865,0.01589410901517838,0.025852654649786554,0.0010286191933479385,-0.0010690727926386226,-0.011492389065678715,0.03725630073710454,-0.024527340639889622,-0.024635449581256123,-0.00970815218529272,-0.007887350703834596,-0.022566170679482564,-0.048258790906475016,-0.0020032454547391663,-0.01608946176946256,-0.05058861380056031,-0.00022619904832961744,0.0030417774588799543,0.02101526922401126,0.01104736654333401,-0.005455340497902113,0.04112486551461747,0.020859872776182162,0.016961382955776937,0.004303888571951341,-0.041648813059780486,0.016765611585281445,-0.030884351704036365,-0.007952854310749454,0.026692353917716294,0.004664344720318695,-0.0045887715121934285,0.012969649711446422
2026-03-19,-0.2876862794908434,0.03758392271517191,0.22351283062852378,-0.1545978140634338,0.05754911972001173,-0.03314247161648267,-0.035339733174662366,-0.03619763090240118,-0.1057049508116366,-0.02000609951808095,0.020037324489704765,0.05208384642584694,-0.015147820647628702,-0.014021869722591953,-0.042667818288473686,0.026903330937311537,0.04636981003367994,0.01054267707305215,0.010456068112056622,0.029344964778154882,0.02439975056164105,-0.018762335396883472,-0.004323480325034024,0.013326856460617254,-0.024359764228060275,-0.01899654500914193,-0.0038442543297218276,-0.024389933666144146,-0.022930105858129914,-0.048372478762854915,-0.0030404778642539486,-0.0035922864852861915,-0.021759281132144117,0.002358725089782028,-0.0039102339175376465,0.03098895852480494,-0.008632003213486427,-0.014625099629138535,0.03804135130044577,0.010033312757247337,0.015717871574460772,0.015991403822232936,-0.022156571649501754,0.006850842865964536,-0.01562501446702369,-0.005684999695625337,0.011688870903578103,0.001068032208553505,0.011281599701901499,0.017876222275301067
2026-03-20,-0.2831099639770673,0.030529129039392335,0.2312222454257914,-0.18372610033446482,0.055522294951733255,-0.0008226818735191236,-0.030143117632264585,-0.03560855455383612,-0.10321813489717528,-0.013913232478903005,0.02055974300197285,0.035926241353357646,-0.016701976379866108,-0.03430764330739541,-0.031608230701746357,0.012884027249075032,0.0910462030347352,0.0022392031501131536,-0.0036931722505385484,0.06116230586856641,0.037729955869644734,0.0012469222007521073,-0.02947161900775728,0.05502147435357408,-0.04757687341776198,0.01318823359128657,0.0011549224857255321,-0.014446164218818528,-0.03654290393745383,-0.052747422022241634,-0.025725668369167776,-0.023371593264158455,-0.033637190210813545,-0.004460937896948082,-0.005347538518514818,0.0386241235194933,0.008944694938092091,0.0064371143231118895,0.03622200812682016,0.009047615743012168,0.0323562692406527,0.021451963181249586,-0.043911447992037785,0.009518189990125483,0.0011905614225321331,-0.015167448262373462,0.028763650769585133,0.012552648299689408,0.00910985635472163,0.0006903360261255257
2026-03-21,-0.23683611075673905,0.06893086053158658,0.2719711728905302,-0.17937969087143282,0.09102905231711556,-0.04101013912076877,-0.020574247417807015,0.02541872934046036,-0.16536395198534606,-0.014841624957919849,0.022043113962613367,0.07696393782269052,0.04759250422460487,-0.02091183504163007,-0.057116994640460966,0.0001748586223610503,0.04798626346969331,-0.03262598458143466,-0.03580523041159916,0.027022451217049506,0.04532434915370789,-0.01690450491043314,-0.05410164356887319,0.013950517773754776,-0.08484948327765339,-0.01779725773871889,0.008107508157659631,-0.01693911330504892,-0.029376010789359506,-0.07362159728485441,0.01337249568928168,0.030572476155792883,0.006554996522998369,-0.01843670290221095,-0.011385399630821073,0.047629540869368374,0.07864107596291112,-0.012652339602168982,0.028399252954606418,0.023011582979719707,0.014582345367593888,0.03821264562471262,-0.02143871487016233,-0.01761832638564249,-0.023641531850949943,0.008390467062645682,-0.018152265741611936,0.002526175262316287,0.0004058088896076303,-0.019364185540111413
2026-03-22,-0.2552879267667238,0.12591209822945928,0.22743732584103055,-0.1241594420546698,0.08050097923448517,-0.02095807729863332,0.01662305411055321,0.004108801141527709,-0.11736207867887345,0.001598168984335657,0.03746882039132396,0.047848811745158426,0.037027719630216845,0.010025712351634946,-0.05502551607627362,0.015504770002895686,0.04327499505380486,-0.009826060488748555,-0.05363438737968616,0.04129097047384401,0.022075100663205657,-0.019279408414890294,-0.03699075478419618,0.019057298514411722,-0.061160180137743436,-0.0190120457947897,0.02737941546768702,-0.03255202394524953,-0.023121171226903884,-0.058102230679711944,0.0012264232298600263,-0.000716682833203818,-0.00038608862391951954,0.0029073751520406655,0.0003879057761131089,0.05581422911962911,0.016107486173084093,-0.01605094939976694,0.036615777935461336,0.012614910739190043,-0.0010772748333622636,0.021569878371877592,-0.021698612666605714,-0.015265433995969047,0.023089398024925687,-0.012836035082125693,-0.02114898853394882,-0.009934698600845436,-0.02510459416492422,-0.0014038556434602726
2026-03-23,-0.271394861867427,0.05538466093916728,0.22017633393976413,-0.1443540891529776,0.0611391834192759,-0.03422457263358311,-0.017291386842557512,-0.030841826502488928,-0.127661807592279,-0.01755217215109038,0.017315738488755214,0.05763783632173874,-0.008085909368266147,-0.018655873983729795,-0.04119847038438701,0.021011157443825475,0.06623039650501082,-0.010518672380521094,-0.03695312496076401,0.04292834568460399,0.01216028355982996,-0.004312539273002635,-0.025282571370660197,0.013712744330570391,-0.06961524094820642,-0.008276720878514235,0.006620876911644902,-0.029102843548657872,-0.04123366026752426,-0.03831004020382016,0.0062287493641895375,-0.010172291979150476,-0.002033525570023317,-0.014796665849900702,0.0030685228344261854,0.03292336929753571,0.02004404528228495,-0.031776260139382374,0.03981484951153957,-0.002148385815081408,0.01871370480461983,0.030129832090738176,-0.03679906015654627,-0.00010859402618984073,0.0034835269755360884,-0.015095980539671233,-0.0038968744398912092,-0.009216407954990352,0.005367061063155904,0.006094118619604646
2026-03-24,-0.2577284070873808,-0.03926742081230909,0.035650376964888486,0.020339222388557756,-0.004139885950603274,-0.013076211091019179,-0.012154217416491052,-0.012582712002652536,-0.014112540213165476,-0.004974281960707036,-0.019590866421006634,0.010113510459982631,-0.0006704192153628135,-0.011067828738914796,-0.015389860005375119,0.017580915840084727,-0.0012751687756924856,0.00824287981928829,-0.002529030324296283,0.016153449341167008,-0.007495853844829667,-0.0041059155377251464,-0.005584189466055866,-0.007242171465798976,-0.02470643073621297,0.001098113392224278,-0.00041777314135299043,-0.023574069769578074,-0.008932328622265904,-0.02622831113652193,0.0016387107039268073,-0.0006396366179274961,-0.012255782957638288,0.010690409435969522,-0.006715310390995263,-0.004960185993133751,0.010014869425768418,-0.0011746206753602518,0.00829819163062927,-0.01360144009835718,0.018544827256953066,-0.010928539383897517,-0.02478574410504442,-0.0035171388603689496,-0.00579451981442025,-0.0015783042974695104,0.0003691649447404905,0.004219689629561201,0.005268880638319835,-0.002111660963207452
2026-03-25,-0.23495223662184297,0.031216215424555393,0.13649718160822613,-0.08314382970477478,0.016124855107562508,-0.022324654096163497,-0.00429916098792989,-0.04241968471263941,-0.07369561440482267,0.006227154668561547,-0.013362103533569503,0.034224563231867865,-0.018575028639141483,-0.017432159859295523,-0.006279743541698847,0.0015645820222638313,0.02046860056924905,0.011929913316738747,0.0026263436965544766,0.041894327899308734,-0.02497404100224388,0.014856761884371685,-0.011704227783530243,0.004025058357648504,0.005398125811486787,-0.013707245561174893,0.03203473863678216,-0.008058455151163147,-0.012255828858135018,-0.046702317693642574,0.009503112420010045,-0.002193380879357646,0.004854951311549811,-0.0149505183203505,-0.016018116910412602,0.017426259036951434,-0.0024023148652547745,-0.009278147596871528,0.02538379459110748,0.013034231377615911,0.009062804197666271,0.0015694337115278244,-0.00812478254177813,0.006134902215344742,-0.010580828046989964,-0.0032464253812757166,0.012905278575630666,-0.0001780592118335899,0.006091958414231429,0.001154909246588918
2026-03-26,-0.24335981623070105,0.018891726039210598,0.13117949834384918,-0.07620605747686075,0.01548713990651212,-0.03055788615885581,-0.021036209600602974,-0.045069553256269386,-0.057872102928799456,0.003689636509727201,-0.013093967719873307,0.0493214619743999,-0.01734154927897135,-0.019236228088962703,-0.012580837764986126,-0.0013979930724191429,0.03385686144013326,-0.00016877808407911242,-0.003811241304332408,0.02462711861438715,-0.009735142709874875,0.009833099257917954,-0.015103981744878184,0.02987664847582129,0.005254543208225351,-0.0069421788662985835,0.0069853519378845355,-0.01479872394058374,-0.009770510968209923,-0.039372779464445305,-0.002048362896204493,-0.010207864856989473,-0.007906681391684219,5.2199485937200265e-06,-0.009688497722454663,0.024905004697419113,0.006022289354857868,-0.007226321768593802,0.025509108783420404,-6.783767690103924e-05,0.008600686619965226,0.011071918569690283,-0.011057070086878389,0.0005498458000061516,-0.00617324947344432,-0.015472710961055075,0.003563024309520067,-0.003095705817313306,0.0022996762148327146,0.0033151761224311546
2026-03-27,-0.27139688458529815,0.04951946585395684,0.23427077639715863,-0.16403280026706274,0.07356122402726156,-0.041900195004725284,-0.037585743369714694,-0.05957489724586676,-0.12657036974878647,-0.018727796073687585,-0.0020997444516659847,0.04643928286644329,-0.03372552722792789,-0.03170338681762948,-0.014072923764945748,0.000254845999298214,0.05681784952109214,0.0008674956689794305,-0.0022280716052748757,0.06148702996325637,0.0016162631727488247,0.009787411777047793,-0.00987766706624638,0.04660797417905418,-0.010473366828126596,-0.015186448760721335,-0.011300644155366274,-0.014339504808119989,-0.02315313722380018,-0.0630489418134737,-0.009081364361815857,-0.012416792763605418,-0.021204086329350363,0.006124124397997878,-0.00032644718320989886,0.035473965472315634,0.011319368844492014,-0.013959297617601516,0.026396387552313716,0.017565488820618473,0.023160778802367245,0.017771431720292514,-0.03807695393761488,0.009674927933350374,-0.0045816592598620035,-0.0123397838308953,0.00387285805781231,0.009593730210387718,-0.005098292274195658,0.01744457633730462
2026-03-28,-0.2940794119480572,0.04299807370523714,0.24281934375219486,-0.15215098822351814,0.06510472970966118,-0.0556917579463399,-0.03115018197782559,-0.05173268630035662,-0.11829572952225348,-0.03703184805859501,0.0006057340947236388,0.06716036481209432,-0.030287070526793525,-0.04054422412632092,-0.04706309772587795,-0.0010184382824891026,0.06886284333917495,0.017596863956651724,-0.012656151249614028,0.06330742122746662,0.03220648067020679,0.004053449943784874,-0.012006718357229496,0.029934750901371435,-0.04164189735213155,-0.00854522124658543,-0.0027037229034179953,-0.02329132917351321,-0.04161686766802569,-0.05275369011937478,0.009414737380198247,0.0012434741862316992,-0.025323831669551353,-0.00559930169778322,5.7047776924860544e-05,0.057712983623907664,0.012606754610498235,-0.010181442333751841,0.046023043501667645,0.01646562287225567,0.013805986826560214,0.01827607905521496,-0.04516013416622137,0.0076211212278840005,0.004719394520042187,-0.02946277527559898,0.015370157498005476,0.0022181199516241503,0.005699500423811824,0.004204849180391012
2026-03-29,-0.2740701680970635,-0.013110461630225997,0.11441490184412699,-0.04717352934605968,0.013853980239634583,-0.03371735470338749,-0.0265935738679436,-0.05280922549865149,-0.07153089087787033,-0.008949542017975293,-0.022092003783957162,0.04441247197415862,-0.025930132624118103,-0.028126461704295204,-0.029114411187766163,0.013780058593922574,0.03629771109230834,0.027167736928252285,-0.0018746601520520845,0.028545846415359323,-0.011950419015308321,0.006589860829403108,-0.001126279313536456,0.01587811992457649,-0.02367163391952268,0.002872066282787375,0.012403407021033553,-0.011799762026942192,-0.015682433563661648,-0.04816660137539061,-0.009289595210497147,-0.0024578989045891215,-0.022306385719819757,-0.004385622565171808,-0.0015981123732922136,0.03078204821269953,0.0044001955412592865,-0.005979451773353116,0.027136211315818143,0.0020458612718527265,0.01161319173158718,0.014973591808658353,-0.022103590910540875,-0.0068604962890180775,-0.006270513047236981,-0.014689507601011873,0.006374678636237495,0.004124462426651513,0.004364861614634858,0.0007538047594772686
2026-03-30,-0.25175772891861126,-0.07477808122967565,0.028143780857633846,0.02289685058550151,-0.02648081420197146,-0.011655182680887595,-0.03359697212450458,-0.048454623339225456,-0.009641584007256919,0.019131423838079437,-0.02460319226864992,0.0037845102969926337,-0.01927008414378201,-0.0253498251479571,-0.024351292780974663,0.04928328412441317,0.0024036472238506182,0.03799679422577171,0.020508715991134754,-0.02909831720364293,-0.04552258698717097,0.017339563739201324,0.005171521989969206,-0.02565849588907617,-0.037828936363020906,0.0324592501825844,0.01816872623320364,-0.008068699394333296,-0.00955449295623307,-0.024487587784701153,-0.015183155536450593,0.0021090073951749388,-0.006573202765741466,-0.0020592512765742945,-0.005408082599169186,0.004599287281942724,-0.007804387118931566,-0.001995349924011045,0.018925952480273033,-0.006796332223511235,0.013627519647083053,0.017684350769838507,0.0009143068816922365,-0.0018189507612817553,-0.01064310308483054,-0.016745143522833128,0.006884151874189027,0.01555684961577486,0.014094802314595718,-0.006961527318105936
2026-03-31,-0.2684773841596873,-0.07675866343495324,0.0707643740071613,-0.018064840805779137,-0.009220478847547757,-0.02222242613235766,-0.04190788339750616,-0.049687700856998286,-0.04656698898796182,0.0007868786265597959,-0.028375739845373903,0.02865713736125145,-0.013294567719985126,-0.03992209030470422,-0.034367389694318004,0.04747025201425794,0.02880170634904882,0.046743302286304744,0.015434294357798032,-0.001369402074317352,-0.01835769693818897,0.016847728215077875,-0.00832252319652762,-0.013974145682293802,-0.057687313442703295,0.032611475607281684,0.020456278917095408,-0.014926476830328021,-0.03459382428156183,-0.03617846183630904,-0.007079736767646643,-0.0015784418456504794,0.0027510898876755454,-0.0004249340558166461,-0.009561048556173095,0.019195145436158346,0.00016329895843685043,-0.002885706255480656,0.033774963278517124,0.006743381480172616,0.026923538057717654,0.02995372385714543,-0.0022169351115536432,-0.006227377218308269,-0.002653240157044673,-0.015768429629011583,0.007238091484157652,0.013072942181783929,0.01099217999828665,-0.0016723934267355953
2026-04-01,-0.21259344674035363,-0.07960983272293072,-0.04228173959648744,0.050711565379517924,-0.03821154992982445,-0.007820846127038587,-0.01544755626647811,-0.011030652055324362,-0.007799264974822257,0.02036830557302356,-0.0055297447857688645,-0.004421326853075922,-0.001324790298680182,-0.016143811008790605,-0.014927691221037981,0.018072584331226705,0.0007101240680384117,0.008542866861521408,0.00106467484260306,-0.012285205338558475,-0.01161037797147988,0.017705340533517678,-0.004239789803402601,0.00156886911511224,-0.008912890401228645,0.013287457343415453,0.02887798252721278,-0.0041006469819665535,0.015381962202556889,-0.008446878107698194,-0.00903228543069294,0.010418996471651893,0.007360919241086905,-0.0037647965464462823,0.0007964831378586735,-0.013158754857906041,-0.01093494283374995,-0.0045527888812818005,0.008414532221357567,-0.0022054854630786077,0.016283725693254165,0.008413697286711333,0.0016165243115484602,-0.012240504175133818,-0.0019878852628701445,0.006443260777437304,-0.005525945709445374,0.010226311115420801,-0.003159808991598929,-0.008181897501386572
2026-04-02,-0.16497979283153139,-0.0836225690663794,-0.02122684499271678,0.0075433527229069345,-0.01672246970907946,-0.0007444583538087063,-0.0022339795645181988,0.0175345155200217,-0.021403704556349247,0.041732996786530696,0.0008937980581328188,-0.01979875481386478,0.01425819423465127,0.0031869505617823364,-0.0021154431168996127,-0.0029983831928720598,0.014504904210760578,-0.003488812269170625,0.0015564271925788307,-0.007962530841168217,0.008796177357126941,0.011454583930967011,-0.014058314148907429,0.014804574720969991,0.002633256743670533,0.016729616614826772,0.0019710329570183345,0.007711677000872164,0.02089330027053119,0.0022811335358350424,0.0014329453017651501,0.012097116420294405,-1.3082299877427389e-05,0.003302177002231992,-0.013409661140574436,-0.011554408381872439,0.008429231976265116,-0.004840520123051553,0.02196275191806083,-0.01721317162627403,0.014363432779963452,0.004868368087952005,0.005549469591452135,0.006682838000999842,0.014389939738476711,-0.006789827436050394,-0.004359695054002216,0.008258120195145246,-0.010239392954871076,-0.018681539961354323
2026-04-03,-0.16273145085152946,0.027575342625667697,0.23855089926922846,-0.22866928743832676,0.04034078358975924,0.0020037082210823953,-0.017565179958500033,0.06997712353770875,-0.13980133759427738,0.0230196436951004,0.08610171211377096,-0.03626254850859183,0.0826925631398066,-0.0445702534650692,-0.02290000694476786,0.04098506188554321,-0.004122552864000778,0.02294966051715698,-0.019540942181371847,-0.017275850389352063,0.06683918584129421,0.040713856983940075,0.011889785042876286,0.016709720890814864,-0.041563387323868516,-0.030192966639668653,0.04929823869760234,0.035883440817209504,-0.006379420224569215,-0.003871858150512313,-0.005652930242815166,-0.010668947178919768,-0.02145738887359582,0.017584112054319957,-0.028929496205325887,0.009191141372027664,-0.00728408396692671,0.030971106436494415,0.05053000876370306,-0.011132884087753495,5.973887732062562e-05,-0.019694957407807072,-0.0004478676937303093,0.013567103810997879,0.008724983861422965,-0.012754289767013174,0.014816567894402333,0.004420476422068416,-0.0013950890617119157,0.004038800701792143
2026-04-04,-0.1799651653102782,0.13226232285918943,0.1678081467546608,-0.09440933805474856,0.0954580374403352,-0.005889409766050932,0.03228564420217101,0.06901640099444989,-0.05255550658609188,0.003676392483078163,0.10512554198004494,-0.014375067873545628,0.0949073614822357,0.01311160610715669,-0.07401855044778903,0.00883189982887469,0.015110379348294284,-0.03142135447065249,-0.05020602798232961,-0.026409009812992962,0.00539352766886678,-0.014600877039206829,-0.028746065218913854,-0.07168056600693375,-0.05726887022588094,0.0039201348451902845,0.026852390933361645,-0.02113130712512751,0.006341937497888073,-0.036847984359557585,-0.011922179253964141,0.04281046849217871,-0.006562897534124383,-0.024003056968288725,-0.005832681322444957,0.04229649095858377,-0.005296360381944111,-0.008587182784085066,0.04039228393868025,-0.0006159842937937544,-0.009282152981595265,0.01784817790237678,-0.03160282969321597,-0.026629036298737304,0.03131374120952443,-0.006818763462509184,0.015487526715734076,0.02138708868091926,0.010569612252115895,-0.060883414532479425
2026-04-05,-0.22197774078607468,-0.09648460374834293,-0.05521312833164566,0.08510102298888982,-0.040403273217526216,0.02383687040468559,0.00920535881243508,0.006257027374867042,0.008648694381378358,0.022866409151382276,-0.010548484755631233,-0.011988400729186258,0.01679830628929232,0.005365438456767589,0.0018843350629587057,-0.003839000198941612,0.003952298892511043,0.0024538255501729855,-0.02252929016313322,0.002104647646428416,0.002364944584378846,-0.011245417986625676,-0.010464055689862504,-0.015523649746539499,0.012291601876280709,0.005783843264990887,0.019106055830749986,-0.02075715606128267,0.008628555633211544,-0.012506123038845098,-0.0012166388828831376,0.0013400284535061342,0.0044119329203561155,-0.017850020944743573,0.006404654900055195,-0.008250215288336672,0.014983896738710733,-0.006530983503939413,0.005999760421667893,-0.00551585860787866,0.0037649812809764935,0.006310513209834534,0.0006090510846555673,0.0051322877949023385,0.002491091039504933,0.006330737083513007,-0.006246496649255592,-0.0026601069248917988,0.005258615836036755,0.012397211034133727
2026-04-06,-0.20672336556192045,-0.06808556341233468,0.0075762783178850365,0.006350043884280266,-0.02904310450265922,0.009060088110114462,-0.0032610609903760018,0.037572986659745254,-0.00968402159613678,0.026967625784518726,0.034923546760220775,-0.006206429133814943,0.054115310456964036,0.0060996449796812445,-0.0013474425120635536,-0.012892701244461428,0.012640724596863405,-0.005990069049622743,-0.02833577373594963,-0.007154984786291266,0.02461410894023052,-0.0028202406724587774,-0.01869332678652705,0.015176219559563284,0.021815802269935305,-0.0196883141675923,0.009092016033347644,0.0012541599666057626,0.01310891843833994,-0.0008125394214604265,-0.011882644073367954,0.011530812987085762,-0.0017409828787714036,-0.0070675480900358875,0.013696197481311467,0.013360008672102722,0.011360633113893081,-0.013417718800501431,0.007709495607707317,0.007169172574728429,-0.01261337085108852,0.0024535193134763364,0.02039411428328977,0.020558431377368933,-0.007857097216019482,-0.012771955184249662,-0.00602735466117403,-0.004342423732056399,-0.01581657885295812,-0.010183178689323027
2026-04-07,-0.20217489349437265,-0.04204117114071951,-0.03397293882303685,0.05515659874221708,-0.0026829457244207907,0.005718191039345697,0.00541257490023217,0.02814323881946414,0.009725163666859748,-0.009464229776378105,0.03611845429535774,-0.03005977209853075,0.04565396089610019,0.0048649713823059665,-0.025332411242808276,-0.003345922095003138,-0.01245235849183484,-0.023932361681818098,0.0014323852666481463,0.006037196122841832,0.0038635099943186207,-0.009829025663492686,-0.003274112445055227,-0.0055056946343194765,-0.01758873020213974,-0.010114780222337213,-0.002939237559649023,-0.009220373449441294,0.009973933847779946,0.009393522267635592,0.005361771508116842,0.0002134273298487044,-0.009613785031161452,-0.0005297259818087069,0.0016431314376840703,-0.02026849836849087,-0.014925180362769897,-0.0008157077988356822,0.015161310652967016,-0.007167377373343162,0.0006570797761222567,-0.02165708931227206,-0.03385333720824896,0.017286826124014828,-0.006172520649425595,0.024893481993904776,-0.00046607572069905603,0.005493650938032849,0.006560176515967176,0.01226047145338929
2026-04-08,-0.23980364342956142,-0.11185872113277828,-0.031701583361593434,0.0360538913475395,-0.042060940221234626,0.015236706798420195,-0.008894788404169409,-0.008198830554145262,-0.021936805304710188,0.01913302808422327,0.020529179796708905,0.03214391319949874,0.031089646629126666,-0.011398349109590762,-0.0001375370604925029,-0.007924319827142244,0.03744123978002743,-0.009774523110454132,-0.03523910365839112,-0.03395712183403486,-0.011249214329917379,0.005990677640899473,-0.006779621896512565,0.007843414989264172,0.013346121665040485,0.02071948821507684,0.01893413981540632,0.028536712370640885,0.014741329778169424,-0.008897285036792405,-0.02538736939985187,0.015958767869098615,0.00403200422928664,-0.012041428482886269,-0.0031456579035111848,0.027570028968697428,-0.0026383289880812072,-0.03308819987521383,0.006668085728335144,0.013944828846256568,-0.030585959753249244,-0.00012959165903710836,0.03134255979709048,-0.019628698495403323,-0.009822950818105504,-0.030558652872160634,-0.0028677950923730764,0.001116362403092861,-0.0011173874962510755,-0.02712284199148943
